variant,exact_training,metric,mean,se,df,low,high,channels
baseline,False,sampled_regret,0.048135818209199356,0.004672159097415821,11.658919068229537,0.037922930036663235,0.05834870638173548,30
baseline,False,expected_regret,0.2113998913626288,0.005545527335616115,11.414423752033569,0.199248117883682,0.2235516648415756,30
baseline,False,expected_best_regret,0.04805992428900036,0.004514354092429247,11.846680213242594,0.03820985472961713,0.05790999384838359,30
baseline,False,success_probability,0.1262110165435201,0.015195465096892428,14.643750970298374,0.09375388734252718,0.15866814574451302,30
baseline,False,optimal,0.14166666666666666,0.019344983718311278,12.77962648556876,0.09980099338299549,0.18353233995033785,30
baseline,False,effective_support,35.44754961208426,1.0924419337887759,16.41609637958912,33.13643773670479,37.758661487463726,30
baseline,False,selection_noise_penalty,0.028655716833139135,0.0020281536890848586,16.1822666159959,0.024360155494800247,0.03295127817147802,30
baseline,False,total_shots,3017.955555555556,16.31105055998449,21.22789452604392,2984.05702891657,3051.8540821945426,30
baseline,False,gain_regret,0.26574431292781736,0.021308986157435223,11.246714188931259,0.2189687706785175,0.3125198551771172,30
dicke,False,sampled_regret,0.006176789919732393,0.0007178397536809449,12.764896499824033,0.004623082934775826,0.00773049690468896,30
dicke,False,expected_regret,0.23196915069213578,0.004640686590919131,10.478614216960093,0.22169271833845133,0.24224558304582022,30
dicke,False,expected_best_regret,0.0059730770845579755,0.0005203319731330701,13.52480571230003,0.004853386149682781,0.00709276801943317,30
dicke,False,success_probability,0.5605738539601043,0.010620475245686309,22.283608547625025,0.538564578017346,0.5825831299028625,30
dicke,False,optimal,0.5527777777777777,0.020786985482077452,18.447058823529417,0.5091816820958265,0.5963738734597289,30
dicke,False,effective_support,296.3362581772924,1.9474245399751242,17.28849533015555,292.23276817669864,300.43974817788614,30
dicke,False,selection_noise_penalty,0.04306063154761557,0.002906206589406895,10.40530706185182,0.036619226953400946,0.0495020361418302,30
dicke,False,total_shots,2997.6888888888893,15.823220942262479,16.13077429823467,2964.1672469705154,3031.2105308072632,30
dicke,False,gain_regret,0.03471881243918443,0.003266966920039399,16.141306712182427,0.027798076224929982,0.04163954865343887,30
