id,family,variant,exact_training,sampled_regret,expected_regret,expected_best_regret,success_probability,optimal,effective_support,selection_noise_penalty,total_shots,gain_regret
fresh_amplitude_damping_00,amplitude_damping,baseline,False,0.028221040882007373,0.18615767333240105,0.03215614614313956,0.0891558704022567,0.08333333333333333,27.206628071312704,0.039033389098103215,3125.3333333333335,0.3001519605595244
fresh_amplitude_damping_00,amplitude_damping,dicke,False,0.0018246147048528744,0.22194221279069262,0.0025110209084687235,0.5606454155729427,0.5833333333333334,290.3467905564847,0.0518594044983244,2944.0,0.05708414189994985
fresh_amplitude_damping_01,amplitude_damping,baseline,False,0.02224936391267927,0.1868222213908152,0.02326623312205545,0.08690850312491338,0.08333333333333333,32.313022604690744,0.02012685248298468,2922.6666666666665,0.18782702485394287
fresh_amplitude_damping_01,amplitude_damping,dicke,False,0.005392439238171579,0.21471028352853397,0.003640521317150669,0.5999267047415364,0.4166666666666667,280.91002270423195,0.05650980933061118,2976.0,0.042186022692877335
fresh_amplitude_damping_02,amplitude_damping,baseline,False,0.03514977641230995,0.20999443446135502,0.032385157276988936,0.03170824905789005,0.0,49.428310436833065,0.05050029168616051,3072.0,0.2502942007103637
fresh_amplitude_damping_02,amplitude_damping,dicke,False,0.0024148670503120096,0.22653146381638692,0.002405298386658916,0.5714853699318568,0.3333333333333333,306.57823237672875,0.02390232016485905,2880.0,0.01627463950597141
fresh_amplitude_damping_03,amplitude_damping,baseline,False,0.04425508111830637,0.22368049739368298,0.04562948763316076,0.051656888740744845,0.08333333333333333,38.22230440585734,0.048110622389845335,2965.3333333333335,0.3191626204826284
fresh_amplitude_damping_03,amplitude_damping,dicke,False,0.001965188624602709,0.18073663976663848,0.0010445547787602048,0.5930979439295582,0.3333333333333333,278.32015896114757,0.05578758423897734,3114.6666666666665,0.015916885806449937
fresh_amplitude_damping_04,amplitude_damping,baseline,False,0.013728301367801746,0.17524787611519801,0.012548939238266762,0.3221387290612734,0.25,32.46997817616097,0.04089977891126737,2880.0,0.11687354974266843
fresh_amplitude_damping_04,amplitude_damping,dicke,False,0.004510706312816895,0.21643849548286023,0.004232429346622553,0.4481333568699377,0.5,272.00469557353307,0.03415356343059534,3072.0,0.03345328431042782
fresh_coherent_rotation_00,coherent_rotation,baseline,False,0.04452107781274097,0.21907778925316676,0.04415229758028669,0.12385790086525279,0.16666666666666666,40.35181000879273,0.020803167083602282,2944.0,0.28477762682099134
fresh_coherent_rotation_00,coherent_rotation,dicke,False,0.0036730122889508444,0.2263900772067138,0.0032894470359447537,0.7041785649747494,0.6666666666666666,291.8260899282739,0.023289363972793384,3040.0,0.017121479505629072
fresh_coherent_rotation_01,coherent_rotation,baseline,False,0.0373806767481984,0.2246495745883731,0.04157943414858708,0.23911259726995818,0.3333333333333333,30.162907595625168,0.013595765078902982,3018.6666666666665,0.18874519022300337
fresh_coherent_rotation_01,coherent_rotation,dicke,False,0.008631791354008997,0.2961862274624382,0.011714953637303778,0.5724203735481724,0.6666666666666666,297.124116615124,0.04708807467401974,2922.6666666666665,0.042816571015444595
fresh_coherent_rotation_02,coherent_rotation,baseline,False,0.11309731002998014,0.3209390401004555,0.10670286141287,0.08091344111134276,0.08333333333333333,32.13406680596616,0.008675522585207207,2944.0,0.4912589545703138
fresh_coherent_rotation_02,coherent_rotation,dicke,False,0.01794351599640369,0.32881910325255265,0.010238587698589709,0.537838556727984,0.5,300.08397966384626,0.039978125383210106,2965.3333333333335,0.0757067610502536
fresh_coherent_rotation_03,coherent_rotation,baseline,False,0.06232926504550621,0.25085571424718506,0.06265069125365831,0.18429041944730992,0.16666666666666666,33.248916150943984,0.016557339845091213,3093.3333333333335,0.35591287960295154
fresh_coherent_rotation_03,coherent_rotation,dicke,False,0.01022197475667201,0.280494425496904,0.011729350310991274,0.5466047096136667,0.6666666666666666,277.6099141554388,0.03436502823985763,3008.0,0.06265889070296564
fresh_coherent_rotation_04,coherent_rotation,baseline,False,0.12019036129250749,0.33726544364798955,0.11163061065521528,0.2125406552447899,0.16666666666666666,33.754854922703416,0.013523610964479774,2869.3333333333335,0.49861488968520007
fresh_coherent_rotation_04,coherent_rotation,dicke,False,0.016893752424264403,0.34888506819682635,0.014497523079833144,0.6479875822821671,0.4166666666666667,278.7169379326254,0.02903019728015595,2933.3333333333335,0.07327583969091463
fresh_dephasing_00,dephasing,baseline,False,0.023947063236926247,0.1379015315340823,0.023662170075989756,0.007195293930472857,0.0,31.012480536019023,0.023825912027269653,2944.0,0.18426203241660413
fresh_dephasing_00,dephasing,dicke,False,0.002494636935316961,0.16636343605630702,0.002282670869370676,0.6459092372031147,0.6666666666666666,298.6464522918437,0.06993641550351422,3018.6666666666665,0.020664657886430387
fresh_dephasing_01,dephasing,baseline,False,0.01632392801891168,0.1990902904672178,0.01978207979549951,0.006651845885335572,0.0,34.267729010879684,0.04412796348722281,3061.3333333333335,0.14012893109288083
fresh_dephasing_01,dephasing,dicke,False,0.000814302561883534,0.21130859730282403,0.0012190904698454335,0.5515214605194078,0.75,289.97531552052595,0.10995620406090971,2986.6666666666665,0.009198216609914786
fresh_dephasing_02,dephasing,baseline,False,0.02123895938034609,0.17090525531102727,0.021508878867318587,0.1851982269185707,0.25,31.778312046784965,0.04031540584204776,3200.0,0.17004776355288417
fresh_dephasing_02,dephasing,dicke,False,0.0018356709737815246,0.1752298288514774,0.0020115595124286694,0.533792045340524,0.5833333333333334,302.47972260510056,0.06381012609899855,3136.0,0.014635256713618242
fresh_dephasing_03,dephasing,baseline,False,0.03998804159453592,0.16680015271886509,0.04054600887733196,0.007166395160011348,0.08333333333333333,36.49803076172004,0.03973000810494801,2954.6666666666665,0.23497729549534382
fresh_dephasing_03,dephasing,dicke,False,0.0018932972154157082,0.1743993496424726,0.0031640255576432237,0.537130270956436,0.75,292.3178650191624,0.028282109813374756,3040.0,0.012315756387756505
fresh_dephasing_04,dephasing,baseline,False,0.02218546276634727,0.18886538684770218,0.0207509354525005,0.07582164561528108,0.0,40.616695450924574,0.05896024367695648,3072.0,0.1586923740282269
fresh_dephasing_04,dephasing,dicke,False,0.0002989556510012348,0.18794127133705765,0.0010504637140491006,0.6136889683749719,0.8333333333333334,300.45824519782997,0.08430762918418888,3104.0,0.003663147264723795
fresh_depolarizing_00,depolarizing,baseline,False,0.03557984860747975,0.2040932360228369,0.03571316178660523,0.11279016768463378,0.16666666666666666,34.01098720432561,0.023811000833804895,2965.3333333333335,0.20849435432018995
fresh_depolarizing_00,depolarizing,dicke,False,0.004239553568096319,0.2099259876733548,0.004924123902243542,0.5378161342675073,0.5833333333333334,304.1242021633175,0.03665542450118484,2901.3333333333335,0.026414627524077233
fresh_depolarizing_01,depolarizing,baseline,False,0.05350927824413892,0.17513082166146451,0.05144455943812093,0.1449867916023954,0.16666666666666666,32.48537057819434,0.022902167512000176,2976.0,0.2923138067552113
fresh_depolarizing_01,depolarizing,dicke,False,0.0036917889203562614,0.19711691081992597,0.00353406270023279,0.6176809172984266,0.5833333333333334,304.91178348721866,0.02665070273315351,2944.0,0.01774137874901327
fresh_depolarizing_02,depolarizing,baseline,False,0.04967342296420457,0.1924127756999615,0.04997037514105276,0.13201346282017337,0.16666666666666666,35.281086354445115,0.02891343148554994,2933.3333333333335,0.2901470209778025
fresh_depolarizing_02,depolarizing,dicke,False,0.0030294157794618433,0.2064849741895838,0.004763894887966411,0.503522274091856,0.5,285.88341933293196,0.03701085810453945,2922.6666666666665,0.016420981267336005
fresh_depolarizing_03,depolarizing,baseline,False,0.03260452869886091,0.2000485018306771,0.031997673478754936,0.12635051896050942,0.16666666666666666,40.48784243974609,0.028800396419646157,2890.6666666666665,0.19020025312912003
fresh_depolarizing_03,depolarizing,dicke,False,0.003178933441400513,0.20610582333328928,0.0028655993692856645,0.6489797301328454,0.5,275.3851719063223,0.046984941581269736,3082.6666666666665,0.017693522394174988
fresh_depolarizing_04,depolarizing,baseline,False,0.031136819408948423,0.19599242803871628,0.03132434184187474,0.1530482619971909,0.16666666666666666,39.10888862438811,0.01935753327086574,3072.0,0.13985568070838492
fresh_depolarizing_04,depolarizing,dicke,False,0.004437701809666202,0.19986981739913456,0.005382307022005254,0.5651636102713241,0.5,284.71803954735054,0.05333948929093172,3210.6666666666665,0.02049647265132437
fresh_driven_dissipation_00,driven_dissipation,baseline,False,0.07229718725904029,0.22259759073011068,0.06598914317448422,0.01829938289219855,0.0,31.8965959557805,0.015355449292507872,3082.6666666666665,0.3073950363821792
fresh_driven_dissipation_00,driven_dissipation,dicke,False,0.0049283147952739635,0.2536025673345283,0.008440576536745332,0.5106143782340717,0.5833333333333334,305.95159826170993,0.033667623901853995,2890.6666666666665,0.027755570910396044
fresh_driven_dissipation_01,driven_dissipation,baseline,False,0.057371458083937295,0.2427192704914415,0.05697346060031024,0.15499155890186866,0.16666666666666666,31.213060491415643,0.025694317909049857,3008.0,0.22729462695933433
fresh_driven_dissipation_01,driven_dissipation,dicke,False,0.00704779724399578,0.2568373107489577,0.005867900762613812,0.551451233352684,0.4166666666666667,299.8858616378395,0.04513732528663147,3018.6666666666665,0.02942498321767495
fresh_driven_dissipation_02,driven_dissipation,baseline,False,0.13148445461531624,0.2527757331252829,0.13369976600847153,0.0,0.0,31.638460454490716,0.021500379560179955,3072.0,0.6699269209042412
fresh_driven_dissipation_02,driven_dissipation,dicke,False,0.014827009049740441,0.2614929472414846,0.014194753323357784,0.5094202655066714,0.5833333333333334,308.92896134479093,0.027173932287005487,2922.6666666666665,0.0708868680703602
fresh_driven_dissipation_03,driven_dissipation,baseline,False,0.026673215825084532,0.20235443181508217,0.030192524909693125,0.27469619412234875,0.4166666666666667,38.606294829570444,0.040916086313508515,2922.6666666666665,0.1293999965713001
fresh_driven_dissipation_03,driven_dissipation,dicke,False,0.00421326326051056,0.23255558406742907,0.008796194632802857,0.6067916676609032,0.75,302.68259988959994,0.027525787689939518,2965.3333333333335,0.02210538354473653
fresh_driven_dissipation_04,driven_dissipation,baseline,False,0.10600943909407484,0.2788288952906433,0.10855578505217957,0.0015812166752804762,0.0,45.23585235009358,0.010296540801853974,3018.6666666666665,0.4405745676574833
fresh_driven_dissipation_04,driven_dissipation,dicke,False,0.014133389205345398,0.284004695668502,0.01464269190444694,0.48397881934700115,0.5,305.2050656136675,0.0221144961720204,2997.3333333333335,0.05975607458667764
fresh_thermal_relaxation_00,thermal_relaxation,baseline,False,0.03705398950375413,0.1891986217236834,0.040135640932585946,0.11346907051300371,0.25,28.324382336153622,0.024298523309483688,3114.6666666666665,0.26852035436155947
fresh_thermal_relaxation_00,thermal_relaxation,dicke,False,0.00741184161412662,0.223832288145282,0.004310588509462864,0.5458728856479916,0.5,329.75553068772086,0.032715314854433665,3040.0,0.06220055280017885
fresh_thermal_relaxation_01,thermal_relaxation,baseline,False,0.027822570126128255,0.17695275307552438,0.028741405084211597,0.21172858447994872,0.25,40.057425956432574,0.027772677874030104,3242.6666666666665,0.16781752961080096
fresh_thermal_relaxation_01,thermal_relaxation,dicke,False,0.006748988543975009,0.2247837825548362,0.004868303034155851,0.4898871800470766,0.4166666666666667,307.22824663855425,0.05390195083368635,3061.3333333333335,0.04286141954400713
fresh_thermal_relaxation_02,thermal_relaxation,baseline,False,0.03378572156859556,0.17877703153659075,0.03136886217934615,0.1808959319790312,0.08333333333333333,30.27137790563786,0.027562861826128632,3040.0,0.20098589074270676
fresh_thermal_relaxation_02,thermal_relaxation,dicke,False,0.0027132135121246104,0.24209475116842538,0.003480436984747962,0.6029211068019099,0.75,315.5765383445237,0.03629863810128025,3072.0,0.016132208285284683
fresh_thermal_relaxation_03,thermal_relaxation,baseline,False,0.07659786635414735,0.23632576776559924,0.07961707528561195,0.22246069713581917,0.25,33.51345080028327,0.009240406242212154,2976.0,0.3753511834227623
fresh_thermal_relaxation_03,thermal_relaxation,dicke,False,0.01692205602822969,0.28156790854724206,0.012393786426130279,0.5194703218922301,0.4166666666666667,292.27975393850755,0.020862353597330296,2880.0,0.07317291721149617
fresh_thermal_relaxation_04,thermal_relaxation,baseline,False,0.027669036303164373,0.19553600066173202,0.027122022223838804,0.23470199470579778,0.25,47.82936509635589,0.05446385907926309,3157.3333333333335,0.18232487149391793
fresh_thermal_relaxation_04,thermal_relaxation,dicke,False,0.0069717047312136135,0.2224226916814114,0.0056955959168810905,0.45928453366360394,0.3333333333333333,310.1724334228198,0.039524151618816304,2880.0,0.04152986137546703
