id,family,round,rep,seed,reachable_batches,optimum_reachable,forbidden_mass
fresh_amplitude_damping_00,amplitude_damping,1,0,8401,154,False,0.0
fresh_amplitude_damping_00,amplitude_damping,1,0,8419,353,True,0.0
fresh_amplitude_damping_00,amplitude_damping,1,0,8433,224,False,0.0
fresh_amplitude_damping_00,amplitude_damping,2,0,8401,249,False,0.0
fresh_amplitude_damping_00,amplitude_damping,2,0,8419,292,True,0.0
fresh_amplitude_damping_00,amplitude_damping,2,0,8433,115,True,0.0
fresh_amplitude_damping_00,amplitude_damping,1,1,8401,292,True,0.0
fresh_amplitude_damping_00,amplitude_damping,1,1,8419,224,False,0.0
fresh_amplitude_damping_00,amplitude_damping,1,1,8433,75,False,0.0
fresh_amplitude_damping_00,amplitude_damping,2,1,8401,317,False,0.0
fresh_amplitude_damping_00,amplitude_damping,2,1,8419,154,True,0.0
fresh_amplitude_damping_00,amplitude_damping,2,1,8433,249,True,0.0
fresh_amplitude_damping_01,amplitude_damping,1,0,8401,140,False,0.0
fresh_amplitude_damping_01,amplitude_damping,1,0,8419,224,False,0.0
fresh_amplitude_damping_01,amplitude_damping,1,0,8433,259,False,0.0
fresh_amplitude_damping_01,amplitude_damping,2,0,8401,298,True,0.0
fresh_amplitude_damping_01,amplitude_damping,2,0,8419,259,True,0.0
fresh_amplitude_damping_01,amplitude_damping,2,0,8433,224,True,0.0
fresh_amplitude_damping_01,amplitude_damping,1,1,8401,307,False,0.0
fresh_amplitude_damping_01,amplitude_damping,1,1,8419,362,True,0.0
fresh_amplitude_damping_01,amplitude_damping,1,1,8433,249,False,0.0
fresh_amplitude_damping_01,amplitude_damping,2,1,8401,272,False,0.0
fresh_amplitude_damping_01,amplitude_damping,2,1,8419,154,True,0.0
fresh_amplitude_damping_01,amplitude_damping,2,1,8433,328,False,0.0
fresh_amplitude_damping_02,amplitude_damping,1,0,8401,294,True,0.0
fresh_amplitude_damping_02,amplitude_damping,1,0,8419,258,False,0.0
fresh_amplitude_damping_02,amplitude_damping,1,0,8433,292,False,0.0
fresh_amplitude_damping_02,amplitude_damping,2,0,8401,294,False,0.0
fresh_amplitude_damping_02,amplitude_damping,2,0,8419,224,False,0.0
fresh_amplitude_damping_02,amplitude_damping,2,0,8433,326,True,0.0
fresh_amplitude_damping_02,amplitude_damping,1,1,8401,292,False,0.0
fresh_amplitude_damping_02,amplitude_damping,1,1,8419,326,True,0.0
fresh_amplitude_damping_02,amplitude_damping,1,1,8433,154,False,0.0
fresh_amplitude_damping_02,amplitude_damping,2,1,8401,224,False,0.0
fresh_amplitude_damping_02,amplitude_damping,2,1,8419,353,True,0.0
fresh_amplitude_damping_02,amplitude_damping,2,1,8433,273,False,0.0
fresh_amplitude_damping_03,amplitude_damping,1,0,8401,154,False,0.0
fresh_amplitude_damping_03,amplitude_damping,1,0,8419,317,False,0.0
fresh_amplitude_damping_03,amplitude_damping,1,0,8433,224,False,0.0
fresh_amplitude_damping_03,amplitude_damping,2,0,8401,353,True,0.0
fresh_amplitude_damping_03,amplitude_damping,2,0,8419,249,False,0.0
fresh_amplitude_damping_03,amplitude_damping,2,0,8433,319,False,0.0
fresh_amplitude_damping_03,amplitude_damping,1,1,8401,154,True,0.0
fresh_amplitude_damping_03,amplitude_damping,1,1,8419,224,False,0.0
fresh_amplitude_damping_03,amplitude_damping,1,1,8433,344,False,0.0
fresh_amplitude_damping_03,amplitude_damping,2,1,8401,317,True,0.0
fresh_amplitude_damping_03,amplitude_damping,2,1,8419,154,False,0.0
fresh_amplitude_damping_03,amplitude_damping,2,1,8433,75,False,0.0
fresh_amplitude_damping_04,amplitude_damping,1,0,8401,273,False,0.0
fresh_amplitude_damping_04,amplitude_damping,1,0,8419,75,True,0.0
fresh_amplitude_damping_04,amplitude_damping,1,0,8433,307,False,0.0
fresh_amplitude_damping_04,amplitude_damping,2,0,8401,273,True,0.0
fresh_amplitude_damping_04,amplitude_damping,2,0,8419,154,True,0.0
fresh_amplitude_damping_04,amplitude_damping,2,0,8433,362,True,0.0
fresh_amplitude_damping_04,amplitude_damping,1,1,8401,258,True,0.0
fresh_amplitude_damping_04,amplitude_damping,1,1,8419,362,True,0.0
fresh_amplitude_damping_04,amplitude_damping,1,1,8433,353,True,0.0
fresh_amplitude_damping_04,amplitude_damping,2,1,8401,249,True,0.0
fresh_amplitude_damping_04,amplitude_damping,2,1,8419,249,False,0.0
fresh_amplitude_damping_04,amplitude_damping,2,1,8433,224,False,0.0
fresh_coherent_rotation_00,coherent_rotation,1,0,8401,326,True,0.0
fresh_coherent_rotation_00,coherent_rotation,1,0,8419,317,True,0.0
fresh_coherent_rotation_00,coherent_rotation,1,0,8433,115,False,0.0
fresh_coherent_rotation_00,coherent_rotation,2,0,8401,273,False,0.0
fresh_coherent_rotation_00,coherent_rotation,2,0,8419,259,False,0.0
fresh_coherent_rotation_00,coherent_rotation,2,0,8433,258,False,0.0
fresh_coherent_rotation_00,coherent_rotation,1,1,8401,344,True,0.0
fresh_coherent_rotation_00,coherent_rotation,1,1,8419,154,True,0.0
fresh_coherent_rotation_00,coherent_rotation,1,1,8433,292,False,0.0
fresh_coherent_rotation_00,coherent_rotation,2,1,8401,326,False,0.0
fresh_coherent_rotation_00,coherent_rotation,2,1,8419,224,True,0.0
fresh_coherent_rotation_00,coherent_rotation,2,1,8433,328,True,0.0
fresh_coherent_rotation_01,coherent_rotation,1,0,8401,155,True,0.0
fresh_coherent_rotation_01,coherent_rotation,1,0,8419,249,True,0.0
fresh_coherent_rotation_01,coherent_rotation,1,0,8433,317,True,0.0
fresh_coherent_rotation_01,coherent_rotation,2,0,8401,224,True,0.0
fresh_coherent_rotation_01,coherent_rotation,2,0,8419,362,True,0.0
fresh_coherent_rotation_01,coherent_rotation,2,0,8433,319,False,0.0
fresh_coherent_rotation_01,coherent_rotation,1,1,8401,259,False,0.0
fresh_coherent_rotation_01,coherent_rotation,1,1,8419,115,True,0.0
fresh_coherent_rotation_01,coherent_rotation,1,1,8433,307,True,0.0
fresh_coherent_rotation_01,coherent_rotation,2,1,8401,317,True,0.0
fresh_coherent_rotation_01,coherent_rotation,2,1,8419,249,True,0.0
fresh_coherent_rotation_01,coherent_rotation,2,1,8433,328,False,0.0
fresh_coherent_rotation_02,coherent_rotation,1,0,8401,294,False,0.0
fresh_coherent_rotation_02,coherent_rotation,1,0,8419,307,True,0.0
fresh_coherent_rotation_02,coherent_rotation,1,0,8433,224,False,0.0
fresh_coherent_rotation_02,coherent_rotation,2,0,8401,273,False,0.0
fresh_coherent_rotation_02,coherent_rotation,2,0,8419,353,False,0.0
fresh_coherent_rotation_02,coherent_rotation,2,0,8433,326,False,0.0
fresh_coherent_rotation_02,coherent_rotation,1,1,8401,154,False,0.0
fresh_coherent_rotation_02,coherent_rotation,1,1,8419,224,False,0.0
fresh_coherent_rotation_02,coherent_rotation,1,1,8433,317,False,0.0
fresh_coherent_rotation_02,coherent_rotation,2,1,8401,224,True,0.0
fresh_coherent_rotation_02,coherent_rotation,2,1,8419,75,False,0.0
fresh_coherent_rotation_02,coherent_rotation,2,1,8433,140,False,0.0
fresh_coherent_rotation_03,coherent_rotation,1,0,8401,224,False,0.0
fresh_coherent_rotation_03,coherent_rotation,1,0,8419,273,False,0.0
fresh_coherent_rotation_03,coherent_rotation,1,0,8433,326,True,0.0
fresh_coherent_rotation_03,coherent_rotation,2,0,8401,273,False,0.0
fresh_coherent_rotation_03,coherent_rotation,2,0,8419,362,False,0.0
fresh_coherent_rotation_03,coherent_rotation,2,0,8433,258,False,0.0
fresh_coherent_rotation_03,coherent_rotation,1,1,8401,154,True,0.0
fresh_coherent_rotation_03,coherent_rotation,1,1,8419,224,True,0.0
fresh_coherent_rotation_03,coherent_rotation,1,1,8433,224,True,0.0
fresh_coherent_rotation_03,coherent_rotation,2,1,8401,272,False,0.0
fresh_coherent_rotation_03,coherent_rotation,2,1,8419,154,False,0.0
fresh_coherent_rotation_03,coherent_rotation,2,1,8433,353,True,0.0
fresh_coherent_rotation_04,coherent_rotation,1,0,8401,353,True,0.0
fresh_coherent_rotation_04,coherent_rotation,1,0,8419,307,True,0.0
fresh_coherent_rotation_04,coherent_rotation,1,0,8433,326,False,0.0
fresh_coherent_rotation_04,coherent_rotation,2,0,8401,224,True,0.0
fresh_coherent_rotation_04,coherent_rotation,2,0,8419,224,True,0.0
fresh_coherent_rotation_04,coherent_rotation,2,0,8433,258,False,0.0
fresh_coherent_rotation_04,coherent_rotation,1,1,8401,353,True,0.0
fresh_coherent_rotation_04,coherent_rotation,1,1,8419,298,False,0.0
fresh_coherent_rotation_04,coherent_rotation,1,1,8433,154,False,0.0
fresh_coherent_rotation_04,coherent_rotation,2,1,8401,258,False,0.0
fresh_coherent_rotation_04,coherent_rotation,2,1,8419,154,True,0.0
fresh_coherent_rotation_04,coherent_rotation,2,1,8433,165,False,0.0
fresh_dephasing_00,dephasing,1,0,8401,224,False,0.0
fresh_dephasing_00,dephasing,1,0,8419,224,False,0.0
fresh_dephasing_00,dephasing,1,0,8433,292,False,0.0
fresh_dephasing_00,dephasing,2,0,8401,307,False,0.0
fresh_dephasing_00,dephasing,2,0,8419,319,False,0.0
fresh_dephasing_00,dephasing,2,0,8433,307,False,0.0
fresh_dephasing_00,dephasing,1,1,8401,298,True,0.0
fresh_dephasing_00,dephasing,1,1,8419,298,True,0.0
fresh_dephasing_00,dephasing,1,1,8433,258,True,0.0
fresh_dephasing_00,dephasing,2,1,8401,258,False,0.0
fresh_dephasing_00,dephasing,2,1,8419,224,False,0.0
fresh_dephasing_00,dephasing,2,1,8433,292,False,0.0
fresh_dephasing_01,dephasing,1,0,8401,273,True,0.0
fresh_dephasing_01,dephasing,1,0,8419,307,True,0.0
fresh_dephasing_01,dephasing,1,0,8433,75,True,0.0
fresh_dephasing_01,dephasing,2,0,8401,115,False,0.0
fresh_dephasing_01,dephasing,2,0,8419,258,False,0.0
fresh_dephasing_01,dephasing,2,0,8433,272,False,0.0
fresh_dephasing_01,dephasing,1,1,8401,75,False,0.0
fresh_dephasing_01,dephasing,1,1,8419,319,True,0.0
fresh_dephasing_01,dephasing,1,1,8433,307,False,0.0
fresh_dephasing_01,dephasing,2,1,8401,307,True,0.0
fresh_dephasing_01,dephasing,2,1,8419,224,False,0.0
fresh_dephasing_01,dephasing,2,1,8433,317,True,0.0
fresh_dephasing_02,dephasing,1,0,8401,273,True,0.0
fresh_dephasing_02,dephasing,1,0,8419,273,True,0.0
fresh_dephasing_02,dephasing,1,0,8433,154,True,0.0
fresh_dephasing_02,dephasing,2,0,8401,249,False,0.0
fresh_dephasing_02,dephasing,2,0,8419,224,False,0.0
fresh_dephasing_02,dephasing,2,0,8433,259,False,0.0
fresh_dephasing_02,dephasing,1,1,8401,326,True,0.0
fresh_dephasing_02,dephasing,1,1,8419,272,False,0.0
fresh_dephasing_02,dephasing,1,1,8433,258,True,0.0
fresh_dephasing_02,dephasing,2,1,8401,174,True,0.0
fresh_dephasing_02,dephasing,2,1,8419,307,True,0.0
fresh_dephasing_02,dephasing,2,1,8433,273,False,0.0
fresh_dephasing_03,dephasing,1,0,8401,307,False,0.0
fresh_dephasing_03,dephasing,1,0,8419,328,False,0.0
fresh_dephasing_03,dephasing,1,0,8433,224,False,0.0
fresh_dephasing_03,dephasing,2,0,8401,307,False,0.0
fresh_dephasing_03,dephasing,2,0,8419,224,False,0.0
fresh_dephasing_03,dephasing,2,0,8433,140,False,0.0
fresh_dephasing_03,dephasing,1,1,8401,249,False,0.0
fresh_dephasing_03,dephasing,1,1,8419,258,False,0.0
fresh_dephasing_03,dephasing,1,1,8433,258,False,0.0
fresh_dephasing_03,dephasing,2,1,8401,319,True,0.0
fresh_dephasing_03,dephasing,2,1,8419,115,False,0.0
fresh_dephasing_03,dephasing,2,1,8433,258,True,0.0
fresh_dephasing_04,dephasing,1,0,8401,307,True,0.0
fresh_dephasing_04,dephasing,1,0,8419,154,False,0.0
fresh_dephasing_04,dephasing,1,0,8433,326,True,0.0
fresh_dephasing_04,dephasing,2,0,8401,273,True,0.0
fresh_dephasing_04,dephasing,2,0,8419,272,True,0.0
fresh_dephasing_04,dephasing,2,0,8433,224,False,0.0
fresh_dephasing_04,dephasing,1,1,8401,273,False,0.0
fresh_dephasing_04,dephasing,1,1,8419,326,False,0.0
fresh_dephasing_04,dephasing,1,1,8433,249,False,0.0
fresh_dephasing_04,dephasing,2,1,8401,272,False,0.0
fresh_dephasing_04,dephasing,2,1,8419,328,True,0.0
fresh_dephasing_04,dephasing,2,1,8433,272,False,0.0
fresh_depolarizing_00,depolarizing,1,0,8401,344,False,0.0
fresh_depolarizing_00,depolarizing,1,0,8419,224,True,0.0
fresh_depolarizing_00,depolarizing,1,0,8433,326,False,0.0
fresh_depolarizing_00,depolarizing,2,0,8401,154,False,0.0
fresh_depolarizing_00,depolarizing,2,0,8419,326,True,0.0
fresh_depolarizing_00,depolarizing,2,0,8433,298,True,0.0
fresh_depolarizing_00,depolarizing,1,1,8401,259,False,0.0
fresh_depolarizing_00,depolarizing,1,1,8419,154,False,0.0
fresh_depolarizing_00,depolarizing,1,1,8433,258,True,0.0
fresh_depolarizing_00,depolarizing,2,1,8401,326,False,0.0
fresh_depolarizing_00,depolarizing,2,1,8419,298,True,0.0
fresh_depolarizing_00,depolarizing,2,1,8433,154,False,0.0
fresh_depolarizing_01,depolarizing,1,0,8401,154,False,0.0
fresh_depolarizing_01,depolarizing,1,0,8419,273,False,0.0
fresh_depolarizing_01,depolarizing,1,0,8433,224,False,0.0
fresh_depolarizing_01,depolarizing,2,0,8401,259,False,0.0
fresh_depolarizing_01,depolarizing,2,0,8419,344,True,0.0
fresh_depolarizing_01,depolarizing,2,0,8433,273,True,0.0
fresh_depolarizing_01,depolarizing,1,1,8401,298,False,0.0
fresh_depolarizing_01,depolarizing,1,1,8419,328,False,0.0
fresh_depolarizing_01,depolarizing,1,1,8433,155,False,0.0
fresh_depolarizing_01,depolarizing,2,1,8401,353,True,0.0
fresh_depolarizing_01,depolarizing,2,1,8419,249,True,0.0
fresh_depolarizing_01,depolarizing,2,1,8433,298,True,0.0
fresh_depolarizing_02,depolarizing,1,0,8401,154,True,0.0
fresh_depolarizing_02,depolarizing,1,0,8419,362,False,0.0
fresh_depolarizing_02,depolarizing,1,0,8433,258,False,0.0
fresh_depolarizing_02,depolarizing,2,0,8401,224,False,0.0
fresh_depolarizing_02,depolarizing,2,0,8419,224,False,0.0
fresh_depolarizing_02,depolarizing,2,0,8433,294,False,0.0
fresh_depolarizing_02,depolarizing,1,1,8401,298,False,0.0
fresh_depolarizing_02,depolarizing,1,1,8419,154,False,0.0
fresh_depolarizing_02,depolarizing,1,1,8433,258,False,0.0
fresh_depolarizing_02,depolarizing,2,1,8401,307,False,0.0
fresh_depolarizing_02,depolarizing,2,1,8419,273,True,0.0
fresh_depolarizing_02,depolarizing,2,1,8433,353,False,0.0
fresh_depolarizing_03,depolarizing,1,0,8401,224,False,0.0
fresh_depolarizing_03,depolarizing,1,0,8419,273,False,0.0
fresh_depolarizing_03,depolarizing,1,0,8433,258,False,0.0
fresh_depolarizing_03,depolarizing,2,0,8401,224,False,0.0
fresh_depolarizing_03,depolarizing,2,0,8419,307,False,0.0
fresh_depolarizing_03,depolarizing,2,0,8433,362,True,0.0
fresh_depolarizing_03,depolarizing,1,1,8401,273,True,0.0
fresh_depolarizing_03,depolarizing,1,1,8419,362,True,0.0
fresh_depolarizing_03,depolarizing,1,1,8433,319,True,0.0
fresh_depolarizing_03,depolarizing,2,1,8401,224,False,0.0
fresh_depolarizing_03,depolarizing,2,1,8419,174,False,0.0
fresh_depolarizing_03,depolarizing,2,1,8433,154,False,0.0
fresh_depolarizing_04,depolarizing,1,0,8401,224,False,0.0
fresh_depolarizing_04,depolarizing,1,0,8419,298,False,0.0
fresh_depolarizing_04,depolarizing,1,0,8433,292,False,0.0
fresh_depolarizing_04,depolarizing,2,0,8401,326,True,0.0
fresh_depolarizing_04,depolarizing,2,0,8419,154,True,0.0
fresh_depolarizing_04,depolarizing,2,0,8433,272,True,0.0
fresh_depolarizing_04,depolarizing,1,1,8401,224,True,0.0
fresh_depolarizing_04,depolarizing,1,1,8419,273,True,0.0
fresh_depolarizing_04,depolarizing,1,1,8433,258,True,0.0
fresh_depolarizing_04,depolarizing,2,1,8401,298,False,0.0
fresh_depolarizing_04,depolarizing,2,1,8419,273,False,0.0
fresh_depolarizing_04,depolarizing,2,1,8433,319,False,0.0
fresh_driven_dissipation_00,driven_dissipation,1,0,8401,298,False,0.0
fresh_driven_dissipation_00,driven_dissipation,1,0,8419,319,False,0.0
fresh_driven_dissipation_00,driven_dissipation,1,0,8433,273,False,0.0
fresh_driven_dissipation_00,driven_dissipation,2,0,8401,273,False,0.0
fresh_driven_dissipation_00,driven_dissipation,2,0,8419,328,True,0.0
fresh_driven_dissipation_00,driven_dissipation,2,0,8433,224,False,0.0
fresh_driven_dissipation_00,driven_dissipation,1,1,8401,154,False,0.0
fresh_driven_dissipation_00,driven_dissipation,1,1,8419,317,True,0.0
fresh_driven_dissipation_00,driven_dissipation,1,1,8433,258,True,0.0
fresh_driven_dissipation_00,driven_dissipation,2,1,8401,273,True,0.0
fresh_driven_dissipation_00,driven_dissipation,2,1,8419,224,False,0.0
fresh_driven_dissipation_00,driven_dissipation,2,1,8433,273,False,0.0
fresh_driven_dissipation_01,driven_dissipation,1,0,8401,258,True,0.0
fresh_driven_dissipation_01,driven_dissipation,1,0,8419,298,False,0.0
fresh_driven_dissipation_01,driven_dissipation,1,0,8433,259,True,0.0
fresh_driven_dissipation_01,driven_dissipation,2,0,8401,292,False,0.0
fresh_driven_dissipation_01,driven_dissipation,2,0,8419,292,False,0.0
fresh_driven_dissipation_01,driven_dissipation,2,0,8433,75,True,0.0
fresh_driven_dissipation_01,driven_dissipation,1,1,8401,258,False,0.0
fresh_driven_dissipation_01,driven_dissipation,1,1,8419,328,False,0.0
fresh_driven_dissipation_01,driven_dissipation,1,1,8433,328,False,0.0
fresh_driven_dissipation_01,driven_dissipation,2,1,8401,249,False,0.0
fresh_driven_dissipation_01,driven_dissipation,2,1,8419,273,False,0.0
fresh_driven_dissipation_01,driven_dissipation,2,1,8433,155,False,0.0
fresh_driven_dissipation_02,driven_dissipation,1,0,8401,224,False,0.0
fresh_driven_dissipation_02,driven_dissipation,1,0,8419,319,False,0.0
fresh_driven_dissipation_02,driven_dissipation,1,0,8433,273,False,0.0
fresh_driven_dissipation_02,driven_dissipation,2,0,8401,154,False,0.0
fresh_driven_dissipation_02,driven_dissipation,2,0,8419,249,False,0.0
fresh_driven_dissipation_02,driven_dissipation,2,0,8433,344,False,0.0
fresh_driven_dissipation_02,driven_dissipation,1,1,8401,249,False,0.0
fresh_driven_dissipation_02,driven_dissipation,1,1,8419,298,False,0.0
fresh_driven_dissipation_02,driven_dissipation,1,1,8433,154,False,0.0
fresh_driven_dissipation_02,driven_dissipation,2,1,8401,140,False,0.0
fresh_driven_dissipation_02,driven_dissipation,2,1,8419,273,False,0.0
fresh_driven_dissipation_02,driven_dissipation,2,1,8433,249,False,0.0
fresh_driven_dissipation_03,driven_dissipation,1,0,8401,292,False,0.0
fresh_driven_dissipation_03,driven_dissipation,1,0,8419,307,True,0.0
fresh_driven_dissipation_03,driven_dissipation,1,0,8433,258,False,0.0
fresh_driven_dissipation_03,driven_dissipation,2,0,8401,154,True,0.0
fresh_driven_dissipation_03,driven_dissipation,2,0,8419,353,True,0.0
fresh_driven_dissipation_03,driven_dissipation,2,0,8433,317,True,0.0
fresh_driven_dissipation_03,driven_dissipation,1,1,8401,259,True,0.0
fresh_driven_dissipation_03,driven_dissipation,1,1,8419,273,True,0.0
fresh_driven_dissipation_03,driven_dissipation,1,1,8433,307,False,0.0
fresh_driven_dissipation_03,driven_dissipation,2,1,8401,328,False,0.0
fresh_driven_dissipation_03,driven_dissipation,2,1,8419,224,True,0.0
fresh_driven_dissipation_03,driven_dissipation,2,1,8433,259,True,0.0
fresh_driven_dissipation_04,driven_dissipation,1,0,8401,317,False,0.0
fresh_driven_dissipation_04,driven_dissipation,1,0,8419,224,False,0.0
fresh_driven_dissipation_04,driven_dissipation,1,0,8433,224,False,0.0
fresh_driven_dissipation_04,driven_dissipation,2,0,8401,319,False,0.0
fresh_driven_dissipation_04,driven_dissipation,2,0,8419,328,True,0.0
fresh_driven_dissipation_04,driven_dissipation,2,0,8433,298,False,0.0
fresh_driven_dissipation_04,driven_dissipation,1,1,8401,249,False,0.0
fresh_driven_dissipation_04,driven_dissipation,1,1,8419,362,False,0.0
fresh_driven_dissipation_04,driven_dissipation,1,1,8433,292,False,0.0
fresh_driven_dissipation_04,driven_dissipation,2,1,8401,259,True,0.0
fresh_driven_dissipation_04,driven_dissipation,2,1,8419,298,False,0.0
fresh_driven_dissipation_04,driven_dissipation,2,1,8433,272,False,0.0
fresh_thermal_relaxation_00,thermal_relaxation,1,0,8401,154,False,0.0
fresh_thermal_relaxation_00,thermal_relaxation,1,0,8419,224,True,0.0
fresh_thermal_relaxation_00,thermal_relaxation,1,0,8433,258,True,0.0
fresh_thermal_relaxation_00,thermal_relaxation,2,0,8401,307,True,0.0
fresh_thermal_relaxation_00,thermal_relaxation,2,0,8419,292,True,0.0
fresh_thermal_relaxation_00,thermal_relaxation,2,0,8433,75,False,0.0
fresh_thermal_relaxation_00,thermal_relaxation,1,1,8401,154,True,0.0
fresh_thermal_relaxation_00,thermal_relaxation,1,1,8419,224,False,0.0
fresh_thermal_relaxation_00,thermal_relaxation,1,1,8433,317,False,0.0
fresh_thermal_relaxation_00,thermal_relaxation,2,1,8401,294,False,0.0
fresh_thermal_relaxation_00,thermal_relaxation,2,1,8419,224,False,0.0
fresh_thermal_relaxation_00,thermal_relaxation,2,1,8433,249,False,0.0
fresh_thermal_relaxation_01,thermal_relaxation,1,0,8401,317,True,0.0
fresh_thermal_relaxation_01,thermal_relaxation,1,0,8419,249,True,0.0
fresh_thermal_relaxation_01,thermal_relaxation,1,0,8433,319,True,0.0
fresh_thermal_relaxation_01,thermal_relaxation,2,0,8401,154,False,0.0
fresh_thermal_relaxation_01,thermal_relaxation,2,0,8419,259,False,0.0
fresh_thermal_relaxation_01,thermal_relaxation,2,0,8433,155,False,0.0
fresh_thermal_relaxation_01,thermal_relaxation,1,1,8401,353,True,0.0
fresh_thermal_relaxation_01,thermal_relaxation,1,1,8419,273,False,0.0
fresh_thermal_relaxation_01,thermal_relaxation,1,1,8433,258,True,0.0
fresh_thermal_relaxation_01,thermal_relaxation,2,1,8401,154,False,0.0
fresh_thermal_relaxation_01,thermal_relaxation,2,1,8419,317,True,0.0
fresh_thermal_relaxation_01,thermal_relaxation,2,1,8433,353,True,0.0
fresh_thermal_relaxation_02,thermal_relaxation,1,0,8401,362,True,0.0
fresh_thermal_relaxation_02,thermal_relaxation,1,0,8419,165,False,0.0
fresh_thermal_relaxation_02,thermal_relaxation,1,0,8433,258,False,0.0
fresh_thermal_relaxation_02,thermal_relaxation,2,0,8401,326,True,0.0
fresh_thermal_relaxation_02,thermal_relaxation,2,0,8419,249,True,0.0
fresh_thermal_relaxation_02,thermal_relaxation,2,0,8433,328,True,0.0
fresh_thermal_relaxation_02,thermal_relaxation,1,1,8401,75,True,0.0
fresh_thermal_relaxation_02,thermal_relaxation,1,1,8419,272,True,0.0
fresh_thermal_relaxation_02,thermal_relaxation,1,1,8433,307,False,0.0
fresh_thermal_relaxation_02,thermal_relaxation,2,1,8401,174,False,0.0
fresh_thermal_relaxation_02,thermal_relaxation,2,1,8419,273,True,0.0
fresh_thermal_relaxation_02,thermal_relaxation,2,1,8433,249,True,0.0
fresh_thermal_relaxation_03,thermal_relaxation,1,0,8401,292,False,0.0
fresh_thermal_relaxation_03,thermal_relaxation,1,0,8419,292,False,0.0
fresh_thermal_relaxation_03,thermal_relaxation,1,0,8433,154,False,0.0
fresh_thermal_relaxation_03,thermal_relaxation,2,0,8401,259,True,0.0
fresh_thermal_relaxation_03,thermal_relaxation,2,0,8419,154,True,0.0
fresh_thermal_relaxation_03,thermal_relaxation,2,0,8433,317,False,0.0
fresh_thermal_relaxation_03,thermal_relaxation,1,1,8401,154,True,0.0
fresh_thermal_relaxation_03,thermal_relaxation,1,1,8419,353,False,0.0
fresh_thermal_relaxation_03,thermal_relaxation,1,1,8433,174,False,0.0
fresh_thermal_relaxation_03,thermal_relaxation,2,1,8401,154,False,0.0
fresh_thermal_relaxation_03,thermal_relaxation,2,1,8419,273,False,0.0
fresh_thermal_relaxation_03,thermal_relaxation,2,1,8433,249,False,0.0
fresh_thermal_relaxation_04,thermal_relaxation,1,0,8401,326,True,0.0
fresh_thermal_relaxation_04,thermal_relaxation,1,0,8419,326,True,0.0
fresh_thermal_relaxation_04,thermal_relaxation,1,0,8433,294,False,0.0
fresh_thermal_relaxation_04,thermal_relaxation,2,0,8401,115,False,0.0
fresh_thermal_relaxation_04,thermal_relaxation,2,0,8419,353,False,0.0
fresh_thermal_relaxation_04,thermal_relaxation,2,0,8433,154,True,0.0
fresh_thermal_relaxation_04,thermal_relaxation,1,1,8401,272,True,0.0
fresh_thermal_relaxation_04,thermal_relaxation,1,1,8419,292,False,0.0
fresh_thermal_relaxation_04,thermal_relaxation,1,1,8433,319,False,0.0
fresh_thermal_relaxation_04,thermal_relaxation,2,1,8401,224,True,0.0
fresh_thermal_relaxation_04,thermal_relaxation,2,1,8419,317,False,0.0
fresh_thermal_relaxation_04,thermal_relaxation,2,1,8433,307,False,0.0
