id,family,round,rep,expected_best_regret,success_probability
development_amplitude_damping,amplitude_damping,1,0,0.0019541109077533254,0.50552789657125
development_amplitude_damping,amplitude_damping,2,0,0.0033818149302365565,0.50552789657125
development_coherent_rotation,coherent_rotation,1,0,0.004919679957483284,0.50552789657125
development_coherent_rotation,coherent_rotation,2,0,0.00885162349202063,0.50552789657125
development_dephasing,dephasing,1,0,0.003471559966361916,0.50552789657125
development_dephasing,dephasing,2,0,0.0024063020245020895,0.50552789657125
development_depolarizing,depolarizing,1,0,0.018424935396141606,0.50552789657125
development_depolarizing,depolarizing,2,0,0.006227770584538146,0.50552789657125
development_driven_dissipation,driven_dissipation,1,0,0.015753087260164285,0.50552789657125
development_driven_dissipation,driven_dissipation,2,0,0.006740588339945335,0.50552789657125
development_thermal_relaxation,thermal_relaxation,1,0,0.0022449594981267663,0.50552789657125
development_thermal_relaxation,thermal_relaxation,2,0,0.002579587986165137,0.50552789657125
evaluation_amplitude_damping_00,amplitude_damping,1,0,0.007171831076063914,0.50552789657125
evaluation_amplitude_damping_00,amplitude_damping,2,0,0.004974265848162082,0.50552789657125
evaluation_amplitude_damping_01,amplitude_damping,1,0,0.0035075169532957206,0.50552789657125
evaluation_amplitude_damping_01,amplitude_damping,2,0,0.0033023564735542607,0.50552789657125
evaluation_amplitude_damping_02,amplitude_damping,1,0,0.002972704136319643,0.50552789657125
evaluation_amplitude_damping_02,amplitude_damping,2,0,0.003586476053773886,0.50552789657125
evaluation_amplitude_damping_03,amplitude_damping,1,0,0.001209093818435471,0.50552789657125
evaluation_amplitude_damping_03,amplitude_damping,2,0,0.002510939935734092,0.50552789657125
evaluation_amplitude_damping_04,amplitude_damping,1,0,0.005079497243799462,0.50552789657125
evaluation_amplitude_damping_04,amplitude_damping,2,0,0.001001921523929776,0.50552789657125
evaluation_coherent_rotation_00,coherent_rotation,1,0,0.014632629464690416,0.50552789657125
evaluation_coherent_rotation_00,coherent_rotation,2,0,0.006839961612263966,0.50552789657125
evaluation_coherent_rotation_01,coherent_rotation,1,0,0.005361774304262907,0.50552789657125
evaluation_coherent_rotation_01,coherent_rotation,2,0,0.012064735175474472,0.50552789657125
evaluation_coherent_rotation_02,coherent_rotation,1,0,0.002980169160743896,0.50552789657125
evaluation_coherent_rotation_02,coherent_rotation,2,0,0.005941352977730446,0.50552789657125
evaluation_coherent_rotation_03,coherent_rotation,1,0,0.0021086880724780137,0.50552789657125
evaluation_coherent_rotation_03,coherent_rotation,2,0,0.014226944085885589,0.50552789657125
evaluation_coherent_rotation_04,coherent_rotation,1,0,0.010154834968078268,0.50552789657125
evaluation_coherent_rotation_04,coherent_rotation,2,0,0.004560890894358563,0.50552789657125
evaluation_dephasing_00,dephasing,1,0,0.003344544538991389,0.50552789657125
evaluation_dephasing_00,dephasing,2,0,0.002665587164391698,0.50552789657125
evaluation_dephasing_01,dephasing,1,0,0.0043247552494022614,0.50552789657125
evaluation_dephasing_01,dephasing,2,0,0.0041215820399374235,0.50552789657125
evaluation_dephasing_02,dephasing,1,0,0.004548060604924387,0.50552789657125
evaluation_dephasing_02,dephasing,2,0,0.007144206970415302,0.50552789657125
evaluation_dephasing_03,dephasing,1,0,0.0021098489550884208,0.50552789657125
evaluation_dephasing_03,dephasing,2,0,0.0027940255676617643,0.50552789657125
evaluation_dephasing_04,dephasing,1,0,0.0020189799208415204,0.50552789657125
evaluation_dephasing_04,dephasing,2,0,0.002876177938938733,0.50552789657125
evaluation_depolarizing_00,depolarizing,1,0,0.010622378721627398,0.50552789657125
evaluation_depolarizing_00,depolarizing,2,0,0.005226661226175565,0.50552789657125
evaluation_depolarizing_01,depolarizing,1,0,0.0033027252528789056,0.50552789657125
evaluation_depolarizing_01,depolarizing,2,0,0.0011549858070123268,0.50552789657125
evaluation_depolarizing_02,depolarizing,1,0,0.0037616370776704907,0.50552789657125
evaluation_depolarizing_02,depolarizing,2,0,0.004912299780884982,0.50552789657125
evaluation_depolarizing_03,depolarizing,1,0,0.007229045162174963,0.50552789657125
evaluation_depolarizing_03,depolarizing,2,0,0.006637203894282934,0.50552789657125
evaluation_depolarizing_04,depolarizing,1,0,0.0058879472593291165,0.50552789657125
evaluation_depolarizing_04,depolarizing,2,0,0.0018185232891327055,0.50552789657125
evaluation_driven_dissipation_00,driven_dissipation,1,0,0.011334599136534921,0.50552789657125
evaluation_driven_dissipation_00,driven_dissipation,2,0,0.006505726356729076,0.50552789657125
evaluation_driven_dissipation_01,driven_dissipation,1,0,0.018126705572002216,0.50552789657125
evaluation_driven_dissipation_01,driven_dissipation,2,0,0.006422349809967868,0.50552789657125
evaluation_driven_dissipation_02,driven_dissipation,1,0,0.010384875536095725,0.50552789657125
evaluation_driven_dissipation_02,driven_dissipation,2,0,0.006977336986498298,0.50552789657125
evaluation_driven_dissipation_03,driven_dissipation,1,0,0.017804394501368365,0.50552789657125
evaluation_driven_dissipation_03,driven_dissipation,2,0,0.0037796290068886173,0.50552789657125
evaluation_driven_dissipation_04,driven_dissipation,1,0,0.005426728017678334,0.50552789657125
evaluation_driven_dissipation_04,driven_dissipation,2,0,0.012350872116033054,0.50552789657125
evaluation_thermal_relaxation_00,thermal_relaxation,1,0,0.0024963760585806115,0.50552789657125
evaluation_thermal_relaxation_00,thermal_relaxation,2,0,0.0021118804877611587,0.50552789657125
evaluation_thermal_relaxation_01,thermal_relaxation,1,0,0.0012574470597747855,0.50552789657125
evaluation_thermal_relaxation_01,thermal_relaxation,2,0,0.003062224762092042,0.50552789657125
evaluation_thermal_relaxation_02,thermal_relaxation,1,0,0.002354825661658994,0.50552789657125
evaluation_thermal_relaxation_02,thermal_relaxation,2,0,0.00327001211115795,0.50552789657125
evaluation_thermal_relaxation_03,thermal_relaxation,1,0,0.0017052818346924839,0.50552789657125
evaluation_thermal_relaxation_03,thermal_relaxation,2,0,0.0025376720502129466,0.50552789657125
evaluation_thermal_relaxation_04,thermal_relaxation,1,0,0.003161293464089172,0.50552789657125
evaluation_thermal_relaxation_04,thermal_relaxation,2,0,0.001345684829466299,0.50552789657125
