id,family,round,variant,grid_min_expected_regret,grid_min_best_regret,grid_max_success,grid_optimum_support_anywhere,best_mean_angles,best_sample_angles
evaluation_depolarizing_01,depolarizing,1,baseline,0.20098135234290032,0.011255966439667517,0.18164891879538914,True,"[-2.670353755551324, 2.1205750411731104]","[-2.5132741228718345, 0.3141592653589793]"
evaluation_depolarizing_01,depolarizing,1,dicke,0.1773546675322974,0.00014399553336458327,0.9478424080319617,True,"[-0.6283185307179586, 0.15707963267948966]","[-1.5707963267948966, 0.3141592653589793]"
evaluation_coherent_rotation_02,coherent_rotation,2,baseline,0.13786251601260363,0.0002442251344394584,0.9746815140543512,True,"[0.0, 1.4922565104551517]","[-2.199114857512855, 1.8849555921538759]"
evaluation_coherent_rotation_02,coherent_rotation,2,dicke,0.13744266127573523,0.000487077721214641,0.9537300760595591,True,"[-0.7853981633974483, 0.15707963267948966]","[0.7853981633974483, 2.748893571891069]"
evaluation_coherent_rotation_00,coherent_rotation,1,baseline,0.2676512118232989,0.03205561241910567,0.0,False,"[-3.141592653589793, 2.670353755551324]","[0.0, 0.9424777960769379]"
evaluation_coherent_rotation_00,coherent_rotation,1,dicke,0.22769583432246465,0.0026286921216734744,0.9046757145729597,True,"[-1.0995574287564276, 1.7278759594743862]","[-2.0420352248333655, 0.3141592653589793]"
development_amplitude_damping,amplitude_damping,2,baseline,0.1736065182269168,1.172331209050301e-05,0.9965365690599597,True,"[0.0, 1.4922565104551517]","[-3.141592653589793, 0.23561944901923448]"
development_amplitude_damping,amplitude_damping,2,dicke,0.15975263231122433,0.0005727330616761824,0.8575640434941069,True,"[0.7853981633974483, 2.9845130209103035]","[-0.9424777960769379, 1.806415775814131]"
evaluation_depolarizing_00,depolarizing,1,baseline,0.19227117553137474,0.042949980100201735,0.0,False,"[0.0, 2.199114857512855]","[0.0, 0.47123889803846897]"
evaluation_depolarizing_00,depolarizing,1,dicke,0.1989692704767075,0.0020568900443516344,0.8291321254259924,True,"[0.7853981633974483, 2.9845130209103035]","[-0.9424777960769379, 1.806415775814131]"
evaluation_coherent_rotation_04,coherent_rotation,2,baseline,0.21982823280224492,0.07310288356356787,0.0,False,"[-2.356194490192345, 0.07853981633974483]","[-1.8849555921538759, 1.9634954084936207]"
evaluation_coherent_rotation_04,coherent_rotation,2,dicke,0.17152910108144098,0.0012194572090380976,0.8274701204658301,True,"[0.9424777960769379, 2.9845130209103035]","[1.8849555921538759, 2.9059732045705586]"
evaluation_depolarizing_04,depolarizing,2,baseline,0.18836693440148827,0.026259469335952523,0.0,False,"[0.0, 0.39269908169872414]","[-0.3141592653589793, 1.9634954084936207]"
evaluation_depolarizing_04,depolarizing,2,dicke,0.15545392252880796,0.00037844688299375163,0.9007882806904913,True,"[-0.3141592653589793, 1.7278759594743862]","[0.3141592653589793, 1.335176877775662]"
development_dephasing,dephasing,1,baseline,0.4559674259252643,0.12618018169636355,0.0,False,"[0.0, 2.670353755551324]","[0.0, 0.39269908169872414]"
development_dephasing,dephasing,1,dicke,0.1751341991325449,0.0010089592111416754,0.8382574643190792,True,"[-0.6283185307179586, 1.806415775814131]","[3.141592653589793, 1.1780972450961724]"
evaluation_amplitude_damping_03,amplitude_damping,1,baseline,0.18971358536269967,0.029670371092697267,0.0,False,"[0.0, 1.0995574287564276]","[0.0, 1.0995574287564276]"
evaluation_amplitude_damping_03,amplitude_damping,1,dicke,0.12275154132116148,0.00021304927511183955,0.8457956208912507,True,"[-0.6283185307179586, 1.7278759594743862]","[-0.9424777960769379, 0.23561944901923448]"
evaluation_driven_dissipation_01,driven_dissipation,2,baseline,0.2516322594268599,0.12605112417799888,0.0,False,"[0.0, 1.413716694115407]","[0.0, 0.39269908169872414]"
evaluation_driven_dissipation_01,driven_dissipation,2,dicke,0.20851808193058308,0.0014215034191965073,0.7559669981741237,True,"[-0.9424777960769379, 0.15707963267948966]","[-1.0995574287564276, 0.5497787143782138]"
development_dephasing,dephasing,2,baseline,0.19608235911838254,0.0009819269324065284,0.8376625686387721,True,"[0.0, 1.0995574287564276]","[0.0, 0.39269908169872414]"
development_dephasing,dephasing,2,dicke,0.2493281861402928,0.0003623847139135118,0.8393045433092966,True,"[-0.9424777960769379, 0.23561944901923448]","[1.2566370614359172, 1.335176877775662]"
evaluation_dephasing_01,dephasing,1,baseline,0.22667243544826565,0.003310645814772371,0.7379301992832976,True,"[0.0, 0.47123889803846897]","[-2.356194490192345, 0.3141592653589793]"
evaluation_dephasing_01,dephasing,1,dicke,0.20725492472856738,0.00032842197827605914,0.9620842061850808,True,"[-0.47123889803846897, 1.7278759594743862]","[-2.0420352248333655, 0.5497787143782138]"
evaluation_dephasing_00,dephasing,2,baseline,0.1523966363323664,0.018227167901445074,0.07940765036567277,True,"[0.0, 0.5497787143782138]","[0.0, 0.47123889803846897]"
evaluation_dephasing_00,dephasing,2,dicke,0.12049257514777612,0.0011349450936925575,0.6900617893989835,True,"[0.7853981633974483, 1.413716694115407]","[-1.7278759594743862, 1.7278759594743862]"
evaluation_driven_dissipation_02,driven_dissipation,1,baseline,0.16781109547216572,0.004825926974932256,0.6790364929299666,True,"[-2.827433388230814, 0.7068583470577035]","[0.0, 0.23561944901923448]"
evaluation_driven_dissipation_02,driven_dissipation,1,dicke,0.18139669009090922,0.0005386288291612677,0.9671230784401689,True,"[0.9424777960769379, 1.413716694115407]","[-0.7853981633974483, 1.806415775814131]"
evaluation_dephasing_02,dephasing,1,baseline,0.3905706935606448,0.1604529319977359,0.0,False,"[-2.5132741228718345, 2.670353755551324]","[-3.141592653589793, 2.5918139392115793]"
evaluation_dephasing_02,dephasing,1,dicke,0.1967743937709752,0.0003335040374232665,0.9293685625557141,True,"[0.7853981633974483, 2.9845130209103035]","[-1.2566370614359172, 1.806415775814131]"
evaluation_driven_dissipation_00,driven_dissipation,1,baseline,0.24330184503890967,0.04788970338561097,0.11788420612578587,True,"[0.0, 0.07853981633974483]","[0.0, 0.8639379797371931]"
evaluation_driven_dissipation_00,driven_dissipation,1,dicke,0.19514100274882223,0.002947831844747121,0.8373808560834225,True,"[-0.7853981633974483, 0.15707963267948966]","[3.141592653589793, 1.335176877775662]"
evaluation_amplitude_damping_04,amplitude_damping,2,baseline,0.1407646074682097,0.00296140468958308,0.34888378003339937,True,"[-2.356194490192345, 1.6493361431346414]","[-3.141592653589793, 0.47123889803846897]"
evaluation_amplitude_damping_04,amplitude_damping,2,dicke,0.1660426250498951,0.00011663653753852994,0.9139512775123102,True,"[0.47123889803846897, 2.9845130209103035]","[-2.670353755551324, 1.8849555921538759]"
evaluation_driven_dissipation_04,driven_dissipation,2,baseline,0.29333917383671315,0.09697346744991274,0.0,False,"[-3.141592653589793, 1.0995574287564276]","[-1.5707963267948966, 2.199114857512855]"
evaluation_driven_dissipation_04,driven_dissipation,2,dicke,0.2121459943892548,0.009097111787666815,0.6513807969888936,True,"[-0.9424777960769379, 0.15707963267948966]","[1.0995574287564276, 1.4922565104551517]"
evaluation_driven_dissipation_04,driven_dissipation,1,baseline,0.21259993769811428,0.06168738654473489,0.0,False,"[-2.827433388230814, 0.15707963267948966]","[-2.356194490192345, 0.3141592653589793]"
evaluation_driven_dissipation_04,driven_dissipation,1,dicke,0.24015239257827803,0.00019498930809356662,0.939279316912715,True,"[0.6283185307179586, 1.413716694115407]","[3.141592653589793, 2.827433388230814]"
evaluation_coherent_rotation_03,coherent_rotation,2,baseline,0.19836886794638672,0.04439160097750241,0.0,False,"[-1.413716694115407, 2.356194490192345]","[-0.9424777960769379, 2.5132741228718345]"
evaluation_coherent_rotation_03,coherent_rotation,2,dicke,0.183683405987522,0.008485881935070235,0.6866422593337753,True,"[-0.7853981633974483, 0.15707963267948966]","[-1.0995574287564276, 0.15707963267948966]"
evaluation_dephasing_03,dephasing,2,baseline,0.14233203084433993,0.013948246477583156,0.0,False,"[-3.141592653589793, 0.07853981633974483]","[0.0, 0.5497787143782138]"
evaluation_dephasing_03,dephasing,2,dicke,0.1003532375401604,0.0015066301444597425,0.6542987166598571,True,"[0.3141592653589793, 2.9845130209103035]","[-1.8849555921538759, 1.7278759594743862]"
evaluation_amplitude_damping_01,amplitude_damping,1,baseline,0.16959767278283322,0.03696019018526605,0.0,False,"[0.0, 0.5497787143782138]","[0.0, 0.5497787143782138]"
evaluation_amplitude_damping_01,amplitude_damping,1,dicke,0.13921989040829347,0.0004650294214759634,0.9166545009304901,True,"[-0.47123889803846897, 0.15707963267948966]","[3.141592653589793, 2.827433388230814]"
evaluation_amplitude_damping_00,amplitude_damping,1,baseline,0.1697986554582454,0.030394924401732727,0.0,False,"[0.0, 0.6283185307179586]","[-0.6283185307179586, 2.1205750411731104]"
evaluation_amplitude_damping_00,amplitude_damping,1,dicke,0.191950721024787,0.003254604822739355,0.7559513485152964,True,"[-0.47123889803846897, 0.15707963267948966]","[-0.6283185307179586, 0.3141592653589793]"
evaluation_dephasing_01,dephasing,2,baseline,0.11450423849736635,0.04018027902322634,0.0,False,"[0.0, 2.2776546738526]","[-1.7278759594743862, 2.4347343065320897]"
evaluation_dephasing_01,dephasing,2,dicke,0.10680547799578992,0.0013651873028101144,0.8080293590335139,True,"[0.6283185307179586, 2.9845130209103035]","[-0.9424777960769379, 0.15707963267948966]"
evaluation_amplitude_damping_02,amplitude_damping,2,baseline,0.13136590044145097,3.5850176204401944e-08,0.9999578905185372,True,"[0.0, 2.2776546738526]","[0.0, 2.2776546738526]"
evaluation_amplitude_damping_02,amplitude_damping,2,dicke,0.16747532073790367,0.00014890732442753387,0.9450515042945371,True,"[-0.47123889803846897, 0.15707963267948966]","[-2.356194490192345, 0.47123889803846897]"
evaluation_thermal_relaxation_01,thermal_relaxation,1,baseline,0.08371212706182202,0.00027812417709501566,0.837368484958539,True,"[-1.5707963267948966, 0.5497787143782138]","[-2.0420352248333655, 0.23561944901923448]"
evaluation_thermal_relaxation_01,thermal_relaxation,1,dicke,0.11934292005539592,0.0002872438344516432,0.79620516401334,True,"[0.7853981633974483, 2.9845130209103035]","[-1.0995574287564276, 0.23561944901923448]"
development_thermal_relaxation,thermal_relaxation,2,baseline,0.10160917740849386,0.014667324846636414,0.07940765036567277,True,"[0.0, 1.6493361431346414]","[0.0, 0.7068583470577035]"
development_thermal_relaxation,thermal_relaxation,2,dicke,0.12083005026137518,0.0012650797949993692,0.8287817457691213,True,"[-0.7853981633974483, 1.7278759594743862]","[0.6283185307179586, 0.9424777960769379]"
evaluation_thermal_relaxation_00,thermal_relaxation,2,baseline,0.13241875220225413,1.3564178252273457e-21,1.0,True,"[-1.8849555921538759, 0.9424777960769379]","[-1.8849555921538759, 0.9424777960769379]"
evaluation_thermal_relaxation_00,thermal_relaxation,2,dicke,0.19277340293714793,0.0002677303270196701,0.8577738384674525,True,"[-0.7853981633974483, 0.15707963267948966]","[-0.7853981633974483, 0.23561944901923448]"
evaluation_depolarizing_01,depolarizing,2,baseline,0.06806851838960493,6.476635189025469e-17,0.9999999999999287,True,"[0.0, 0.15707963267948966]","[0.0, 1.7278759594743862]"
evaluation_depolarizing_01,depolarizing,2,dicke,0.11877125666410215,0.00024335674294868794,0.8247362707693343,True,"[-0.6283185307179586, 0.23561944901923448]","[2.670353755551324, 1.335176877775662]"
evaluation_thermal_relaxation_02,thermal_relaxation,2,baseline,0.11403496718360295,0.03583491040191996,0.0,False,"[0.0, 0.6283185307179586]","[-2.827433388230814, 2.1205750411731104]"
evaluation_thermal_relaxation_02,thermal_relaxation,2,dicke,0.1445853020632961,0.0006350647762764466,0.8633834742705444,True,"[0.6283185307179586, 1.413716694115407]","[0.6283185307179586, 2.827433388230814]"
evaluation_coherent_rotation_04,coherent_rotation,1,baseline,0.22390114069328065,0.04385494419529713,0.0,False,"[0.0, 0.07853981633974483]","[0.0, 2.5132741228718345]"
evaluation_coherent_rotation_04,coherent_rotation,1,dicke,0.1989976387645529,0.0025794282130376625,0.8387016065933638,True,"[-1.2566370614359172, 0.15707963267948966]","[1.5707963267948966, 2.9059732045705586]"
evaluation_depolarizing_00,depolarizing,2,baseline,0.10868598699864546,0.0002722140889361196,0.966756619847178,True,"[0.0, 1.0995574287564276]","[0.0, 1.0995574287564276]"
evaluation_depolarizing_00,depolarizing,2,dicke,0.11477130294701482,0.0015080905367458551,0.8843535588407361,True,"[-0.9424777960769379, 0.15707963267948966]","[-1.7278759594743862, 0.3141592653589793]"
evaluation_depolarizing_04,depolarizing,1,baseline,0.21446309187152943,0.018554181916905235,0.22129434151260807,True,"[-1.0995574287564276, 1.2566370614359172]","[0.0, 0.6283185307179586]"
evaluation_depolarizing_04,depolarizing,1,dicke,0.13963760518733417,0.0008466775311919402,0.8494786878461794,True,"[0.47123889803846897, 2.9845130209103035]","[2.0420352248333655, 1.2566370614359172]"
development_coherent_rotation,coherent_rotation,2,baseline,0.3274876549725815,0.11444299324765103,0.0,False,"[0.0, 1.413716694115407]","[-1.0995574287564276, 1.0210176124166828]"
development_coherent_rotation,coherent_rotation,2,dicke,0.27123295661625035,0.003008508730703177,0.7936061099876811,True,"[-0.7853981633974483, 0.23561944901923448]","[2.356194490192345, 2.827433388230814]"
evaluation_thermal_relaxation_04,thermal_relaxation,1,baseline,0.12072564989947439,0.03076237513774588,0.0,False,"[-2.0420352248333655, 1.7278759594743862]","[-2.356194490192345, 1.1780972450961724]"
evaluation_thermal_relaxation_04,thermal_relaxation,1,dicke,0.11145786353270713,0.00021179804325502672,0.9546452054498331,True,"[0.9424777960769379, 2.9845130209103035]","[-1.5707963267948966, 0.3141592653589793]"
evaluation_depolarizing_02,depolarizing,2,baseline,0.24800442092868016,9.843041179739643e-09,0.9999992397074473,True,"[-2.0420352248333655, 1.2566370614359172]","[0.0, 0.3141592653589793]"
evaluation_depolarizing_02,depolarizing,2,dicke,0.23986562569960532,0.00036313279059552997,0.940248610343066,True,"[1.2566370614359172, 2.9845130209103035]","[-2.5132741228718345, 0.3141592653589793]"
evaluation_coherent_rotation_01,coherent_rotation,2,baseline,0.26516596228365524,3.020282755584092e-11,0.9999999982276713,True,"[0.0, 1.0995574287564276]","[0.0, 2.1205750411731104]"
evaluation_coherent_rotation_01,coherent_rotation,2,dicke,0.26052243634759137,0.001927396456856178,0.898692193401811,True,"[-0.9424777960769379, 0.23561944901923448]","[-0.9424777960769379, 0.15707963267948966]"
evaluation_amplitude_damping_03,amplitude_damping,2,baseline,0.1253142584514763,0.0004773632211821551,0.9137078603865794,True,"[-1.7278759594743862, 1.335176877775662]","[-1.8849555921538759, 2.5132741228718345]"
evaluation_amplitude_damping_03,amplitude_damping,2,dicke,0.12905473548987806,0.00012548079456557002,0.9505598259101313,True,"[0.6283185307179586, 2.9845130209103035]","[3.141592653589793, 1.2566370614359172]"
development_driven_dissipation,driven_dissipation,2,baseline,0.2983188007565247,0.08675363228174512,0.0,False,"[0.0, 2.199114857512855]","[-2.5132741228718345, 2.5918139392115793]"
development_driven_dissipation,driven_dissipation,2,dicke,0.24012402405509253,0.002859630230517742,0.7514021708829395,True,"[-1.0995574287564276, 1.7278759594743862]","[3.141592653589793, 2.670353755551324]"
development_depolarizing,depolarizing,2,baseline,0.14105720163294205,0.014054243708514994,0.0,False,"[0.0, 0.6283185307179586]","[-1.8849555921538759, 0.47123889803846897]"
development_depolarizing,depolarizing,2,dicke,0.1395697522182752,0.003163404134178176,0.7558755186952144,True,"[0.9424777960769379, 2.9845130209103035]","[1.0995574287564276, 2.9059732045705586]"
evaluation_depolarizing_03,depolarizing,1,baseline,0.3413052991681329,1.219453822024399e-05,0.9985682242805728,True,"[-3.141592653589793, 1.4922565104551517]","[-1.8849555921538759, 0.23561944901923448]"
evaluation_depolarizing_03,depolarizing,1,dicke,0.2348829458862089,0.0009282147520301873,0.8951068343054805,True,"[0.7853981633974483, 2.9845130209103035]","[-0.7853981633974483, 1.7278759594743862]"
evaluation_thermal_relaxation_03,thermal_relaxation,1,baseline,0.17579535086198012,0.014115806853855611,0.0,False,"[0.0, 1.0995574287564276]","[-3.141592653589793, 1.0210176124166828]"
evaluation_thermal_relaxation_03,thermal_relaxation,1,dicke,0.16580238717713044,3.48095805488337e-05,0.9866306299224986,True,"[0.7853981633974483, 2.9845130209103035]","[1.413716694115407, 2.827433388230814]"
evaluation_thermal_relaxation_03,thermal_relaxation,2,baseline,0.14810307326079372,0.005210622397107239,0.5380510623585936,True,"[-2.0420352248333655, 2.2776546738526]","[0.0, 0.47123889803846897]"
evaluation_thermal_relaxation_03,thermal_relaxation,2,dicke,0.15583396530715135,0.00034155641746440687,0.9069184904301569,True,"[0.6283185307179586, 2.9845130209103035]","[-1.8849555921538759, 1.806415775814131]"
evaluation_dephasing_04,dephasing,1,baseline,0.2024889313604659,0.029976092399576465,0.0,False,"[0.0, 1.335176877775662]","[-2.670353755551324, 2.670353755551324]"
evaluation_dephasing_04,dephasing,1,dicke,0.11498059750458105,0.0005596741123291252,0.9011730544971521,True,"[-0.47123889803846897, 1.7278759594743862]","[1.413716694115407, 2.9059732045705586]"
evaluation_driven_dissipation_00,driven_dissipation,2,baseline,0.15736804127191606,7.967787651607791e-07,0.9999017717861678,True,"[-1.8849555921538759, 3.0630528372500483]","[-2.199114857512855, 1.8849555921538759]"
evaluation_driven_dissipation_00,driven_dissipation,2,dicke,0.1899971848147785,0.0008155882831611094,0.9107637737867506,True,"[-1.2566370614359172, 0.15707963267948966]","[1.5707963267948966, 1.335176877775662]"
evaluation_coherent_rotation_01,coherent_rotation,1,baseline,0.31785826948082413,0.08629573339833724,0.0,False,"[0.0, 3.0630528372500483]","[0.0, 0.6283185307179586]"
evaluation_coherent_rotation_01,coherent_rotation,1,dicke,0.20721489822489503,0.0003131701829573971,0.9294692914490793,True,"[-1.0995574287564276, 0.15707963267948966]","[-2.670353755551324, 1.806415775814131]"
evaluation_driven_dissipation_01,driven_dissipation,1,baseline,0.24345001020082352,0.027175719223049802,0.0,False,"[0.0, 1.335176877775662]","[0.0, 0.5497787143782138]"
evaluation_driven_dissipation_01,driven_dissipation,1,dicke,0.2713544489983713,0.008658426023071961,0.7559535806987163,True,"[-0.9424777960769379, 1.7278759594743862]","[-2.9845130209103035, 1.9634954084936207]"
evaluation_thermal_relaxation_00,thermal_relaxation,1,baseline,0.1540778911135939,0.0028119914359606476,0.0,False,"[-1.7278759594743862, 1.0995574287564276]","[-2.5132741228718345, 2.199114857512855]"
evaluation_thermal_relaxation_00,thermal_relaxation,1,dicke,0.12877132002512004,0.000561800737021908,0.8050348855580483,True,"[-0.9424777960769379, 1.7278759594743862]","[-1.0995574287564276, 1.9634954084936207]"
evaluation_depolarizing_03,depolarizing,2,baseline,0.12144601006451952,0.007167627803670617,0.0,False,"[0.0, 0.6283185307179586]","[0.0, 2.2776546738526]"
evaluation_depolarizing_03,depolarizing,2,dicke,0.1800362313864189,0.005072767056411685,0.6071746382148877,True,"[-0.9424777960769379, 1.7278759594743862]","[-3.141592653589793, 1.6493361431346414]"
evaluation_dephasing_00,dephasing,1,baseline,0.21555522258053705,4.7534007360147444e-08,0.9999956586933744,True,"[0.0, 0.7068583470577035]","[-3.141592653589793, 1.806415775814131]"
evaluation_dephasing_00,dephasing,1,dicke,0.12075589145758286,0.00038811261239975344,0.8988990511053148,True,"[-0.9424777960769379, 1.7278759594743862]","[-0.6283185307179586, 1.0210176124166828]"
evaluation_dephasing_02,dephasing,2,baseline,0.3923249745553238,0.003123264078203053,0.7740558052564839,True,"[-2.827433388230814, 0.0]","[-1.5707963267948966, 0.6283185307179586]"
evaluation_dephasing_02,dephasing,2,dicke,0.23310469758629415,0.003445127264812581,0.7432310435758805,True,"[-0.9424777960769379, 0.23561944901923448]","[-2.0420352248333655, 0.15707963267948966]"
evaluation_coherent_rotation_00,coherent_rotation,2,baseline,0.09908531511310063,1.3783828138006769e-43,1.0,True,"[0.0, 2.748893571891069]","[0.0, 2.748893571891069]"
evaluation_coherent_rotation_00,coherent_rotation,2,dicke,0.23578637553893755,3.4505110114219015e-05,0.9916783728903783,True,"[-1.2566370614359172, 0.23561944901923448]","[-1.5707963267948966, 1.9634954084936207]"
evaluation_amplitude_damping_01,amplitude_damping,2,baseline,0.20982465486961632,0.01634258955079204,0.0,False,"[-2.9845130209103035, 2.827433388230814]","[-3.141592653589793, 2.0420352248333655]"
evaluation_amplitude_damping_01,amplitude_damping,2,dicke,0.1901186944836872,0.0006234212478327481,0.8958663706182112,True,"[-0.3141592653589793, 1.7278759594743862]","[-2.199114857512855, 0.15707963267948966]"
development_thermal_relaxation,thermal_relaxation,1,baseline,0.25032773910901285,0.11624329403444063,0.0,False,"[-2.0420352248333655, 1.4922565104551517]","[-3.141592653589793, 0.5497787143782138]"
development_thermal_relaxation,thermal_relaxation,1,dicke,0.21297464928850116,0.0002500857283784228,0.8652972303582562,True,"[-0.6283185307179586, 1.7278759594743862]","[0.7853981633974483, 2.827433388230814]"
development_depolarizing,depolarizing,1,baseline,0.20843372155998743,0.1012963775571723,0.0,False,"[0.0, 1.335176877775662]","[-3.141592653589793, 1.0995574287564276]"
development_depolarizing,depolarizing,1,dicke,0.2181914472354361,0.01253304503951714,0.6618012558470254,True,"[-0.7853981633974483, 0.15707963267948966]","[-3.141592653589793, 1.8849555921538759]"
evaluation_amplitude_damping_02,amplitude_damping,1,baseline,0.10421504914670866,0.008249605495191627,0.0,False,"[-3.141592653589793, 1.413716694115407]","[-1.7278759594743862, 0.9424777960769379]"
evaluation_amplitude_damping_02,amplitude_damping,1,dicke,0.1097923699342338,0.0005846014410950723,0.8754423871552012,True,"[0.47123889803846897, 1.413716694115407]","[-3.141592653589793, 0.3141592653589793]"
evaluation_thermal_relaxation_02,thermal_relaxation,1,baseline,0.16965951832495554,0.015044814884153514,0.0,False,"[0.0, 0.7068583470577035]","[-0.15707963267948966, 1.0210176124166828]"
evaluation_thermal_relaxation_02,thermal_relaxation,1,dicke,0.16460350252002717,0.0005006252039556634,0.8453151745923838,True,"[-0.6283185307179586, 0.15707963267948966]","[-0.47123889803846897, 0.3141592653589793]"
evaluation_driven_dissipation_02,driven_dissipation,2,baseline,0.14350621410506575,4.408802114443785e-06,0.9987372764959564,True,"[-2.356194490192345, 2.2776546738526]","[0.0, 2.2776546738526]"
evaluation_driven_dissipation_02,driven_dissipation,2,dicke,0.2285760741279026,0.000714972313100647,0.9011670226177537,True,"[-1.0995574287564276, 0.15707963267948966]","[-1.0995574287564276, 1.7278759594743862]"
evaluation_dephasing_03,dephasing,1,baseline,0.16200685933484021,0.027409865378986247,0.0,False,"[0.0, 1.335176877775662]","[0.0, 0.5497787143782138]"
evaluation_dephasing_03,dephasing,1,dicke,0.11283162730203458,0.0003951432295335376,0.892138657087977,True,"[-0.47123889803846897, 0.15707963267948966]","[-0.7853981633974483, 0.23561944901923448]"
evaluation_thermal_relaxation_01,thermal_relaxation,2,baseline,0.14645161115486752,0.015207120042269855,0.08802665624102524,True,"[0.0, 0.7068583470577035]","[0.0, 2.1205750411731104]"
evaluation_thermal_relaxation_01,thermal_relaxation,2,dicke,0.1388277420643072,0.0006771773350366696,0.8181650205944266,True,"[-0.47123889803846897, 0.15707963267948966]","[0.9424777960769379, 1.335176877775662]"
evaluation_depolarizing_02,depolarizing,1,baseline,0.04494807579569075,3.910677804898248e-15,0.9999999999994352,True,"[-1.413716694115407, 0.07853981633974483]","[0.0, 1.806415775814131]"
evaluation_depolarizing_02,depolarizing,1,dicke,0.13233016738808123,0.0015622950369155579,0.7925205184648332,True,"[-0.7853981633974483, 0.15707963267948966]","[3.141592653589793, 0.9424777960769379]"
development_coherent_rotation,coherent_rotation,1,baseline,0.19748255972345707,6.220363811475774e-05,0.9945580076047218,True,"[0.0, 0.15707963267948966]","[-1.5707963267948966, 1.7278759594743862]"
development_coherent_rotation,coherent_rotation,1,dicke,0.15927869961413305,7.684907122240289e-05,0.9699768363517323,True,"[-0.7853981633974483, 0.15707963267948966]","[-1.0995574287564276, 0.3141592653589793]"
evaluation_driven_dissipation_03,driven_dissipation,2,baseline,0.1653962538781245,7.411633802021044e-06,0.999759985719299,True,"[-3.141592653589793, 1.5707963267948966]","[-3.141592653589793, 0.6283185307179586]"
evaluation_driven_dissipation_03,driven_dissipation,2,dicke,0.18496286024136976,0.0023532981907529813,0.6823908078984401,True,"[1.0995574287564276, 2.9845130209103035]","[-1.0995574287564276, 0.15707963267948966]"
development_amplitude_damping,amplitude_damping,1,baseline,0.0849304303328336,0.0011527313242269762,0.8105220452462336,True,"[-1.5707963267948966, 0.15707963267948966]","[-3.141592653589793, 0.8639379797371931]"
development_amplitude_damping,amplitude_damping,1,dicke,0.11826889511004027,0.0006321988341691776,0.6970248882171084,True,"[-0.7853981633974483, 1.7278759594743862]","[-0.7853981633974483, 0.15707963267948966]"
evaluation_dephasing_04,dephasing,2,baseline,0.15340908655305935,1.1027002202844785e-07,0.99997512537062,True,"[-2.5132741228718345, 0.9424777960769379]","[-1.2566370614359172, 1.8849555921538759]"
evaluation_dephasing_04,dephasing,2,dicke,0.1533340944565279,8.327709049493424e-05,0.9830858440842498,True,"[-0.47123889803846897, 0.15707963267948966]","[-2.827433388230814, 1.9634954084936207]"
evaluation_amplitude_damping_04,amplitude_damping,1,baseline,0.2501838077084469,0.015948109981059114,0.0,False,"[-3.141592653589793, 1.806415775814131]","[-1.413716694115407, 2.1205750411731104]"
evaluation_amplitude_damping_04,amplitude_damping,1,dicke,0.1293505596018043,0.0012551079776138689,0.8536040998648556,True,"[-0.9424777960769379, 0.15707963267948966]","[-1.2566370614359172, 0.23561944901923448]"
evaluation_amplitude_damping_00,amplitude_damping,2,baseline,0.1760519885627394,0.016298390892254846,0.0,False,"[-3.141592653589793, 1.335176877775662]","[-1.7278759594743862, 2.5132741228718345]"
evaluation_amplitude_damping_00,amplitude_damping,2,dicke,0.1493524018864792,0.0010939882138165627,0.7555975466270454,True,"[-0.7853981633974483, 0.15707963267948966]","[0.9424777960769379, 2.5918139392115793]"
evaluation_thermal_relaxation_04,thermal_relaxation,2,baseline,0.3107239381191832,0.011818315521061093,0.6065549061572519,True,"[-2.670353755551324, 1.2566370614359172]","[-2.356194490192345, 1.1780972450961724]"
evaluation_thermal_relaxation_04,thermal_relaxation,2,dicke,0.22931801110235778,0.00018951998531973452,0.8477066682425163,True,"[-1.2566370614359172, 0.23561944901923448]","[-1.7278759594743862, 1.806415775814131]"
evaluation_driven_dissipation_03,driven_dissipation,1,baseline,0.26982624103563724,0.08691040566495785,0.0,False,"[-1.7278759594743862, 1.4922565104551517]","[-0.7853981633974483, 0.8639379797371931]"
evaluation_driven_dissipation_03,driven_dissipation,1,dicke,0.25977713007337283,0.005190464257490105,0.8381552265587183,True,"[-0.7853981633974483, 0.15707963267948966]","[-3.141592653589793, 1.8849555921538759]"
evaluation_coherent_rotation_03,coherent_rotation,1,baseline,0.2853001359621546,0.14339754598305604,0.0,False,"[0.0, 1.7278759594743862]","[0.0, 0.47123889803846897]"
evaluation_coherent_rotation_03,coherent_rotation,1,dicke,0.1534833541209347,0.0010160140867506164,0.7540566839228783,True,"[1.2566370614359172, 2.9845130209103035]","[3.141592653589793, 0.9424777960769379]"
development_driven_dissipation,driven_dissipation,1,baseline,0.1818152152321904,0.004892314248702006,0.6762563834227883,True,"[0.0, 0.5497787143782138]","[0.0, 0.47123889803846897]"
development_driven_dissipation,driven_dissipation,1,dicke,0.28591226829453,0.004249603131653894,0.8289560281946702,True,"[-0.7853981633974483, 1.7278759594743862]","[1.413716694115407, 2.9059732045705586]"
evaluation_coherent_rotation_02,coherent_rotation,1,baseline,0.1996342149121766,0.042451994614871744,0.0,False,"[0.0, 0.07853981633974483]","[0.0, 0.47123889803846897]"
evaluation_coherent_rotation_02,coherent_rotation,1,dicke,0.1303033050809301,0.0001476738927878815,0.9778286440571562,True,"[-0.9424777960769379, 1.806415775814131]","[-3.141592653589793, 0.3141592653589793]"
