first,second,exact_training,metric,mean,se,df,low,high,channels
cvar,baseline,False,sampled_regret,-0.0034296796299543007,0.001610254864343137,21.04358320168822,-0.006777965689280321,-8.139357062828066e-05,36
cvar,baseline,False,expected_regret,0.027257171010151376,0.002715664513127639,20.813206226035707,0.02160654967781908,0.03290779234248367,36
cvar,baseline,False,expected_best_regret,-0.004205611692086107,0.0009469509342406982,22.599698040579028,-0.006166450692766593,-0.002244772691405621,36
cvar,baseline,False,gain_regret,-0.032565249753527405,0.017623799382794545,8.502702184067108,-0.07279134252703544,0.007660843019980629,36
dicke,baseline,False,sampled_regret,-0.039593331162090566,0.00361818974920063,21.56133842592466,-0.04710585848404082,-0.03208080384014031,36
dicke,baseline,False,expected_regret,0.012206705893293228,0.005868237301160751,25.111754765995116,0.00012357158735444747,0.024289840199232006,36
dicke,baseline,False,expected_best_regret,-0.038650048575604556,0.0036390380389879884,22.190385072728997,-0.04619319918931271,-0.031106897961896404,36
dicke,baseline,False,gain_regret,-0.24852648091786364,0.027335912132395803,19.020104360028277,-0.3057371096308996,-0.19131585220482764,36
dicke_cvar,dicke,False,sampled_regret,0.0014114300691708435,0.000691088861397496,17.333885649941916,-4.4503470996550346e-05,0.0028673636093382374,36
dicke_cvar,dicke,False,expected_regret,0.01237500676653809,0.002718667345652808,23.43891932625253,0.006756836661308894,0.017993176871767286,36
dicke_cvar,dicke,False,expected_best_regret,0.0001048554044479387,0.0002559720831233958,11.50296716910429,-0.0004555443475843857,0.0006652551564802631,36
dicke_cvar,dicke,False,gain_regret,0.006776508639808083,0.003412212578805699,20.15555943941609,-0.0003377220208399751,0.013890739300456142,36
dicke_cvar,cvar,False,sampled_regret,-0.03475222146296542,0.0038724485379457683,23.01222517893924,-0.042762756124268185,-0.02674168680166266,36
dicke_cvar,cvar,False,expected_regret,-0.0026754583503200533,0.005658832197309951,28.510149770547184,-0.014257713410306459,0.008906796709666353,36
dicke_cvar,cvar,False,expected_best_regret,-0.034339581479070506,0.0035992075579329833,21.213828732766075,-0.041819952109746004,-0.02685921084839501,36
dicke_cvar,cvar,False,gain_regret,-0.2091847225245281,0.023551776036169796,24.341778685313308,-0.2577571073327066,-0.16061233771634956,36
cvar,baseline,True,sampled_regret,-0.006057819621402491,0.0012196932401685413,19.51543476426629,-0.008606111065035622,-0.0035095281777693587,36
cvar,baseline,True,expected_regret,0.03164101299101408,0.002290031741258231,23.144806419826377,0.026905360906928442,0.036376665075099714,36
cvar,baseline,True,expected_best_regret,-0.00532017198165535,0.0007061893684055971,11.30230337646787,-0.0068694271219803885,-0.003770916841330312,36
cvar,baseline,True,gain_regret,-0.03917833060639744,0.008098730853742991,16.39831936194315,-0.05631304232309434,-0.02204361888970054,36
dicke,baseline,True,sampled_regret,-0.03907385473882808,0.003644016424565126,23.61377784965235,-0.04660124990106897,-0.031546459576587194,36
dicke,baseline,True,expected_regret,0.00041883043189251966,0.006414192936056826,23.348117703930612,-0.012839000134048088,0.013676660997833129,36
dicke,baseline,True,expected_best_regret,-0.03940469024940909,0.0036187478059792454,23.218589938269172,-0.04688674265335247,-0.03192263784546571,36
dicke,baseline,True,gain_regret,-0.238385408041725,0.023264341675522732,24.174579269917782,-0.28638230653350755,-0.19038850954994246,36
dicke_cvar,dicke,True,sampled_regret,-0.0009880195420526351,0.00048344775059648424,15.603118316476777,-0.002015005733660787,3.896664955551688e-05,36
dicke_cvar,dicke,True,expected_regret,0.008907520158466601,0.002888389847136279,20.036803879539043,0.0028831539087608845,0.014931886408172317,36
dicke_cvar,dicke,True,expected_best_regret,-0.0008065083608035363,0.00025224275318603396,12.449186744327761,-0.0013539068019408854,-0.00025910991966618716,36
dicke_cvar,dicke,True,gain_regret,-0.0050287024726839765,0.0033077187327648257,20.4538098323004,-0.011918682066026035,0.001861277120658083,36
dicke_cvar,cvar,True,sampled_regret,-0.03400405465947822,0.003723291351657684,19.209973442261486,-0.041791231790545606,-0.026216877528410835,36
dicke_cvar,cvar,True,expected_regret,-0.022314662400654963,0.005927143645495382,26.982830195679306,-0.03447651871697415,-0.010152806084335773,36
dicke_cvar,cvar,True,expected_best_regret,-0.034891026628557274,0.0036016550894834476,21.341221884260595,-0.042373793106393554,-0.02740826015072099,36
dicke_cvar,cvar,True,gain_regret,-0.20423577990801156,0.0217475225367503,24.02556953144211,-0.24911793263574283,-0.1593536271802803,36
exact_baseline,finite_baseline,True,sampled_regret,-0.0008058443940859766,0.0012152684787978079,11.865670927666523,-0.0034570153574037033,0.0018453265692317503,36
exact_baseline,finite_baseline,True,expected_regret,-0.01462521048086865,0.0018260865519240143,18.03507777207311,-0.018461141174981086,-0.010789279786756215,36
exact_baseline,finite_baseline,True,expected_best_regret,-0.0004393198951441728,0.0007226265757167578,17.89188641130081,-0.001958159833527021,0.0010795200432386755,36
exact_cvar,finite_cvar,True,sampled_regret,-0.003433984385534167,0.0009098974580465596,14.823427353060234,-0.005375398930603639,-0.0014925698404646942,36
exact_cvar,finite_cvar,True,expected_regret,-0.010241368500005942,0.0021748220649803218,21.072049734338492,-0.014763217138899548,-0.005719519861112335,36
exact_cvar,finite_cvar,True,expected_best_regret,-0.0015538801847134161,0.00037407508037327176,16.225695292802694,-0.0023459883968361623,-0.0007617719725906698,36
exact_dicke,finite_dicke,True,sampled_regret,-0.0002863679708234805,0.0007852306525297483,15.839982810218997,-0.0019523503295272202,0.0013796143878802593,36
exact_dicke,finite_dicke,True,expected_regret,-0.02641308594226936,0.0035881973926970134,22.760319937048912,-0.03384016540755363,-0.01898600647698509,36
exact_dicke,finite_dicke,True,expected_best_regret,-0.0011939615689487077,0.00025869064861213715,15.06400900312349,-0.001745143643685156,-0.0006427794942122594,36
exact_dicke_cvar,finite_dicke_cvar,True,sampled_regret,-0.002685817582046959,0.0008046477216182989,15.860936218476725,-0.00439281085081687,-0.0009788243132770483,36
exact_dicke_cvar,finite_dicke_cvar,True,expected_regret,-0.029880572550340847,0.003231338334960174,18.097401919862907,-0.036666744406154486,-0.023094400694527208,36
exact_dicke_cvar,finite_dicke_cvar,True,expected_best_regret,-0.0021053253342001826,0.00031130481120882075,11.946099048789323,-0.0027839398313149843,-0.001426710837085381,36
