policy,round,metric,mean,se,df,low,high,channels
baseline,0,rmse,0.13852902632427647,0.007098225537453109,17.453495042143924,0.12358266647732026,0.15347538617123269,30
baseline,0,choi_distance,0.13660896823790178,0.005322932937428633,15.276057530168407,0.12528123655148693,0.14793669992431663,30
baseline,1,rmse,0.09846831624362039,0.004254867895527577,14.273774881388778,0.08935892607636471,0.10757770641087606,30
baseline,1,choi_distance,0.09907219278215836,0.003954273565328585,15.36237517644289,0.09066114110101205,0.10748324446330466,30
baseline,2,rmse,0.07561393351485335,0.003878787448611367,16.893771632467146,0.06742648568786522,0.08380138134184148,30
baseline,2,choi_distance,0.07498073229778938,0.004058901595241288,15.393437908736145,0.06634860730706495,0.08361285728851382,30
baseline,3,rmse,0.0580021104432056,0.0030280341634058208,13.56359181118782,0.051487964380253555,0.06451625650615765,30
baseline,3,choi_distance,0.057882682104452556,0.002964845003448544,13.80546115286604,0.05151530512813357,0.06425005908077154,30
greedy,0,rmse,0.13852902632427647,0.007098225537453109,17.453495042143924,0.12358266647732026,0.15347538617123269,30
greedy,0,choi_distance,0.13660896823790178,0.005322932937428633,15.276057530168407,0.12528123655148693,0.14793669992431663,30
greedy,1,rmse,0.10141147129213161,0.004421747409726367,18.033277156791616,0.09212295331961293,0.1106999892646503,30
greedy,1,choi_distance,0.10179015943179552,0.0043467293313800785,22.357174641915336,0.09278393713039523,0.11079638173319581,30
greedy,2,rmse,0.07888619425504166,0.003585776368121398,14.7680007812961,0.07123282208078532,0.086539566429298,30
greedy,2,choi_distance,0.07715969589082465,0.0038068169164906535,16.171888784394504,0.06909657016523149,0.08522282161641781,30
greedy,3,rmse,0.0604699352416486,0.0033702937362371575,18.346561098286266,0.053398786021010634,0.06754108446228656,30
greedy,3,choi_distance,0.05895597472309851,0.0027525041533496327,20.653112519417103,0.0532259692439255,0.06468598020227152,30
selected,0,rmse,0.13852902632427647,0.007098225537453109,17.453495042143924,0.12358266647732026,0.15347538617123269,30
selected,0,choi_distance,0.13660896823790178,0.005322932937428633,15.276057530168407,0.12528123655148693,0.14793669992431663,30
selected,1,rmse,0.10365405693673009,0.004456187414084396,16.658049764338045,0.09423760014556581,0.11307051372789437,30
selected,1,choi_distance,0.10304661409249745,0.004315786212239552,19.861859907398586,0.09404002615395309,0.11205320203104181,30
selected,2,rmse,0.0778923758454632,0.003537261035534478,19.17497508269501,0.07049337333483392,0.08529137835609248,30
selected,2,choi_distance,0.07672602212315972,0.003811106925329306,15.553007344548615,0.06862792406270192,0.08482412018361753,30
selected,3,rmse,0.05516379554008421,0.003205650958194972,21.555266720287882,0.048507720592247075,0.06181987048792134,30
selected,3,choi_distance,0.053856024818064174,0.00287223728705097,17.169307448722048,0.04780068270585756,0.05991136693027079,30
swap,0,rmse,0.13852902632427647,0.007098225537453109,17.453495042143924,0.12358266647732026,0.15347538617123269,30
swap,0,choi_distance,0.13660896823790178,0.005322932937428633,15.276057530168407,0.12528123655148693,0.14793669992431663,30
swap,1,rmse,0.10299389844221794,0.004541436992423409,17.899357174397263,0.09344884649886424,0.11253895038557164,30
swap,1,choi_distance,0.10273971530212846,0.004242540695728411,21.50946625058843,0.09392957608246372,0.1115498545217932,30
swap,2,rmse,0.07580918704127493,0.00348750457294858,14.891775088994558,0.06837103908240956,0.0832473350001403,30
swap,2,choi_distance,0.0761259809843121,0.0038896275483158017,13.954143962342554,0.06778098690548136,0.08447097506314284,30
swap,3,rmse,0.056103377928904324,0.0029706466450272824,21.04949677322331,0.049926464450609415,0.062280291407199234,30
swap,3,choi_distance,0.056825234190328804,0.0030296064529656496,14.04474442436351,0.05032931617428323,0.06332115220637437,30
