first,second,metric,mean,se,df,low,high,channels
selected,baseline,rmse,-0.002838314903121386,0.0030401809169107188,19.481755784498677,-0.009190853398954911,0.003514223592712139,30
selected,greedy,rmse,-0.00530613970156439,0.0018808558752645601,16.782050573875697,-0.00927832817796487,-0.0013339512251639117,30
selected,swap,rmse,-0.0009395823888201237,0.0022690168488015937,11.391366989474013,-0.0059128007126025145,0.004033635934962266,30
baseline,swap,rmse,0.0018987325143012621,0.002676375989410595,18.33618605767054,-0.0037167442573233294,0.007514209285925854,30
swap,greedy,rmse,-0.004366557312744267,0.0019867541272969393,9.571824681473753,-0.008820310341950632,8.71957164620971e-05,30
selected,baseline,choi_distance,-0.004026657286388401,0.003328115670433908,9.77731122123197,-0.011465118608096639,0.0034118040353198365,30
selected,greedy,choi_distance,-0.005099949905034345,0.001754929874351707,12.385705438812119,-0.008910448942645451,-0.0012894508674232389,30
selected,swap,choi_distance,-0.002969209372264631,0.002605189215079155,6.662017347119501,-0.009193428027992993,0.003255009283463732,30
baseline,swap,choi_distance,0.0010574479141237693,0.002336898232730296,14.965131302922929,-0.00392454377146177,0.006039439599709309,30
swap,greedy,choi_distance,-0.002130740532769714,0.0016697504988019733,11.481659593505704,-0.005787113960132562,0.0015256328945931334,30
