policy,metric,mean,se,df,low,high,channels
baseline,rmse,0.0580021104432056,0.0030280341634058208,13.56359181118782,0.051487964380253555,0.06451625650615765,30
baseline,choi_distance,0.057882682104452556,0.002964845003448544,13.80546115286604,0.05151530512813357,0.06425005908077154,30
baseline,characterization_shots,2065.2999999999997,81.87573494156997,17.554049591621283,1892.9716940925261,2237.628305907473,30
baseline,objective_shots,8226.133333333333,84.19237231219677,16.068726450890132,8047.715497669572,8404.551168997095,30
baseline,final_shots,768.0,0.0,24.0,768.0,768.0,30
baseline,total_shots,11059.433333333334,131.54511002778563,17.09939270306861,10782.020248973196,11336.846417693472,30
greedy,rmse,0.0604699352416486,0.0033702937362371575,18.346561098286266,0.053398786021010634,0.06754108446228656,30
greedy,choi_distance,0.05895597472309851,0.0027525041533496327,20.653112519417103,0.0532259692439255,0.06468598020227152,30
greedy,characterization_shots,2001.2666666666667,82.28772690991045,16.58397155041999,1827.3223778337647,2175.2109554995686,30
greedy,objective_shots,0.0,0.0,24.0,0.0,0.0,30
greedy,final_shots,0.0,0.0,24.0,0.0,0.0,30
greedy,total_shots,2001.2666666666667,82.28772690991045,16.58397155041999,1827.3223778337647,2175.2109554995686,30
selected,rmse,0.05516379554008421,0.003205650958194972,21.555266720287882,0.048507720592247075,0.06181987048792134,30
selected,choi_distance,0.053856024818064174,0.00287223728705097,17.169307448722048,0.04780068270585756,0.05991136693027079,30
selected,characterization_shots,2008.3499999999997,76.92956554898484,17.839579319972476,1846.6227397091961,2170.077260290803,30
selected,objective_shots,8262.400000000001,54.91002741859734,22.02453198849613,8148.5309266858385,8376.269073314164,30
selected,final_shots,768.0,0.0,24.0,768.0,768.0,30
selected,total_shots,11038.75,92.43870191165122,18.77182402499692,10845.114277031056,11232.385722968944,30
swap,rmse,0.056103377928904324,0.0029706466450272824,21.04949677322331,0.049926464450609415,0.062280291407199234,30
swap,choi_distance,0.056825234190328804,0.0030296064529656496,14.04474442436351,0.05032931617428323,0.06332115220637437,30
swap,characterization_shots,1985.6833333333334,82.04787389756733,16.393244774143614,1812.0880943310096,2159.2785723356574,30
swap,objective_shots,0.0,0.0,24.0,0.0,0.0,30
swap,final_shots,0.0,0.0,24.0,0.0,0.0,30
swap,total_shots,1985.6833333333334,82.04787389756733,16.393244774143614,1812.0880943310096,2159.2785723356574,30
