id,family,policy,rmse,choi_distance,characterization_shots,objective_shots,final_shots,total_shots
fresh_amplitude_damping_00,amplitude_damping,baseline,0.06410827799936895,0.030511008432640405,1259.5,7424.0,768.0,9451.5
fresh_amplitude_damping_00,amplitude_damping,greedy,0.05015149689760737,0.022889667860782493,1038.5,0.0,0.0,1038.5
fresh_amplitude_damping_00,amplitude_damping,selected,0.04161262266384649,0.016988930177985584,1038.5,7808.0,768.0,9614.5
fresh_amplitude_damping_00,amplitude_damping,swap,0.0665975858993749,0.02738692133607267,996.0,0.0,0.0,996.0
fresh_amplitude_damping_01,amplitude_damping,baseline,0.06433930849536991,0.028450971406927802,1140.5,9216.0,768.0,11124.5
fresh_amplitude_damping_01,amplitude_damping,greedy,0.083398416245895,0.04761264140342879,1234.0,0.0,0.0,1234.0
fresh_amplitude_damping_01,amplitude_damping,selected,0.07937403930250385,0.04322810047110508,1276.5,7872.0,768.0,9916.5
fresh_amplitude_damping_01,amplitude_damping,swap,0.07271241589904613,0.03951105123968389,1200.0,0.0,0.0,1200.0
fresh_amplitude_damping_02,amplitude_damping,baseline,0.023365776600967964,0.02731823172773313,2262.5,7744.0,768.0,10774.5
fresh_amplitude_damping_02,amplitude_damping,greedy,0.030780227076247516,0.04211603677730284,1761.0,0.0,0.0,1761.0
fresh_amplitude_damping_02,amplitude_damping,selected,0.03400025267762884,0.04286692184394057,2135.0,8192.0,768.0,11095.0
fresh_amplitude_damping_02,amplitude_damping,swap,0.03051372836848577,0.04211308851689543,1863.0,0.0,0.0,1863.0
fresh_amplitude_damping_03,amplitude_damping,baseline,0.04669981190996103,0.043467168577628064,2228.5,7808.0,768.0,10804.5
fresh_amplitude_damping_03,amplitude_damping,greedy,0.0604415925220827,0.04129811642905745,1795.0,0.0,0.0,1795.0
fresh_amplitude_damping_03,amplitude_damping,selected,0.03156319091453592,0.028248346904950906,1693.0,7936.0,768.0,10397.0
fresh_amplitude_damping_03,amplitude_damping,swap,0.039073715525128644,0.03272886868693157,1778.0,0.0,0.0,1778.0
fresh_amplitude_damping_04,amplitude_damping,baseline,0.06031258568707082,0.03551571032260084,1013.0,7680.0,768.0,9461.0
fresh_amplitude_damping_04,amplitude_damping,greedy,0.06849009485595675,0.03367895621096163,1030.0,0.0,0.0,1030.0
fresh_amplitude_damping_04,amplitude_damping,selected,0.05017619756849377,0.023564037136126918,1047.0,8640.0,768.0,10455.0
fresh_amplitude_damping_04,amplitude_damping,swap,0.043850695299450675,0.02466026354248856,970.5,0.0,0.0,970.5
fresh_coherent_rotation_00,coherent_rotation,baseline,0.03806676030158904,0.026556390365535053,1803.5,8960.0,768.0,11531.5
fresh_coherent_rotation_00,coherent_rotation,greedy,0.08653556572183309,0.05156785638673097,1939.5,0.0,0.0,1939.5
fresh_coherent_rotation_00,coherent_rotation,selected,0.08179512417809187,0.05227196822938306,1880.0,8704.0,768.0,11352.0
fresh_coherent_rotation_00,coherent_rotation,swap,0.04424961019386954,0.029524484128177583,1744.0,0.0,0.0,1744.0
fresh_coherent_rotation_01,coherent_rotation,baseline,0.053518443302084565,0.041983375390514194,1829.0,8192.0,768.0,10789.0
fresh_coherent_rotation_01,coherent_rotation,greedy,0.03726707603546414,0.02463176133494567,1693.0,0.0,0.0,1693.0
fresh_coherent_rotation_01,coherent_rotation,selected,0.055098412082845494,0.041187084233277646,1659.0,8832.0,768.0,11259.0
fresh_coherent_rotation_01,coherent_rotation,swap,0.0333403358966126,0.023022968606848736,1642.0,0.0,0.0,1642.0
fresh_coherent_rotation_02,coherent_rotation,baseline,0.03848253576922564,0.02023993510831272,1183.0,7872.0,768.0,9823.0
fresh_coherent_rotation_02,coherent_rotation,greedy,0.023236516907122792,0.012792830278209186,1242.5,0.0,0.0,1242.5
fresh_coherent_rotation_02,coherent_rotation,selected,0.0342918770572561,0.01964977891950146,1242.5,8576.0,768.0,10586.5
fresh_coherent_rotation_02,coherent_rotation,swap,0.028434862342309717,0.01547981976817378,1208.5,0.0,0.0,1208.5
fresh_coherent_rotation_03,coherent_rotation,baseline,0.03385277756336956,0.024730943695463234,1412.5,7936.0,768.0,10116.5
fresh_coherent_rotation_03,coherent_rotation,greedy,0.044979428399776006,0.03302151086791265,1565.5,0.0,0.0,1565.5
fresh_coherent_rotation_03,coherent_rotation,selected,0.02866279304349776,0.02806840831915206,1565.5,8128.0,768.0,10461.5
fresh_coherent_rotation_03,coherent_rotation,swap,0.044979428399776006,0.03302151086791265,1565.5,0.0,0.0,1565.5
fresh_coherent_rotation_04,coherent_rotation,baseline,0.030977404666045046,0.02120355015296567,1540.0,8256.0,768.0,10564.0
fresh_coherent_rotation_04,coherent_rotation,greedy,0.0690106936272272,0.03984577278533153,1353.0,0.0,0.0,1353.0
fresh_coherent_rotation_04,coherent_rotation,selected,0.055229284667292544,0.03118014891481853,1319.0,8128.0,768.0,10215.0
fresh_coherent_rotation_04,coherent_rotation,swap,0.0654162082928514,0.03797870339040106,1336.0,0.0,0.0,1336.0
fresh_dephasing_00,dephasing,baseline,0.08517797199695691,0.049908487170902634,1268.0,8192.0,768.0,10228.0
fresh_dephasing_00,dephasing,greedy,0.0861185888110226,0.057880018156991224,1344.5,0.0,0.0,1344.5
fresh_dephasing_00,dephasing,selected,0.08204944268660683,0.049771062847096315,1293.5,8192.0,768.0,10253.5
fresh_dephasing_00,dephasing,swap,0.08128422490269449,0.05817872765173247,1412.5,0.0,0.0,1412.5
fresh_dephasing_01,dephasing,baseline,0.06850040444787496,0.04720815943359781,1293.5,8192.0,768.0,10253.5
fresh_dephasing_01,dephasing,greedy,0.05566932857004293,0.036274502751587466,1021.5,0.0,0.0,1021.5
fresh_dephasing_01,dephasing,selected,0.06000774383391319,0.04735980802835713,1191.5,8320.0,768.0,10279.5
fresh_dephasing_01,dephasing,swap,0.060493422035446304,0.05088987817744232,1123.5,0.0,0.0,1123.5
fresh_dephasing_02,dephasing,baseline,0.06267699546829703,0.03415344963822227,1157.5,7872.0,768.0,9797.5
fresh_dephasing_02,dephasing,greedy,0.05629402345966998,0.034456402642884,1276.5,0.0,0.0,1276.5
fresh_dephasing_02,dephasing,selected,0.060482418199007154,0.03600347715260656,1157.5,7552.0,768.0,9477.5
fresh_dephasing_02,dephasing,swap,0.06095361463764906,0.03538523104189531,1123.5,0.0,0.0,1123.5
fresh_dephasing_03,dephasing,baseline,0.02892776316797903,0.02927727889528555,2466.5,9280.0,768.0,12514.5
fresh_dephasing_03,dephasing,greedy,0.05425738883882315,0.04004234980283572,2781.0,0.0,0.0,2781.0
fresh_dephasing_03,dephasing,selected,0.06012612510601317,0.04149138285171318,2628.0,7936.0,768.0,11332.0
fresh_dephasing_03,dephasing,swap,0.05425738883882315,0.04004234980283572,2781.0,0.0,0.0,2781.0
fresh_dephasing_04,dephasing,baseline,0.019895130854977915,0.02545228182985641,1455.0,8448.0,768.0,10671.0
fresh_dephasing_04,dephasing,greedy,0.027963976972724618,0.026758131338261167,1480.5,0.0,0.0,1480.5
fresh_dephasing_04,dephasing,selected,0.026151863121547,0.025225087760634587,1429.5,8384.0,768.0,10581.5
fresh_dephasing_04,dephasing,swap,0.02805100077910879,0.02880353232450966,1480.5,0.0,0.0,1480.5
fresh_depolarizing_00,depolarizing,baseline,0.0885257519100778,0.11265088770750886,2696.0,8128.0,768.0,11592.0
fresh_depolarizing_00,depolarizing,greedy,0.07924842906035108,0.1185853283958003,2517.5,0.0,0.0,2517.5
fresh_depolarizing_00,depolarizing,selected,0.07929433195625293,0.12316432239764026,2381.5,8192.0,768.0,11341.5
fresh_depolarizing_00,depolarizing,swap,0.07883932908517183,0.12152159945870786,2381.5,0.0,0.0,2381.5
fresh_depolarizing_01,depolarizing,baseline,0.08169292288285397,0.0884986402148859,2908.5,8128.0,768.0,11804.5
fresh_depolarizing_01,depolarizing,greedy,0.0881444040688026,0.11197354588691891,2985.0,0.0,0.0,2985.0
fresh_depolarizing_01,depolarizing,selected,0.08467376404600203,0.09629276626332375,2781.0,8064.0,768.0,11613.0
fresh_depolarizing_01,depolarizing,swap,0.0881444040688026,0.11197354588691891,2985.0,0.0,0.0,2985.0
fresh_depolarizing_02,depolarizing,baseline,0.08746201008875526,0.08667644461589033,2900.0,7808.0,768.0,11476.0
fresh_depolarizing_02,depolarizing,greedy,0.10024455598206677,0.09516846997086736,3087.0,0.0,0.0,3087.0
fresh_depolarizing_02,depolarizing,selected,0.07397706125508802,0.07835952847310983,3087.0,8192.0,768.0,12047.0
fresh_depolarizing_02,depolarizing,swap,0.10024455598206677,0.09516846997086736,3087.0,0.0,0.0,3087.0
fresh_depolarizing_03,depolarizing,baseline,0.04776694641413319,0.07321566229191626,2815.0,8320.0,768.0,11903.0
fresh_depolarizing_03,depolarizing,greedy,0.05146484461907502,0.0712450735779139,2458.0,0.0,0.0,2458.0
fresh_depolarizing_03,depolarizing,selected,0.04332609931471322,0.05914025579886846,2577.0,8640.0,768.0,11985.0
fresh_depolarizing_03,depolarizing,swap,0.04965627749820699,0.06663947962289475,2424.0,0.0,0.0,2424.0
fresh_depolarizing_04,depolarizing,baseline,0.0901605405565795,0.12779682961312142,3070.0,7936.0,768.0,11774.0
fresh_depolarizing_04,depolarizing,greedy,0.06567762219697101,0.09718191373906776,2551.5,0.0,0.0,2551.5
fresh_depolarizing_04,depolarizing,selected,0.0621283676845268,0.08913303488834923,3061.5,8384.0,768.0,12213.5
fresh_depolarizing_04,depolarizing,swap,0.06567762219697101,0.09718191373906776,2551.5,0.0,0.0,2551.5
fresh_driven_dissipation_00,driven_dissipation,baseline,0.05289197975237395,0.06472417527971963,2194.5,8320.0,768.0,11282.5
fresh_driven_dissipation_00,driven_dissipation,greedy,0.04280208173971148,0.05641286185528099,2194.5,0.0,0.0,2194.5
fresh_driven_dissipation_00,driven_dissipation,selected,0.03547404358165531,0.04420171248130572,2347.5,8000.0,768.0,11115.5
fresh_driven_dissipation_00,driven_dissipation,swap,0.037019177740621106,0.04626039249528877,2245.5,0.0,0.0,2245.5
fresh_driven_dissipation_01,driven_dissipation,baseline,0.04638428360816459,0.06557723509690307,2781.0,7936.0,768.0,11485.0
fresh_driven_dissipation_01,driven_dissipation,greedy,0.07311314878427361,0.09534961774548781,2781.0,0.0,0.0,2781.0
fresh_driven_dissipation_01,driven_dissipation,selected,0.06366994244592052,0.07777722049487298,2934.0,8384.0,768.0,12086.0
fresh_driven_dissipation_01,driven_dissipation,swap,0.06690454847979664,0.08081274361321994,2730.0,0.0,0.0,2730.0
fresh_driven_dissipation_02,driven_dissipation,baseline,0.06481535179123539,0.08345005592842827,3087.0,7936.0,768.0,11791.0
fresh_driven_dissipation_02,driven_dissipation,greedy,0.04983584379097724,0.08392291443126612,3189.0,0.0,0.0,3189.0
fresh_driven_dissipation_02,driven_dissipation,selected,0.05010415317925865,0.08851193696790251,2985.0,8832.0,768.0,12585.0
fresh_driven_dissipation_02,driven_dissipation,swap,0.049651331362240814,0.08178150568010983,3240.0,0.0,0.0,3240.0
fresh_driven_dissipation_03,driven_dissipation,baseline,0.047018652274871245,0.07398888408171363,2577.0,8256.0,768.0,11601.0
fresh_driven_dissipation_03,driven_dissipation,greedy,0.039028157741808366,0.07317634213987498,2322.0,0.0,0.0,2322.0
fresh_driven_dissipation_03,driven_dissipation,selected,0.03791837071660113,0.06577681272397615,2203.0,8448.0,768.0,11419.0
fresh_driven_dissipation_03,driven_dissipation,swap,0.039028157741808366,0.07317634213987498,2322.0,0.0,0.0,2322.0
fresh_driven_dissipation_04,driven_dissipation,baseline,0.07499513023599655,0.12653608889394774,3376.0,8832.0,768.0,12976.0
fresh_driven_dissipation_04,driven_dissipation,greedy,0.0530535974768635,0.09316330299432508,3291.0,0.0,0.0,3291.0
fresh_driven_dissipation_04,driven_dissipation,selected,0.03345433116449395,0.0521389977425304,3138.0,8192.0,768.0,12098.0
fresh_driven_dissipation_04,driven_dissipation,swap,0.05502737689692615,0.12069891705601364,3342.0,0.0,0.0,3342.0
fresh_thermal_relaxation_00,thermal_relaxation,baseline,0.07062914610370398,0.05701913841264776,1990.5,8960.0,768.0,11718.5
fresh_thermal_relaxation_00,thermal_relaxation,greedy,0.07335459346364374,0.05518511977618466,2152.0,0.0,0.0,2152.0
fresh_thermal_relaxation_00,thermal_relaxation,selected,0.07686204224611994,0.05480760508307108,2245.5,7936.0,768.0,10949.5
fresh_thermal_relaxation_00,thermal_relaxation,swap,0.0641470644588244,0.05323553313916849,2271.0,0.0,0.0,2271.0
fresh_thermal_relaxation_01,thermal_relaxation,baseline,0.0679508186468607,0.07270407409837709,1752.5,8000.0,768.0,10520.5
fresh_thermal_relaxation_01,thermal_relaxation,greedy,0.06608061955529113,0.06950134103963596,1684.5,0.0,0.0,1684.5
fresh_thermal_relaxation_01,thermal_relaxation,selected,0.05416969748681306,0.06348679732448015,1897.0,8320.0,768.0,10985.0
fresh_thermal_relaxation_01,thermal_relaxation,swap,0.05970245266457759,0.058242812907713375,1642.0,0.0,0.0,1642.0
fresh_thermal_relaxation_02,thermal_relaxation,baseline,0.06112465674686586,0.062021458571692584,1667.5,8256.0,768.0,10691.5
fresh_thermal_relaxation_02,thermal_relaxation,greedy,0.055941473435490524,0.04996429501498724,1761.0,0.0,0.0,1761.0
fresh_thermal_relaxation_02,thermal_relaxation,selected,0.041727944123881325,0.0490063001536503,1693.0,8512.0,768.0,10973.0
fresh_thermal_relaxation_02,thermal_relaxation,swap,0.039003300126293716,0.03859657432706183,1837.5,0.0,0.0,1837.5
fresh_thermal_relaxation_03,thermal_relaxation,baseline,0.06301979010223982,0.09304369646997585,2900.0,8384.0,768.0,12052.0
fresh_thermal_relaxation_03,thermal_relaxation,greedy,0.07016484866954867,0.09538015769762424,2730.0,0.0,0.0,2730.0
fresh_thermal_relaxation_03,thermal_relaxation,selected,0.0652165729059194,0.08670279056558403,2560.0,8128.0,768.0,11456.0
fresh_thermal_relaxation_03,thermal_relaxation,swap,0.06431407960280087,0.08098319565686596,2526.0,0.0,0.0,2526.0
fresh_thermal_relaxation_04,thermal_relaxation,baseline,0.07672338395031758,0.06260024970866286,1931.0,8512.0,768.0,11211.0
fresh_thermal_relaxation_04,thermal_relaxation,greedy,0.07134942172308731,0.05760240240049728,1778.0,0.0,0.0,1778.0
fresh_thermal_relaxation_04,thermal_relaxation,selected,0.07229575699219994,0.060076119392610594,1803.5,8448.0,768.0,11019.5
fresh_thermal_relaxation_04,thermal_relaxation,swap,0.07153342265139385,0.05975660093408909,1761.0,0.0,0.0,1761.0
