id,family,rep,policy,round,applications,rmse,choi_distance
fresh_amplitude_damping_00,amplitude_damping,0,greedy,0,384,0.17396495962131528,0.12168345908755887
fresh_amplitude_damping_00,amplitude_damping,0,greedy,1,1608,0.17170151759580424,0.10177940375822485
fresh_amplitude_damping_00,amplitude_damping,0,greedy,2,2832,0.11911587384795506,0.055854144748788664
fresh_amplitude_damping_00,amplitude_damping,0,greedy,3,4056,0.04803976978466089,0.020660625398606344
fresh_amplitude_damping_00,amplitude_damping,0,swap,0,384,0.17396495962131528,0.12168345908755887
fresh_amplitude_damping_00,amplitude_damping,0,swap,1,1608,0.13114441222627546,0.08447421269578702
fresh_amplitude_damping_00,amplitude_damping,0,swap,2,2832,0.075376209448489,0.04638148335284939
fresh_amplitude_damping_00,amplitude_damping,0,swap,3,4056,0.05270718950215848,0.01903149400950891
fresh_amplitude_damping_00,amplitude_damping,0,baseline,0,384,0.17396495962131528,0.12168345908755887
fresh_amplitude_damping_00,amplitude_damping,0,baseline,1,1608,0.16684463590976203,0.09439591202540992
fresh_amplitude_damping_00,amplitude_damping,0,baseline,2,2832,0.08288587711891916,0.041865257301085784
fresh_amplitude_damping_00,amplitude_damping,0,baseline,3,4056,0.046750274805906246,0.02266127267488654
fresh_amplitude_damping_00,amplitude_damping,0,selected,0,384,0.17396495962131528,0.12168345908755887
fresh_amplitude_damping_00,amplitude_damping,0,selected,1,1608,0.13114441222627546,0.08447421269578702
fresh_amplitude_damping_00,amplitude_damping,0,selected,2,2832,0.075376209448489,0.04638148335284939
fresh_amplitude_damping_00,amplitude_damping,0,selected,3,4056,0.05270718950215848,0.01903149400950891
fresh_amplitude_damping_00,amplitude_damping,1,greedy,0,384,0.27368775458579714,0.16445652041920336
fresh_amplitude_damping_00,amplitude_damping,1,greedy,1,1608,0.0861775709981039,0.057435820107866145
fresh_amplitude_damping_00,amplitude_damping,1,greedy,2,2832,0.06807707027003754,0.03463118305720973
fresh_amplitude_damping_00,amplitude_damping,1,greedy,3,4056,0.05226322401055385,0.02511871032295864
fresh_amplitude_damping_00,amplitude_damping,1,swap,0,384,0.27368775458579714,0.16445652041920336
fresh_amplitude_damping_00,amplitude_damping,1,swap,1,1608,0.15139170573253913,0.09280606233814398
fresh_amplitude_damping_00,amplitude_damping,1,swap,2,2832,0.09642467503880006,0.04454050113548068
fresh_amplitude_damping_00,amplitude_damping,1,swap,3,4056,0.0804879822965913,0.03574234866263643
fresh_amplitude_damping_00,amplitude_damping,1,baseline,0,384,0.27368775458579714,0.16445652041920336
fresh_amplitude_damping_00,amplitude_damping,1,baseline,1,1608,0.1383526036306161,0.07754570841772145
fresh_amplitude_damping_00,amplitude_damping,1,baseline,2,2832,0.11874982499006721,0.0623186051328604
fresh_amplitude_damping_00,amplitude_damping,1,baseline,3,4056,0.08146628119283165,0.03836074419039427
fresh_amplitude_damping_00,amplitude_damping,1,selected,0,384,0.27368775458579714,0.16445652041920336
fresh_amplitude_damping_00,amplitude_damping,1,selected,1,1608,0.1393586201826777,0.08286656776581736
fresh_amplitude_damping_00,amplitude_damping,1,selected,2,2832,0.06760894315735086,0.035688670725251025
fresh_amplitude_damping_00,amplitude_damping,1,selected,3,4056,0.030518055825534494,0.014946366346462254
fresh_amplitude_damping_01,amplitude_damping,0,greedy,0,384,0.14588115183376393,0.10982442497548389
fresh_amplitude_damping_01,amplitude_damping,0,greedy,1,1608,0.11087964568831635,0.055125822618346865
fresh_amplitude_damping_01,amplitude_damping,0,greedy,2,2832,0.09742441870709691,0.05043722768078704
fresh_amplitude_damping_01,amplitude_damping,0,greedy,3,4056,0.08658863015599673,0.040587225491444306
fresh_amplitude_damping_01,amplitude_damping,0,swap,0,384,0.14588115183376393,0.10982442497548389
fresh_amplitude_damping_01,amplitude_damping,0,swap,1,1608,0.14009806340310552,0.0707942303828723
fresh_amplitude_damping_01,amplitude_damping,0,swap,2,2832,0.09272516125688808,0.04531509813099555
fresh_amplitude_damping_01,amplitude_damping,0,swap,3,4056,0.07915107120710053,0.034429685637386714
fresh_amplitude_damping_01,amplitude_damping,0,baseline,0,384,0.14588115183376393,0.10982442497548389
fresh_amplitude_damping_01,amplitude_damping,0,baseline,1,1608,0.1404006030834751,0.07059994042052398
fresh_amplitude_damping_01,amplitude_damping,0,baseline,2,2832,0.07971046093917658,0.03890072747155143
fresh_amplitude_damping_01,amplitude_damping,0,baseline,3,4056,0.062200976622320256,0.02143634005865175
fresh_amplitude_damping_01,amplitude_damping,0,selected,0,384,0.14588115183376393,0.10982442497548389
fresh_amplitude_damping_01,amplitude_damping,0,selected,1,1608,0.14009806340310552,0.0707942303828723
fresh_amplitude_damping_01,amplitude_damping,0,selected,2,2832,0.09272516125688808,0.04531509813099555
fresh_amplitude_damping_01,amplitude_damping,0,selected,3,4056,0.07915107120710053,0.034429685637386714
fresh_amplitude_damping_01,amplitude_damping,1,greedy,0,384,0.2631636775974398,0.17831946412893696
fresh_amplitude_damping_01,amplitude_damping,1,greedy,1,1608,0.1718123753098681,0.1184666963876872
fresh_amplitude_damping_01,amplitude_damping,1,greedy,2,2832,0.12244735314654011,0.08215488408509457
fresh_amplitude_damping_01,amplitude_damping,1,greedy,3,4056,0.08020820233579329,0.05463805731541327
fresh_amplitude_damping_01,amplitude_damping,1,swap,0,384,0.2631636775974398,0.17831946412893696
fresh_amplitude_damping_01,amplitude_damping,1,swap,1,1608,0.1718123753098681,0.1184666963876872
fresh_amplitude_damping_01,amplitude_damping,1,swap,2,2832,0.12244735314654011,0.08215488408509457
fresh_amplitude_damping_01,amplitude_damping,1,swap,3,4056,0.06627376059099173,0.044592416841981064
fresh_amplitude_damping_01,amplitude_damping,1,baseline,0,384,0.2631636775974398,0.17831946412893696
fresh_amplitude_damping_01,amplitude_damping,1,baseline,1,1608,0.15167499849909793,0.09193676170833312
fresh_amplitude_damping_01,amplitude_damping,1,baseline,2,2832,0.11980162637188073,0.07246831778232866
fresh_amplitude_damping_01,amplitude_damping,1,baseline,3,4056,0.06647764036841956,0.03546560275520386
fresh_amplitude_damping_01,amplitude_damping,1,selected,0,384,0.2631636775974398,0.17831946412893696
fresh_amplitude_damping_01,amplitude_damping,1,selected,1,1608,0.1718123753098681,0.1184666963876872
fresh_amplitude_damping_01,amplitude_damping,1,selected,2,2832,0.11985805466268265,0.08454350979841561
fresh_amplitude_damping_01,amplitude_damping,1,selected,3,4056,0.07959700739790716,0.05202651530482345
fresh_amplitude_damping_02,amplitude_damping,0,greedy,0,384,0.1378189523911208,0.161021937743892
fresh_amplitude_damping_02,amplitude_damping,0,greedy,1,1608,0.07549599624263552,0.08797248629847212
fresh_amplitude_damping_02,amplitude_damping,0,greedy,2,2832,0.04696904216752244,0.05495513930433509
fresh_amplitude_damping_02,amplitude_damping,0,greedy,3,4056,0.030097089930865854,0.038588385582417645
fresh_amplitude_damping_02,amplitude_damping,0,swap,0,384,0.1378189523911208,0.161021937743892
fresh_amplitude_damping_02,amplitude_damping,0,swap,1,1608,0.07549599624263552,0.08797248629847212
fresh_amplitude_damping_02,amplitude_damping,0,swap,2,2832,0.04696904216752244,0.05495513930433509
fresh_amplitude_damping_02,amplitude_damping,0,swap,3,4056,0.030097089930865854,0.038588385582417645
fresh_amplitude_damping_02,amplitude_damping,0,baseline,0,384,0.1378189523911208,0.161021937743892
fresh_amplitude_damping_02,amplitude_damping,0,baseline,1,1608,0.06624464812393371,0.09079601094975084
fresh_amplitude_damping_02,amplitude_damping,0,baseline,2,2832,0.05705408737361743,0.05334077208231667
fresh_amplitude_damping_02,amplitude_damping,0,baseline,3,4056,0.025146218916309592,0.0198251074685814
fresh_amplitude_damping_02,amplitude_damping,0,selected,0,384,0.1378189523911208,0.161021937743892
fresh_amplitude_damping_02,amplitude_damping,0,selected,1,1608,0.07137127852083154,0.09555194984082868
fresh_amplitude_damping_02,amplitude_damping,0,selected,2,2832,0.05355047613206662,0.04946467165883215
fresh_amplitude_damping_02,amplitude_damping,0,selected,3,4056,0.03448210156137095,0.035009522974120376
fresh_amplitude_damping_02,amplitude_damping,1,greedy,0,384,0.0489771372017641,0.054809118004982796
fresh_amplitude_damping_02,amplitude_damping,1,greedy,1,1608,0.0655832478489927,0.06174591458321694
fresh_amplitude_damping_02,amplitude_damping,1,greedy,2,2832,0.027990257470746342,0.049508601558406695
fresh_amplitude_damping_02,amplitude_damping,1,greedy,3,4056,0.03146336422162918,0.045643687972188034
fresh_amplitude_damping_02,amplitude_damping,1,swap,0,384,0.0489771372017641,0.054809118004982796
fresh_amplitude_damping_02,amplitude_damping,1,swap,1,1608,0.07731559911887902,0.051791936212498765
fresh_amplitude_damping_02,amplitude_damping,1,swap,2,2832,0.031477902652593044,0.05048430275405423
fresh_amplitude_damping_02,amplitude_damping,1,swap,3,4056,0.030930366806105686,0.045637791451373214
fresh_amplitude_damping_02,amplitude_damping,1,baseline,0,384,0.0489771372017641,0.054809118004982796
fresh_amplitude_damping_02,amplitude_damping,1,baseline,1,1608,0.04501372114867795,0.047209938130538066
fresh_amplitude_damping_02,amplitude_damping,1,baseline,2,2832,0.03246310540831555,0.04254416156752224
fresh_amplitude_damping_02,amplitude_damping,1,baseline,3,4056,0.021585334285626336,0.034811355986884854
fresh_amplitude_damping_02,amplitude_damping,1,selected,0,384,0.0489771372017641,0.054809118004982796
fresh_amplitude_damping_02,amplitude_damping,1,selected,1,1608,0.07731559911887902,0.051791936212498765
fresh_amplitude_damping_02,amplitude_damping,1,selected,2,2832,0.03930743291929085,0.05544981074164384
fresh_amplitude_damping_02,amplitude_damping,1,selected,3,4056,0.03351840379388672,0.050724320713760776
fresh_amplitude_damping_03,amplitude_damping,0,greedy,0,384,0.15371185062532716,0.11125162663528533
fresh_amplitude_damping_03,amplitude_damping,0,greedy,1,1608,0.11320039565311568,0.10226154168556492
fresh_amplitude_damping_03,amplitude_damping,0,greedy,2,2832,0.06350961185376008,0.06682553007688188
fresh_amplitude_damping_03,amplitude_damping,0,greedy,3,4056,0.0380265584621548,0.03598214586722859
fresh_amplitude_damping_03,amplitude_damping,0,swap,0,384,0.15371185062532716,0.11125162663528533
fresh_amplitude_damping_03,amplitude_damping,0,swap,1,1608,0.11320039565311568,0.10226154168556492
fresh_amplitude_damping_03,amplitude_damping,0,swap,2,2832,0.06350961185376008,0.06682553007688188
fresh_amplitude_damping_03,amplitude_damping,0,swap,3,4056,0.0380265584621548,0.03598214586722859
fresh_amplitude_damping_03,amplitude_damping,0,baseline,0,384,0.15371185062532716,0.11125162663528533
fresh_amplitude_damping_03,amplitude_damping,0,baseline,1,1608,0.11378528344355118,0.10234757911955361
fresh_amplitude_damping_03,amplitude_damping,0,baseline,2,2832,0.072080824441131,0.06955199732156907
fresh_amplitude_damping_03,amplitude_damping,0,baseline,3,4056,0.052062509963558205,0.0513201670838635
fresh_amplitude_damping_03,amplitude_damping,0,selected,0,384,0.15371185062532716,0.11125162663528533
fresh_amplitude_damping_03,amplitude_damping,0,selected,1,1608,0.14661460423761882,0.12000665824754378
fresh_amplitude_damping_03,amplitude_damping,0,selected,2,2832,0.06550553703363514,0.06869199107155585
fresh_amplitude_damping_03,amplitude_damping,0,selected,3,4056,0.023365697546530517,0.027327169415679062
fresh_amplitude_damping_03,amplitude_damping,1,greedy,0,384,0.11224025967633189,0.11601270413377891
fresh_amplitude_damping_03,amplitude_damping,1,greedy,1,1608,0.15700244109643227,0.12096032835840481
fresh_amplitude_damping_03,amplitude_damping,1,greedy,2,2832,0.1312728573291807,0.08555215543433156
fresh_amplitude_damping_03,amplitude_damping,1,greedy,3,4056,0.0828566265820106,0.046614086990886316
fresh_amplitude_damping_03,amplitude_damping,1,swap,0,384,0.11224025967633189,0.11601270413377891
fresh_amplitude_damping_03,amplitude_damping,1,swap,1,1608,0.11718792884726634,0.10845791461482904
fresh_amplitude_damping_03,amplitude_damping,1,swap,2,2832,0.03327581484268699,0.032049445573604
fresh_amplitude_damping_03,amplitude_damping,1,swap,3,4056,0.04012087258810248,0.02947559150663455
fresh_amplitude_damping_03,amplitude_damping,1,baseline,0,384,0.11224025967633189,0.11601270413377891
fresh_amplitude_damping_03,amplitude_damping,1,baseline,1,1608,0.1331529293527382,0.11539037141206124
fresh_amplitude_damping_03,amplitude_damping,1,baseline,2,2832,0.08794756409695494,0.07447186090321217
fresh_amplitude_damping_03,amplitude_damping,1,baseline,3,4056,0.04133711385636386,0.03561417007139263
fresh_amplitude_damping_03,amplitude_damping,1,selected,0,384,0.11224025967633189,0.11601270413377891
fresh_amplitude_damping_03,amplitude_damping,1,selected,1,1608,0.11718792884726634,0.10845791461482904
fresh_amplitude_damping_03,amplitude_damping,1,selected,2,2832,0.03327581484268699,0.032049445573604
fresh_amplitude_damping_03,amplitude_damping,1,selected,3,4056,0.039760684282541314,0.029169524394222754
fresh_amplitude_damping_04,amplitude_damping,0,greedy,0,384,0.13836040247389436,0.08433319194883075
fresh_amplitude_damping_04,amplitude_damping,0,greedy,1,1608,0.11701013134308728,0.052190044812838524
fresh_amplitude_damping_04,amplitude_damping,0,greedy,2,2832,0.07297776031169301,0.04509905307585722
fresh_amplitude_damping_04,amplitude_damping,0,greedy,3,4056,0.06660174635865093,0.03493761536218666
fresh_amplitude_damping_04,amplitude_damping,0,swap,0,384,0.13836040247389436,0.08433319194883075
fresh_amplitude_damping_04,amplitude_damping,0,swap,1,1608,0.11723274234911712,0.0636966596703883
fresh_amplitude_damping_04,amplitude_damping,0,swap,2,2832,0.07356243490733018,0.043488012700699616
fresh_amplitude_damping_04,amplitude_damping,0,swap,3,4056,0.055234146630469015,0.029824467843787388
fresh_amplitude_damping_04,amplitude_damping,0,baseline,0,384,0.13836040247389436,0.08433319194883075
fresh_amplitude_damping_04,amplitude_damping,0,baseline,1,1608,0.11723274234911712,0.0636966596703883
fresh_amplitude_damping_04,amplitude_damping,0,baseline,2,2832,0.08406087606374489,0.049651855162734584
fresh_amplitude_damping_04,amplitude_damping,0,baseline,3,4056,0.060406340761660564,0.03322054722979475
fresh_amplitude_damping_04,amplitude_damping,0,selected,0,384,0.13836040247389436,0.08433319194883075
fresh_amplitude_damping_04,amplitude_damping,0,selected,1,1608,0.11723274234911712,0.0636966596703883
fresh_amplitude_damping_04,amplitude_damping,0,selected,2,2832,0.07621832001175871,0.042916378080062545
fresh_amplitude_damping_04,amplitude_damping,0,selected,3,4056,0.04755734445553369,0.021426964063640756
fresh_amplitude_damping_04,amplitude_damping,1,greedy,0,384,0.11461960610409062,0.080918051544343
fresh_amplitude_damping_04,amplitude_damping,1,greedy,1,1608,0.08077989485493273,0.057941009586710585
fresh_amplitude_damping_04,amplitude_damping,1,greedy,2,2832,0.0660373398695948,0.04866524861135198
fresh_amplitude_damping_04,amplitude_damping,1,greedy,3,4056,0.07037844335326258,0.032420297059736605
fresh_amplitude_damping_04,amplitude_damping,1,swap,0,384,0.11461960610409062,0.080918051544343
fresh_amplitude_damping_04,amplitude_damping,1,swap,1,1608,0.11595580713125933,0.08373194098035922
fresh_amplitude_damping_04,amplitude_damping,1,swap,2,2832,0.05836398925893341,0.04636283947778371
fresh_amplitude_damping_04,amplitude_damping,1,swap,3,4056,0.032467243968432334,0.01949605924118973
fresh_amplitude_damping_04,amplitude_damping,1,baseline,0,384,0.11461960610409062,0.080918051544343
fresh_amplitude_damping_04,amplitude_damping,1,baseline,1,1608,0.11595580713125933,0.08373194098035922
fresh_amplitude_damping_04,amplitude_damping,1,baseline,2,2832,0.061798125966633075,0.044198600732007313
fresh_amplitude_damping_04,amplitude_damping,1,baseline,3,4056,0.06021883061248107,0.03781087341540694
fresh_amplitude_damping_04,amplitude_damping,1,selected,0,384,0.11461960610409062,0.080918051544343
fresh_amplitude_damping_04,amplitude_damping,1,selected,1,1608,0.11595580713125933,0.08373194098035922
fresh_amplitude_damping_04,amplitude_damping,1,selected,2,2832,0.08615822231285532,0.05547834597257795
fresh_amplitude_damping_04,amplitude_damping,1,selected,3,4056,0.05279505068145386,0.02570111020861308
fresh_thermal_relaxation_00,thermal_relaxation,0,greedy,0,384,0.1819182158514288,0.1806223609240944
fresh_thermal_relaxation_00,thermal_relaxation,0,greedy,1,1608,0.14442774516139212,0.13885880477298906
fresh_thermal_relaxation_00,thermal_relaxation,0,greedy,2,2832,0.06501795172446767,0.05915656187757192
fresh_thermal_relaxation_00,thermal_relaxation,0,greedy,3,4056,0.07434841832740322,0.05235372140396513
fresh_thermal_relaxation_00,thermal_relaxation,0,swap,0,384,0.1819182158514288,0.1806223609240944
fresh_thermal_relaxation_00,thermal_relaxation,0,swap,1,1608,0.14442774516139212,0.13885880477298906
fresh_thermal_relaxation_00,thermal_relaxation,0,swap,2,2832,0.06501795172446767,0.05915656187757192
fresh_thermal_relaxation_00,thermal_relaxation,0,swap,3,4056,0.050835177300619226,0.041204358710398084
fresh_thermal_relaxation_00,thermal_relaxation,0,baseline,0,384,0.1819182158514288,0.1806223609240944
fresh_thermal_relaxation_00,thermal_relaxation,0,baseline,1,1608,0.11566968592009666,0.11361553635007926
fresh_thermal_relaxation_00,thermal_relaxation,0,baseline,2,2832,0.07209769791144255,0.06064630801797659
fresh_thermal_relaxation_00,thermal_relaxation,0,baseline,3,4056,0.06725770820145395,0.04564654845839675
fresh_thermal_relaxation_00,thermal_relaxation,0,selected,0,384,0.1819182158514288,0.1806223609240944
fresh_thermal_relaxation_00,thermal_relaxation,0,selected,1,1608,0.11450773637177196,0.10898262060856247
fresh_thermal_relaxation_00,thermal_relaxation,0,selected,2,2832,0.10467962120733017,0.07445083998580024
fresh_thermal_relaxation_00,thermal_relaxation,0,selected,3,4056,0.06545101552031828,0.04903741235824988
fresh_thermal_relaxation_00,thermal_relaxation,1,greedy,0,384,0.1384249791245349,0.15104807083840804
fresh_thermal_relaxation_00,thermal_relaxation,1,greedy,1,1608,0.12910776071871297,0.1460907658547939
fresh_thermal_relaxation_00,thermal_relaxation,1,greedy,2,2832,0.0874156117289318,0.0977212634242694
fresh_thermal_relaxation_00,thermal_relaxation,1,greedy,3,4056,0.07236076859988427,0.058016518148404195
fresh_thermal_relaxation_00,thermal_relaxation,1,swap,0,384,0.1384249791245349,0.15104807083840804
fresh_thermal_relaxation_00,thermal_relaxation,1,swap,1,1608,0.13392191928076877,0.14107927968064132
fresh_thermal_relaxation_00,thermal_relaxation,1,swap,2,2832,0.09311303515760558,0.09849822087097682
fresh_thermal_relaxation_00,thermal_relaxation,1,swap,3,4056,0.07745895161702956,0.0652667075679389
fresh_thermal_relaxation_00,thermal_relaxation,1,baseline,0,384,0.1384249791245349,0.15104807083840804
fresh_thermal_relaxation_00,thermal_relaxation,1,baseline,1,1608,0.1594782386151306,0.1577273149712993
fresh_thermal_relaxation_00,thermal_relaxation,1,baseline,2,2832,0.10572794560737576,0.104511890357132
fresh_thermal_relaxation_00,thermal_relaxation,1,baseline,3,4056,0.07400058400595401,0.06839172836689877
fresh_thermal_relaxation_00,thermal_relaxation,1,selected,0,384,0.1384249791245349,0.15104807083840804
fresh_thermal_relaxation_00,thermal_relaxation,1,selected,1,1608,0.13392191928076877,0.14107927968064132
fresh_thermal_relaxation_00,thermal_relaxation,1,selected,2,2832,0.1071243236320121,0.08334604385821387
fresh_thermal_relaxation_00,thermal_relaxation,1,selected,3,4056,0.0882730689719216,0.060577797807892284
fresh_thermal_relaxation_01,thermal_relaxation,0,greedy,0,384,0.1318857784070361,0.09404498765065303
fresh_thermal_relaxation_01,thermal_relaxation,0,greedy,1,1608,0.12658282710242896,0.09865263131423604
fresh_thermal_relaxation_01,thermal_relaxation,0,greedy,2,2832,0.09567699754834148,0.07590389099666801
fresh_thermal_relaxation_01,thermal_relaxation,0,greedy,3,4056,0.08487426082038672,0.08072171909308631
fresh_thermal_relaxation_01,thermal_relaxation,0,swap,0,384,0.1318857784070361,0.09404498765065303
fresh_thermal_relaxation_01,thermal_relaxation,0,swap,1,1608,0.12658282710242896,0.09865263131423604
fresh_thermal_relaxation_01,thermal_relaxation,0,swap,2,2832,0.10525259944508267,0.07733999838438019
fresh_thermal_relaxation_01,thermal_relaxation,0,swap,3,4056,0.07121109900916484,0.06784531030743657
fresh_thermal_relaxation_01,thermal_relaxation,0,baseline,0,384,0.1318857784070361,0.09404498765065303
fresh_thermal_relaxation_01,thermal_relaxation,0,baseline,1,1608,0.12670513412648404,0.09503553289150357
fresh_thermal_relaxation_01,thermal_relaxation,0,baseline,2,2832,0.09483083145233319,0.07426105813944898
fresh_thermal_relaxation_01,thermal_relaxation,0,baseline,3,4056,0.0971759207086942,0.08682719167219972
fresh_thermal_relaxation_01,thermal_relaxation,0,selected,0,384,0.1318857784070361,0.09404498765065303
fresh_thermal_relaxation_01,thermal_relaxation,0,selected,1,1608,0.1269849333580354,0.10588963376669233
fresh_thermal_relaxation_01,thermal_relaxation,0,selected,2,2832,0.10798303831776097,0.06468708240737278
fresh_thermal_relaxation_01,thermal_relaxation,0,selected,3,4056,0.05580182479641124,0.07318621446681042
fresh_thermal_relaxation_01,thermal_relaxation,1,greedy,0,384,0.08423403415730003,0.10213460855725462
fresh_thermal_relaxation_01,thermal_relaxation,1,greedy,1,1608,0.0883934136463597,0.10542123671815597
fresh_thermal_relaxation_01,thermal_relaxation,1,greedy,2,2832,0.04370837695154276,0.05775803555693107
fresh_thermal_relaxation_01,thermal_relaxation,1,greedy,3,4056,0.047286978290195514,0.05828096298618558
fresh_thermal_relaxation_01,thermal_relaxation,1,swap,0,384,0.08423403415730003,0.10213460855725462
fresh_thermal_relaxation_01,thermal_relaxation,1,swap,1,1608,0.054100347894347,0.06624530021864204
fresh_thermal_relaxation_01,thermal_relaxation,1,swap,2,2832,0.04078501631670678,0.050033965255609186
fresh_thermal_relaxation_01,thermal_relaxation,1,swap,3,4056,0.04819380631999034,0.04864031550799018
fresh_thermal_relaxation_01,thermal_relaxation,1,baseline,0,384,0.08423403415730003,0.10213460855725462
fresh_thermal_relaxation_01,thermal_relaxation,1,baseline,1,1608,0.09246624328412593,0.10731760607155777
fresh_thermal_relaxation_01,thermal_relaxation,1,baseline,2,2832,0.039547110372467775,0.05500491276512101
fresh_thermal_relaxation_01,thermal_relaxation,1,baseline,3,4056,0.038725716585027194,0.058580956524554445
fresh_thermal_relaxation_01,thermal_relaxation,1,selected,0,384,0.08423403415730003,0.10213460855725462
fresh_thermal_relaxation_01,thermal_relaxation,1,selected,1,1608,0.054100347894347,0.06624530021864204
fresh_thermal_relaxation_01,thermal_relaxation,1,selected,2,2832,0.04268878668657449,0.05111528695656459
fresh_thermal_relaxation_01,thermal_relaxation,1,selected,3,4056,0.05253757017721487,0.05378738018214989
fresh_thermal_relaxation_02,thermal_relaxation,0,greedy,0,384,0.1731345797311774,0.1476058182647878
fresh_thermal_relaxation_02,thermal_relaxation,0,greedy,1,1608,0.06978753025865014,0.06661891260943882
fresh_thermal_relaxation_02,thermal_relaxation,0,greedy,2,2832,0.04809606651399123,0.05730118035788069
fresh_thermal_relaxation_02,thermal_relaxation,0,greedy,3,4056,0.04884629500803545,0.06326291360371208
fresh_thermal_relaxation_02,thermal_relaxation,0,swap,0,384,0.1731345797311774,0.1476058182647878
fresh_thermal_relaxation_02,thermal_relaxation,0,swap,1,1608,0.05477314957636874,0.08402821570237587
fresh_thermal_relaxation_02,thermal_relaxation,0,swap,2,2832,0.05513896370408624,0.058406142456127894
fresh_thermal_relaxation_02,thermal_relaxation,0,swap,3,4056,0.04206925308106219,0.042604106205119174
fresh_thermal_relaxation_02,thermal_relaxation,0,baseline,0,384,0.1731345797311774,0.1476058182647878
fresh_thermal_relaxation_02,thermal_relaxation,0,baseline,1,1608,0.05410695682702163,0.0815007285385001
fresh_thermal_relaxation_02,thermal_relaxation,0,baseline,2,2832,0.057499969669849396,0.05995469657541085
fresh_thermal_relaxation_02,thermal_relaxation,0,baseline,3,4056,0.0484576469590553,0.06939518438767273
fresh_thermal_relaxation_02,thermal_relaxation,0,selected,0,384,0.1731345797311774,0.1476058182647878
fresh_thermal_relaxation_02,thermal_relaxation,0,selected,1,1608,0.05410695682702163,0.0815007285385001
fresh_thermal_relaxation_02,thermal_relaxation,0,selected,2,2832,0.057499969669849396,0.05995469657541085
fresh_thermal_relaxation_02,thermal_relaxation,0,selected,3,4056,0.04740316573601286,0.06255621652059659
fresh_thermal_relaxation_02,thermal_relaxation,1,greedy,0,384,0.19967822194755516,0.24307852602042135
fresh_thermal_relaxation_02,thermal_relaxation,1,greedy,1,1608,0.08887676063780096,0.15780711333924655
fresh_thermal_relaxation_02,thermal_relaxation,1,greedy,2,2832,0.10030013525412478,0.07440742049489468
fresh_thermal_relaxation_02,thermal_relaxation,1,greedy,3,4056,0.0630366518629456,0.03666567642626239
fresh_thermal_relaxation_02,thermal_relaxation,1,swap,0,384,0.19967822194755516,0.24307852602042135
fresh_thermal_relaxation_02,thermal_relaxation,1,swap,1,1608,0.12030439402442869,0.1229526588049482
fresh_thermal_relaxation_02,thermal_relaxation,1,swap,2,2832,0.09284091709019596,0.07735209150114508
fresh_thermal_relaxation_02,thermal_relaxation,1,swap,3,4056,0.03593734717152524,0.03458904244900448
fresh_thermal_relaxation_02,thermal_relaxation,1,baseline,0,384,0.19967822194755516,0.24307852602042135
fresh_thermal_relaxation_02,thermal_relaxation,1,baseline,1,1608,0.11720173751142138,0.12462637946331676
fresh_thermal_relaxation_02,thermal_relaxation,1,baseline,2,2832,0.09033486481469928,0.08820357369653029
fresh_thermal_relaxation_02,thermal_relaxation,1,baseline,3,4056,0.07379166653467642,0.05464773275571244
fresh_thermal_relaxation_02,thermal_relaxation,1,selected,0,384,0.19967822194755516,0.24307852602042135
fresh_thermal_relaxation_02,thermal_relaxation,1,selected,1,1608,0.12030439402442869,0.1229526588049482
fresh_thermal_relaxation_02,thermal_relaxation,1,selected,2,2832,0.09131306761847433,0.07771949432925246
fresh_thermal_relaxation_02,thermal_relaxation,1,selected,3,4056,0.036052722511749784,0.035456383786704015
fresh_thermal_relaxation_03,thermal_relaxation,0,greedy,0,384,0.1100064863937016,0.14511764705046587
fresh_thermal_relaxation_03,thermal_relaxation,0,greedy,1,1608,0.08236894899086236,0.1381474769601544
fresh_thermal_relaxation_03,thermal_relaxation,0,greedy,2,2832,0.06946969569371096,0.10711268424464321
fresh_thermal_relaxation_03,thermal_relaxation,0,greedy,3,4056,0.07116392338278309,0.08800147561547705
fresh_thermal_relaxation_03,thermal_relaxation,0,swap,0,384,0.1100064863937016,0.14511764705046587
fresh_thermal_relaxation_03,thermal_relaxation,0,swap,1,1608,0.08387873622003546,0.13941080850054427
fresh_thermal_relaxation_03,thermal_relaxation,0,swap,2,2832,0.06793077517824123,0.10389400700081147
fresh_thermal_relaxation_03,thermal_relaxation,0,swap,3,4056,0.05889515759356095,0.06753042823471758
fresh_thermal_relaxation_03,thermal_relaxation,0,baseline,0,384,0.1100064863937016,0.14511764705046587
fresh_thermal_relaxation_03,thermal_relaxation,0,baseline,1,1608,0.07916005094872809,0.1220203553261859
fresh_thermal_relaxation_03,thermal_relaxation,0,baseline,2,2832,0.06776212723177497,0.10215976861171837
fresh_thermal_relaxation_03,thermal_relaxation,0,baseline,3,4056,0.04022079374872088,0.06572755635339314
fresh_thermal_relaxation_03,thermal_relaxation,0,selected,0,384,0.1100064863937016,0.14511764705046587
fresh_thermal_relaxation_03,thermal_relaxation,0,selected,1,1608,0.07979933790628164,0.12201822050643996
fresh_thermal_relaxation_03,thermal_relaxation,0,selected,2,2832,0.07110742937935273,0.10762757606683056
fresh_thermal_relaxation_03,thermal_relaxation,0,selected,3,4056,0.06063310618410216,0.07472739892501301
fresh_thermal_relaxation_03,thermal_relaxation,1,greedy,0,384,0.10578993655603348,0.14001559247549544
fresh_thermal_relaxation_03,thermal_relaxation,1,greedy,1,1608,0.0952415364187129,0.14054309564688608
fresh_thermal_relaxation_03,thermal_relaxation,1,greedy,2,2832,0.08469772215368233,0.10996457064775743
fresh_thermal_relaxation_03,thermal_relaxation,1,greedy,3,4056,0.06916577395631424,0.10275883977977143
fresh_thermal_relaxation_03,thermal_relaxation,1,swap,0,384,0.10578993655603348,0.14001559247549544
fresh_thermal_relaxation_03,thermal_relaxation,1,swap,1,1608,0.10276559023558066,0.1279357507195663
fresh_thermal_relaxation_03,thermal_relaxation,1,swap,2,2832,0.08308043194003366,0.10224829522634626
fresh_thermal_relaxation_03,thermal_relaxation,1,swap,3,4056,0.06973300161204081,0.09443596307901433
fresh_thermal_relaxation_03,thermal_relaxation,1,baseline,0,384,0.10578993655603348,0.14001559247549544
fresh_thermal_relaxation_03,thermal_relaxation,1,baseline,1,1608,0.11479445375498165,0.1253692914545586
fresh_thermal_relaxation_03,thermal_relaxation,1,baseline,2,2832,0.08020457583148546,0.11653305871481712
fresh_thermal_relaxation_03,thermal_relaxation,1,baseline,3,4056,0.08581878645575877,0.12035983658655855
fresh_thermal_relaxation_03,thermal_relaxation,1,selected,0,384,0.10578993655603348,0.14001559247549544
fresh_thermal_relaxation_03,thermal_relaxation,1,selected,1,1608,0.10276559023558066,0.1279357507195663
fresh_thermal_relaxation_03,thermal_relaxation,1,selected,2,2832,0.08308043194003366,0.10224829522634626
fresh_thermal_relaxation_03,thermal_relaxation,1,selected,3,4056,0.06980003962773663,0.09867818220615504
fresh_thermal_relaxation_04,thermal_relaxation,0,greedy,0,384,0.07432725372271004,0.07190869749066477
fresh_thermal_relaxation_04,thermal_relaxation,0,greedy,1,1608,0.07099989808774294,0.07380639093204894
fresh_thermal_relaxation_04,thermal_relaxation,0,greedy,2,2832,0.0685564988576818,0.07076208588421543
fresh_thermal_relaxation_04,thermal_relaxation,0,greedy,3,4056,0.0395559596425922,0.035039993285001333
fresh_thermal_relaxation_04,thermal_relaxation,0,swap,0,384,0.07432725372271004,0.07190869749066477
fresh_thermal_relaxation_04,thermal_relaxation,0,swap,1,1608,0.07233961539980248,0.0757954678073108
fresh_thermal_relaxation_04,thermal_relaxation,0,swap,2,2832,0.06434031962142223,0.07175019654924886
fresh_thermal_relaxation_04,thermal_relaxation,0,swap,3,4056,0.039923961499205275,0.03934839035218496
fresh_thermal_relaxation_04,thermal_relaxation,0,baseline,0,384,0.07432725372271004,0.07190869749066477
fresh_thermal_relaxation_04,thermal_relaxation,0,baseline,1,1608,0.07539243392440181,0.07441735797096499
fresh_thermal_relaxation_04,thermal_relaxation,0,baseline,2,2832,0.06982392856601295,0.054937195854572504
fresh_thermal_relaxation_04,thermal_relaxation,0,baseline,3,4056,0.04658849511004104,0.03619716776893304
fresh_thermal_relaxation_04,thermal_relaxation,0,selected,0,384,0.07432725372271004,0.07190869749066477
fresh_thermal_relaxation_04,thermal_relaxation,0,selected,1,1608,0.07233961539980248,0.0757954678073108
fresh_thermal_relaxation_04,thermal_relaxation,0,selected,2,2832,0.06404705481321897,0.07156987656485557
fresh_thermal_relaxation_04,thermal_relaxation,0,selected,3,4056,0.041182420903205876,0.03990497248830327
fresh_thermal_relaxation_04,thermal_relaxation,1,greedy,0,384,0.10076518848370115,0.0906803179612019
fresh_thermal_relaxation_04,thermal_relaxation,1,greedy,1,1608,0.08707996646820211,0.096721327169356
fresh_thermal_relaxation_04,thermal_relaxation,1,greedy,2,2832,0.08802442650130937,0.08895777545687084
fresh_thermal_relaxation_04,thermal_relaxation,1,greedy,3,4056,0.10314288380358243,0.08016481151599322
fresh_thermal_relaxation_04,thermal_relaxation,1,swap,0,384,0.10076518848370115,0.0906803179612019
fresh_thermal_relaxation_04,thermal_relaxation,1,swap,1,1608,0.08988180804560686,0.09565989211196418
fresh_thermal_relaxation_04,thermal_relaxation,1,swap,2,2832,0.08802442650130937,0.08895777545687084
fresh_thermal_relaxation_04,thermal_relaxation,1,swap,3,4056,0.10314288380358243,0.08016481151599322
fresh_thermal_relaxation_04,thermal_relaxation,1,baseline,0,384,0.10076518848370115,0.0906803179612019
fresh_thermal_relaxation_04,thermal_relaxation,1,baseline,1,1608,0.08988180804560686,0.09565989211196418
fresh_thermal_relaxation_04,thermal_relaxation,1,baseline,2,2832,0.08802442650130937,0.08895777545687084
fresh_thermal_relaxation_04,thermal_relaxation,1,baseline,3,4056,0.10685827279059414,0.08900333164839269
fresh_thermal_relaxation_04,thermal_relaxation,1,selected,0,384,0.10076518848370115,0.0906803179612019
fresh_thermal_relaxation_04,thermal_relaxation,1,selected,1,1608,0.09045188722404975,0.09200836220978689
fresh_thermal_relaxation_04,thermal_relaxation,1,selected,2,2832,0.08840063125517642,0.08963469952898037
fresh_thermal_relaxation_04,thermal_relaxation,1,selected,3,4056,0.103409093081194,0.08024726629691792
fresh_dephasing_00,dephasing,0,greedy,0,384,0.19445843869398738,0.18804723357453992
fresh_dephasing_00,dephasing,0,greedy,1,1608,0.12323397051107329,0.08566124610555989
fresh_dephasing_00,dephasing,0,greedy,2,2832,0.11003929407095817,0.07682318155780593
fresh_dephasing_00,dephasing,0,greedy,3,4056,0.12110307014347918,0.0793187142138636
fresh_dephasing_00,dephasing,0,swap,0,384,0.19445843869398738,0.18804723357453992
fresh_dephasing_00,dephasing,0,swap,1,1608,0.12615405363692644,0.08807641377931008
fresh_dephasing_00,dephasing,0,swap,2,2832,0.10988182674513788,0.07617419043589561
fresh_dephasing_00,dephasing,0,swap,3,4056,0.11874847686559188,0.08503112694184906
fresh_dephasing_00,dephasing,0,baseline,0,384,0.19445843869398738,0.18804723357453992
fresh_dephasing_00,dephasing,0,baseline,1,1608,0.1455954890199308,0.1049891051866168
fresh_dephasing_00,dephasing,0,baseline,2,2832,0.11472799306825526,0.07639630291747565
fresh_dephasing_00,dephasing,0,baseline,3,4056,0.12406837942849928,0.07649760851840667
fresh_dephasing_00,dephasing,0,selected,0,384,0.19445843869398738,0.18804723357453992
fresh_dephasing_00,dephasing,0,selected,1,1608,0.12323397051107329,0.08566124610555989
fresh_dephasing_00,dephasing,0,selected,2,2832,0.11071682242830827,0.07767763824117659
fresh_dephasing_00,dephasing,0,selected,3,4056,0.12027891243341655,0.06821579733257674
fresh_dephasing_00,dephasing,1,greedy,0,384,0.1112467295501156,0.09058042917332126
fresh_dephasing_00,dephasing,1,greedy,1,1608,0.0942044027712945,0.07027630132884807
fresh_dephasing_00,dephasing,1,greedy,2,2832,0.07031473479675734,0.055054327191622524
fresh_dephasing_00,dephasing,1,greedy,3,4056,0.051134107478566025,0.03644132210011884
fresh_dephasing_00,dephasing,1,swap,0,384,0.1112467295501156,0.09058042917332126
fresh_dephasing_00,dephasing,1,swap,1,1608,0.11652211009447645,0.08226079011878112
fresh_dephasing_00,dephasing,1,swap,2,2832,0.055397670295616416,0.035245668113622036
fresh_dephasing_00,dephasing,1,swap,3,4056,0.04381997293979711,0.0313263283616159
fresh_dephasing_00,dephasing,1,baseline,0,384,0.1112467295501156,0.09058042917332126
fresh_dephasing_00,dephasing,1,baseline,1,1608,0.09691710001345509,0.06817351791686116
fresh_dephasing_00,dephasing,1,baseline,2,2832,0.07442339174524698,0.04316825787119816
fresh_dephasing_00,dephasing,1,baseline,3,4056,0.04628756456541453,0.023319365823398594
fresh_dephasing_00,dephasing,1,selected,0,384,0.1112467295501156,0.09058042917332126
fresh_dephasing_00,dephasing,1,selected,1,1608,0.11652211009447645,0.08226079011878112
fresh_dephasing_00,dephasing,1,selected,2,2832,0.055397670295616416,0.035245668113622036
fresh_dephasing_00,dephasing,1,selected,3,4056,0.04381997293979711,0.0313263283616159
fresh_dephasing_01,dephasing,0,greedy,0,384,0.20719369016096173,0.1559201844095524
fresh_dephasing_01,dephasing,0,greedy,1,1608,0.13686332839098317,0.06832962934013367
fresh_dephasing_01,dephasing,0,greedy,2,2832,0.1204641653001731,0.08473373199369913
fresh_dephasing_01,dephasing,0,greedy,3,4056,0.0904723723218157,0.06013178595279756
fresh_dephasing_01,dephasing,0,swap,0,384,0.20719369016096173,0.1559201844095524
fresh_dephasing_01,dephasing,0,swap,1,1608,0.12688510348664134,0.10211126978988191
fresh_dephasing_01,dephasing,0,swap,2,2832,0.11000422631243369,0.08670756110390992
fresh_dephasing_01,dephasing,0,swap,3,4056,0.09550013153165592,0.08365742060634973
fresh_dephasing_01,dephasing,0,baseline,0,384,0.20719369016096173,0.1559201844095524
fresh_dephasing_01,dephasing,0,baseline,1,1608,0.13374587565894666,0.09478403827020954
fresh_dephasing_01,dephasing,0,baseline,2,2832,0.11656541761573083,0.08357742480721046
fresh_dephasing_01,dephasing,0,baseline,3,4056,0.09523520932576429,0.06230442700309024
fresh_dephasing_01,dephasing,0,selected,0,384,0.20719369016096173,0.1559201844095524
fresh_dephasing_01,dephasing,0,selected,1,1608,0.12333832333962257,0.09600955183005697
fresh_dephasing_01,dephasing,0,selected,2,2832,0.11445919267783385,0.0928978978553837
fresh_dephasing_01,dephasing,0,selected,3,4056,0.0927200162074536,0.07244736231711588
fresh_dephasing_01,dephasing,1,greedy,0,384,0.16614770415404906,0.09696334277254337
fresh_dephasing_01,dephasing,1,greedy,1,1608,0.1017475211478078,0.06250019194413069
fresh_dephasing_01,dephasing,1,greedy,2,2832,0.03070349441827639,0.02152922438442772
fresh_dephasing_01,dephasing,1,greedy,3,4056,0.020866284818270155,0.012417219550377372
fresh_dephasing_01,dephasing,1,swap,0,384,0.16614770415404906,0.09696334277254337
fresh_dephasing_01,dephasing,1,swap,1,1608,0.12807362251881443,0.07718796042731246
fresh_dephasing_01,dephasing,1,swap,2,2832,0.055807529107141124,0.0304839932228798
fresh_dephasing_01,dephasing,1,swap,3,4056,0.0254867125392367,0.0181223357485349
fresh_dephasing_01,dephasing,1,baseline,0,384,0.16614770415404906,0.09696334277254337
fresh_dephasing_01,dephasing,1,baseline,1,1608,0.12285226763467477,0.07400441447999859
fresh_dephasing_01,dephasing,1,baseline,2,2832,0.09029586247641648,0.06087883496295435
fresh_dephasing_01,dephasing,1,baseline,3,4056,0.041765599569985636,0.03211189186410539
fresh_dephasing_01,dephasing,1,selected,0,384,0.16614770415404906,0.09696334277254337
fresh_dephasing_01,dephasing,1,selected,1,1608,0.12807362251881443,0.07718796042731246
fresh_dephasing_01,dephasing,1,selected,2,2832,0.06502213829414007,0.034558820682584424
fresh_dephasing_01,dephasing,1,selected,3,4056,0.02729547146037278,0.02227225373959839
fresh_dephasing_02,dephasing,0,greedy,0,384,0.20579191163498423,0.13383831720561432
fresh_dephasing_02,dephasing,0,greedy,1,1608,0.11082406386340356,0.06425836239649522
fresh_dephasing_02,dephasing,0,greedy,2,2832,0.07250666751125932,0.04709035293995181
fresh_dephasing_02,dephasing,0,greedy,3,4056,0.06958909754337282,0.04724792504422741
fresh_dephasing_02,dephasing,0,swap,0,384,0.20579191163498423,0.13383831720561432
fresh_dephasing_02,dephasing,0,swap,1,1608,0.11586996204918819,0.06557156105975054
fresh_dephasing_02,dephasing,0,swap,2,2832,0.07143281342734197,0.04586240812083432
fresh_dephasing_02,dephasing,0,swap,3,4056,0.06809458629593322,0.04595542110433472
fresh_dephasing_02,dephasing,0,baseline,0,384,0.20579191163498423,0.13383831720561432
fresh_dephasing_02,dephasing,0,baseline,1,1608,0.11586996204918819,0.06557156105975054
fresh_dephasing_02,dephasing,0,baseline,2,2832,0.07567922727045988,0.04795538877202945
fresh_dephasing_02,dephasing,0,baseline,3,4056,0.07633868881757361,0.05118769587570168
fresh_dephasing_02,dephasing,0,selected,0,384,0.20579191163498423,0.13383831720561432
fresh_dephasing_02,dephasing,0,selected,1,1608,0.11586996204918819,0.06557156105975054
fresh_dephasing_02,dephasing,0,selected,2,2832,0.07665693565907909,0.0528689291738619
fresh_dephasing_02,dephasing,0,selected,3,4056,0.0671521934186494,0.047191913325757215
fresh_dephasing_02,dephasing,1,greedy,0,384,0.19023843415526065,0.12001315551436545
fresh_dephasing_02,dephasing,1,greedy,1,1608,0.11731945924334551,0.06659960131174716
fresh_dephasing_02,dephasing,1,greedy,2,2832,0.08231586851465247,0.03950525267770008
fresh_dephasing_02,dephasing,1,greedy,3,4056,0.042998949375967134,0.021664880241540594
fresh_dephasing_02,dephasing,1,swap,0,384,0.19023843415526065,0.12001315551436545
fresh_dephasing_02,dephasing,1,swap,1,1608,0.10858209868627854,0.06580923834209007
fresh_dephasing_02,dephasing,1,swap,2,2832,0.08724638733349346,0.0417069263005591
fresh_dephasing_02,dephasing,1,swap,3,4056,0.0538126429793649,0.024815040979455895
fresh_dephasing_02,dephasing,1,baseline,0,384,0.19023843415526065,0.12001315551436545
fresh_dephasing_02,dephasing,1,baseline,1,1608,0.08559700726369356,0.04515528872596229
fresh_dephasing_02,dephasing,1,baseline,2,2832,0.06799567465015835,0.02794709435140333
fresh_dephasing_02,dephasing,1,baseline,3,4056,0.04901530211902046,0.017119203400742862
fresh_dephasing_02,dephasing,1,selected,0,384,0.19023843415526065,0.12001315551436545
fresh_dephasing_02,dephasing,1,selected,1,1608,0.10858209868627854,0.06580923834209007
fresh_dephasing_02,dephasing,1,selected,2,2832,0.08724638733349346,0.0417069263005591
fresh_dephasing_02,dephasing,1,selected,3,4056,0.0538126429793649,0.024815040979455895
fresh_dephasing_03,dephasing,0,greedy,0,384,0.1122930951763044,0.1451798369758386
fresh_dephasing_03,dephasing,0,greedy,1,1608,0.10635464588404941,0.13483474872160534
fresh_dephasing_03,dephasing,0,greedy,2,2832,0.1106221690082331,0.07319376160653096
fresh_dephasing_03,dephasing,0,greedy,3,4056,0.07985974962833624,0.04594894165179356
fresh_dephasing_03,dephasing,0,swap,0,384,0.1122930951763044,0.1451798369758386
fresh_dephasing_03,dephasing,0,swap,1,1608,0.10635464588404941,0.13483474872160534
fresh_dephasing_03,dephasing,0,swap,2,2832,0.1106221690082331,0.07319376160653096
fresh_dephasing_03,dephasing,0,swap,3,4056,0.07985974962833624,0.04594894165179356
fresh_dephasing_03,dephasing,0,baseline,0,384,0.1122930951763044,0.1451798369758386
fresh_dephasing_03,dephasing,0,baseline,1,1608,0.0995756850572591,0.105624809924799
fresh_dephasing_03,dephasing,0,baseline,2,2832,0.03315143010532419,0.03081612444782891
fresh_dephasing_03,dephasing,0,baseline,3,4056,0.028203907911520283,0.03002859365590033
fresh_dephasing_03,dephasing,0,selected,0,384,0.1122930951763044,0.1451798369758386
fresh_dephasing_03,dephasing,0,selected,1,1608,0.10635464588404941,0.13483474872160534
fresh_dephasing_03,dephasing,0,selected,2,2832,0.1106221690082331,0.07319376160653096
fresh_dephasing_03,dephasing,0,selected,3,4056,0.07985974962833624,0.04594894165179356
fresh_dephasing_03,dephasing,1,greedy,0,384,0.08817257842573686,0.13891828055654476
fresh_dephasing_03,dephasing,1,greedy,1,1608,0.09695196521897502,0.1326238094930831
fresh_dephasing_03,dephasing,1,greedy,2,2832,0.06889333240938594,0.04570844085003291
fresh_dephasing_03,dephasing,1,greedy,3,4056,0.02865502804931007,0.03413575795387789
fresh_dephasing_03,dephasing,1,swap,0,384,0.08817257842573686,0.13891828055654476
fresh_dephasing_03,dephasing,1,swap,1,1608,0.09695196521897502,0.1326238094930831
fresh_dephasing_03,dephasing,1,swap,2,2832,0.06889333240938594,0.04570844085003291
fresh_dephasing_03,dephasing,1,swap,3,4056,0.02865502804931007,0.03413575795387789
fresh_dephasing_03,dephasing,1,baseline,0,384,0.08817257842573686,0.13891828055654476
fresh_dephasing_03,dephasing,1,baseline,1,1608,0.09127351777342174,0.08540541661317184
fresh_dephasing_03,dephasing,1,baseline,2,2832,0.08524664936666534,0.06658142964249758
fresh_dephasing_03,dephasing,1,baseline,3,4056,0.02965161842443777,0.02852596413467077
fresh_dephasing_03,dephasing,1,selected,0,384,0.08817257842573686,0.13891828055654476
fresh_dephasing_03,dephasing,1,selected,1,1608,0.09634688424233123,0.12022355649974278
fresh_dephasing_03,dephasing,1,selected,2,2832,0.08479341250105506,0.06762976645906174
fresh_dephasing_03,dephasing,1,selected,3,4056,0.0403925005836901,0.03703382405163281
fresh_dephasing_04,dephasing,0,greedy,0,384,0.12023620674076564,0.09261340853816266
fresh_dephasing_04,dephasing,0,greedy,1,1608,0.07400590914376928,0.09199953068559716
fresh_dephasing_04,dephasing,0,greedy,2,2832,0.05583700462752297,0.05719566865559242
fresh_dephasing_04,dephasing,0,greedy,3,4056,0.01975543675948951,0.017435731112760075
fresh_dephasing_04,dephasing,0,swap,0,384,0.12023620674076564,0.09261340853816266
fresh_dephasing_04,dephasing,0,swap,1,1608,0.07400590914376928,0.09199953068559716
fresh_dephasing_04,dephasing,0,swap,2,2832,0.05583700462752297,0.05719566865559242
fresh_dephasing_04,dephasing,0,swap,3,4056,0.01975543675948951,0.017435731112760075
fresh_dephasing_04,dephasing,0,baseline,0,384,0.12023620674076564,0.09261340853816266
fresh_dephasing_04,dephasing,0,baseline,1,1608,0.06934631508965969,0.11264928847525137
fresh_dephasing_04,dephasing,0,baseline,2,2832,0.044382744287741326,0.0351642624061068
fresh_dephasing_04,dephasing,0,baseline,3,4056,0.019071391682172523,0.023389256346803104
fresh_dephasing_04,dephasing,0,selected,0,384,0.12023620674076564,0.09261340853816266
fresh_dephasing_04,dephasing,0,selected,1,1608,0.07400590914376928,0.09199953068559716
fresh_dephasing_04,dephasing,0,selected,2,2832,0.05653223473036715,0.05666929763440075
fresh_dephasing_04,dephasing,0,selected,3,4056,0.019788204001272718,0.016475745474812738
fresh_dephasing_04,dephasing,1,greedy,0,384,0.11779767269706985,0.09445192205770525
fresh_dephasing_04,dephasing,1,greedy,1,1608,0.0540891186167197,0.04441451140488386
fresh_dephasing_04,dephasing,1,greedy,2,2832,0.025875749569516264,0.03222658594300498
fresh_dephasing_04,dephasing,1,greedy,3,4056,0.03617251718595973,0.03608053156376226
fresh_dephasing_04,dephasing,1,swap,0,384,0.11779767269706985,0.09445192205770525
fresh_dephasing_04,dephasing,1,swap,1,1608,0.0540891186167197,0.04441451140488386
fresh_dephasing_04,dephasing,1,swap,2,2832,0.026724733699208476,0.0360879019749404
fresh_dephasing_04,dephasing,1,swap,3,4056,0.036346564798728075,0.04017133353625924
fresh_dephasing_04,dephasing,1,baseline,0,384,0.11779767269706985,0.09445192205770525
fresh_dephasing_04,dephasing,1,baseline,1,1608,0.06155207150940396,0.05676139133252916
fresh_dephasing_04,dephasing,1,baseline,2,2832,0.026421399115674656,0.03603866655327747
fresh_dephasing_04,dephasing,1,baseline,3,4056,0.020718870027783307,0.027515307312909715
fresh_dephasing_04,dephasing,1,selected,0,384,0.11779767269706985,0.09445192205770525
fresh_dephasing_04,dephasing,1,selected,1,1608,0.051800649944197884,0.048105309408314124
fresh_dephasing_04,dephasing,1,selected,2,2832,0.024635131332056817,0.03207861507101151
fresh_dephasing_04,dephasing,1,selected,3,4056,0.03251552224182128,0.033974430046456436
fresh_coherent_rotation_00,coherent_rotation,0,greedy,0,384,0.12065947671541158,0.08746799560366056
fresh_coherent_rotation_00,coherent_rotation,0,greedy,1,1608,0.11932225684599466,0.08965315081309883
fresh_coherent_rotation_00,coherent_rotation,0,greedy,2,2832,0.13424780919782514,0.06942156629945037
fresh_coherent_rotation_00,coherent_rotation,0,greedy,3,4056,0.13498985420499213,0.06596709784967328
fresh_coherent_rotation_00,coherent_rotation,0,swap,0,384,0.12065947671541158,0.08746799560366056
fresh_coherent_rotation_00,coherent_rotation,0,swap,1,1608,0.11932225684599466,0.08965315081309883
fresh_coherent_rotation_00,coherent_rotation,0,swap,2,2832,0.12932950998156187,0.0627967049010322
fresh_coherent_rotation_00,coherent_rotation,0,swap,3,4056,0.03671806212351407,0.020947736417065828
fresh_coherent_rotation_00,coherent_rotation,0,baseline,0,384,0.12065947671541158,0.08746799560366056
fresh_coherent_rotation_00,coherent_rotation,0,baseline,1,1608,0.1392508377979802,0.06887002979389517
fresh_coherent_rotation_00,coherent_rotation,0,baseline,2,2832,0.14693677509880365,0.07342936082471876
fresh_coherent_rotation_00,coherent_rotation,0,baseline,3,4056,0.038728254464789204,0.03024780145663234
fresh_coherent_rotation_00,coherent_rotation,0,selected,0,384,0.12065947671541158,0.08746799560366056
fresh_coherent_rotation_00,coherent_rotation,0,selected,1,1608,0.11917538521401973,0.08271678059623642
fresh_coherent_rotation_00,coherent_rotation,0,selected,2,2832,0.12665164228455145,0.06645588919623661
fresh_coherent_rotation_00,coherent_rotation,0,selected,3,4056,0.12467522880434008,0.06702546594086842
fresh_coherent_rotation_00,coherent_rotation,1,greedy,0,384,0.14334422909719666,0.09861649797710452
fresh_coherent_rotation_00,coherent_rotation,1,greedy,1,1608,0.061698085141998274,0.05081001180871504
fresh_coherent_rotation_00,coherent_rotation,1,greedy,2,2832,0.0586269396295319,0.04791731753029003
fresh_coherent_rotation_00,coherent_rotation,1,greedy,3,4056,0.03808127723867404,0.03716861492378866
fresh_coherent_rotation_00,coherent_rotation,1,swap,0,384,0.14334422909719666,0.09861649797710452
fresh_coherent_rotation_00,coherent_rotation,1,swap,1,1608,0.061698085141998274,0.05081001180871504
fresh_coherent_rotation_00,coherent_rotation,1,swap,2,2832,0.0586269396295319,0.04791731753029003
fresh_coherent_rotation_00,coherent_rotation,1,swap,3,4056,0.05178115826422502,0.03810123183928934
fresh_coherent_rotation_00,coherent_rotation,1,baseline,0,384,0.14334422909719666,0.09861649797710452
fresh_coherent_rotation_00,coherent_rotation,1,baseline,1,1608,0.05692660230235126,0.04091668463798848
fresh_coherent_rotation_00,coherent_rotation,1,baseline,2,2832,0.05038760192978452,0.03208716929909376
fresh_coherent_rotation_00,coherent_rotation,1,baseline,3,4056,0.03740526613838887,0.02286497927443776
fresh_coherent_rotation_00,coherent_rotation,1,selected,0,384,0.14334422909719666,0.09861649797710452
fresh_coherent_rotation_00,coherent_rotation,1,selected,1,1608,0.061698085141998274,0.05081001180871504
fresh_coherent_rotation_00,coherent_rotation,1,selected,2,2832,0.0586269396295319,0.04791731753029003
fresh_coherent_rotation_00,coherent_rotation,1,selected,3,4056,0.03891501955184368,0.03751847051789771
fresh_coherent_rotation_01,coherent_rotation,0,greedy,0,384,0.1435769555311393,0.11401543945327161
fresh_coherent_rotation_01,coherent_rotation,0,greedy,1,1608,0.08503174230547754,0.06949861041533767
fresh_coherent_rotation_01,coherent_rotation,0,greedy,2,2832,0.10068703232799009,0.0834156467871551
fresh_coherent_rotation_01,coherent_rotation,0,greedy,3,4056,0.03613897907252947,0.02492414625397594
fresh_coherent_rotation_01,coherent_rotation,0,swap,0,384,0.1435769555311393,0.11401543945327161
fresh_coherent_rotation_01,coherent_rotation,0,swap,1,1608,0.08503174230547754,0.06949861041533767
fresh_coherent_rotation_01,coherent_rotation,0,swap,2,2832,0.10068703232799009,0.0834156467871551
fresh_coherent_rotation_01,coherent_rotation,0,swap,3,4056,0.03613897907252947,0.02492414625397594
fresh_coherent_rotation_01,coherent_rotation,0,baseline,0,384,0.1435769555311393,0.11401543945327161
fresh_coherent_rotation_01,coherent_rotation,0,baseline,1,1608,0.06953937458006515,0.05529736985207023
fresh_coherent_rotation_01,coherent_rotation,0,baseline,2,2832,0.0853962964902391,0.07275968491517021
fresh_coherent_rotation_01,coherent_rotation,0,baseline,3,4056,0.0516507372261472,0.03791072358178119
fresh_coherent_rotation_01,coherent_rotation,0,selected,0,384,0.1435769555311393,0.11401543945327161
fresh_coherent_rotation_01,coherent_rotation,0,selected,1,1608,0.0891650543260209,0.07538208179068698
fresh_coherent_rotation_01,coherent_rotation,0,selected,2,2832,0.09096740585258532,0.07847316894485709
fresh_coherent_rotation_01,coherent_rotation,0,selected,3,4056,0.054027005281987756,0.041925324532265995
fresh_coherent_rotation_01,coherent_rotation,1,greedy,0,384,0.16765730805390427,0.16502389628368894
fresh_coherent_rotation_01,coherent_rotation,1,greedy,1,1608,0.13460442901282663,0.10547310410773943
fresh_coherent_rotation_01,coherent_rotation,1,greedy,2,2832,0.0975146852559576,0.06923450068933586
fresh_coherent_rotation_01,coherent_rotation,1,greedy,3,4056,0.038395172998398806,0.0243393764159154
fresh_coherent_rotation_01,coherent_rotation,1,swap,0,384,0.16765730805390427,0.16502389628368894
fresh_coherent_rotation_01,coherent_rotation,1,swap,1,1608,0.11549400873020733,0.09800871892328258
fresh_coherent_rotation_01,coherent_rotation,1,swap,2,2832,0.08900342366340441,0.06587710370751985
fresh_coherent_rotation_01,coherent_rotation,1,swap,3,4056,0.030541692720695728,0.021121790959721536
fresh_coherent_rotation_01,coherent_rotation,1,baseline,0,384,0.16765730805390427,0.16502389628368894
fresh_coherent_rotation_01,coherent_rotation,1,baseline,1,1608,0.12564713796490465,0.10686544227637401
fresh_coherent_rotation_01,coherent_rotation,1,baseline,2,2832,0.06995942620786583,0.05480293962259903
fresh_coherent_rotation_01,coherent_rotation,1,baseline,3,4056,0.05538614937802193,0.04605602719924719
fresh_coherent_rotation_01,coherent_rotation,1,selected,0,384,0.16765730805390427,0.16502389628368894
fresh_coherent_rotation_01,coherent_rotation,1,selected,1,1608,0.11549400873020733,0.09800871892328258
fresh_coherent_rotation_01,coherent_rotation,1,selected,2,2832,0.08900342366340441,0.06587710370751985
fresh_coherent_rotation_01,coherent_rotation,1,selected,3,4056,0.05616981888370324,0.04044884393428929
fresh_coherent_rotation_02,coherent_rotation,0,greedy,0,384,0.18178284918482068,0.10670643302389596
fresh_coherent_rotation_02,coherent_rotation,0,greedy,1,1608,0.044127962414021935,0.022416416836628622
fresh_coherent_rotation_02,coherent_rotation,0,greedy,2,2832,0.04803047076206551,0.024385821931604896
fresh_coherent_rotation_02,coherent_rotation,0,greedy,3,4056,0.033428542085893555,0.01880329773577511
fresh_coherent_rotation_02,coherent_rotation,0,swap,0,384,0.18178284918482068,0.10670643302389596
fresh_coherent_rotation_02,coherent_rotation,0,swap,1,1608,0.05063403387107135,0.025301147612905472
fresh_coherent_rotation_02,coherent_rotation,0,swap,2,2832,0.03961701828267788,0.01798463407578892
fresh_coherent_rotation_02,coherent_rotation,0,swap,3,4056,0.043825232956267404,0.0241772767157043
fresh_coherent_rotation_02,coherent_rotation,0,baseline,0,384,0.18178284918482068,0.10670643302389596
fresh_coherent_rotation_02,coherent_rotation,0,baseline,1,1608,0.04677292027703112,0.024401197873394585
fresh_coherent_rotation_02,coherent_rotation,0,baseline,2,2832,0.039365748041356986,0.02341519996547639
fresh_coherent_rotation_02,coherent_rotation,0,baseline,3,4056,0.04844001599195284,0.028036003069340232
fresh_coherent_rotation_02,coherent_rotation,0,selected,0,384,0.18178284918482068,0.10670643302389596
fresh_coherent_rotation_02,coherent_rotation,0,selected,1,1608,0.044127962414021935,0.022416416836628622
fresh_coherent_rotation_02,coherent_rotation,0,selected,2,2832,0.03708289034031113,0.018715123166453712
fresh_coherent_rotation_02,coherent_rotation,0,selected,3,4056,0.05112043973242005,0.030145704659563795
fresh_coherent_rotation_02,coherent_rotation,1,greedy,0,384,0.2282373214314722,0.14739141423275987
fresh_coherent_rotation_02,coherent_rotation,1,greedy,1,1608,0.07746345846571367,0.053044172655850694
fresh_coherent_rotation_02,coherent_rotation,1,greedy,2,2832,0.037867572593881696,0.01971783461981083
fresh_coherent_rotation_02,coherent_rotation,1,greedy,3,4056,0.013044491728352028,0.006782362820643262
fresh_coherent_rotation_02,coherent_rotation,1,swap,0,384,0.2282373214314722,0.14739141423275987
fresh_coherent_rotation_02,coherent_rotation,1,swap,1,1608,0.07746345846571367,0.053044172655850694
fresh_coherent_rotation_02,coherent_rotation,1,swap,2,2832,0.037867572593881696,0.01971783461981083
fresh_coherent_rotation_02,coherent_rotation,1,swap,3,4056,0.013044491728352028,0.006782362820643262
fresh_coherent_rotation_02,coherent_rotation,1,baseline,0,384,0.2282373214314722,0.14739141423275987
fresh_coherent_rotation_02,coherent_rotation,1,baseline,1,1608,0.07746345846571367,0.053044172655850694
fresh_coherent_rotation_02,coherent_rotation,1,baseline,2,2832,0.04546745831611174,0.02195278023074125
fresh_coherent_rotation_02,coherent_rotation,1,baseline,3,4056,0.02852505554649843,0.012443867147285213
fresh_coherent_rotation_02,coherent_rotation,1,selected,0,384,0.2282373214314722,0.14739141423275987
fresh_coherent_rotation_02,coherent_rotation,1,selected,1,1608,0.07746345846571367,0.053044172655850694
fresh_coherent_rotation_02,coherent_rotation,1,selected,2,2832,0.051111137049874876,0.026593886272143624
fresh_coherent_rotation_02,coherent_rotation,1,selected,3,4056,0.017463314382092143,0.009153853179439127
fresh_coherent_rotation_03,coherent_rotation,0,greedy,0,384,0.1711863725715227,0.13985109373167837
fresh_coherent_rotation_03,coherent_rotation,0,greedy,1,1608,0.12787625896411867,0.06853564175944458
fresh_coherent_rotation_03,coherent_rotation,0,greedy,2,2832,0.04849606098244693,0.04780552905242723
fresh_coherent_rotation_03,coherent_rotation,0,greedy,3,4056,0.04305750706350284,0.030068120912429518
fresh_coherent_rotation_03,coherent_rotation,0,swap,0,384,0.1711863725715227,0.13985109373167837
fresh_coherent_rotation_03,coherent_rotation,0,swap,1,1608,0.12787625896411867,0.06853564175944458
fresh_coherent_rotation_03,coherent_rotation,0,swap,2,2832,0.04849606098244693,0.04780552905242723
fresh_coherent_rotation_03,coherent_rotation,0,swap,3,4056,0.04305750706350284,0.030068120912429518
fresh_coherent_rotation_03,coherent_rotation,0,baseline,0,384,0.1711863725715227,0.13985109373167837
fresh_coherent_rotation_03,coherent_rotation,0,baseline,1,1608,0.12787625896411867,0.06853564175944458
fresh_coherent_rotation_03,coherent_rotation,0,baseline,2,2832,0.05327814184552229,0.04599826260538216
fresh_coherent_rotation_03,coherent_rotation,0,baseline,3,4056,0.022202278429697388,0.016797100590252485
fresh_coherent_rotation_03,coherent_rotation,0,selected,0,384,0.1711863725715227,0.13985109373167837
fresh_coherent_rotation_03,coherent_rotation,0,selected,1,1608,0.12787625896411867,0.06853564175944458
fresh_coherent_rotation_03,coherent_rotation,0,selected,2,2832,0.04849606098244693,0.04780552905242723
fresh_coherent_rotation_03,coherent_rotation,0,selected,3,4056,0.02018759715044132,0.021537511250667996
fresh_coherent_rotation_03,coherent_rotation,1,greedy,0,384,0.07146553995584481,0.07803993201112319
fresh_coherent_rotation_03,coherent_rotation,1,greedy,1,1608,0.04935021456061143,0.03349700980063594
fresh_coherent_rotation_03,coherent_rotation,1,greedy,2,2832,0.046634016199756836,0.031549726359669836
fresh_coherent_rotation_03,coherent_rotation,1,greedy,3,4056,0.04690134973604918,0.035974900823395786
fresh_coherent_rotation_03,coherent_rotation,1,swap,0,384,0.07146553995584481,0.07803993201112319
fresh_coherent_rotation_03,coherent_rotation,1,swap,1,1608,0.04935021456061143,0.03349700980063594
fresh_coherent_rotation_03,coherent_rotation,1,swap,2,2832,0.046634016199756836,0.031549726359669836
fresh_coherent_rotation_03,coherent_rotation,1,swap,3,4056,0.04690134973604918,0.035974900823395786
fresh_coherent_rotation_03,coherent_rotation,1,baseline,0,384,0.07146553995584481,0.07803993201112319
fresh_coherent_rotation_03,coherent_rotation,1,baseline,1,1608,0.03285666216679839,0.03491706105699969
fresh_coherent_rotation_03,coherent_rotation,1,baseline,2,2832,0.029604648659424627,0.029626757938565403
fresh_coherent_rotation_03,coherent_rotation,1,baseline,3,4056,0.045503276697041725,0.03266478680067398
fresh_coherent_rotation_03,coherent_rotation,1,selected,0,384,0.07146553995584481,0.07803993201112319
fresh_coherent_rotation_03,coherent_rotation,1,selected,1,1608,0.04935021456061143,0.03349700980063594
fresh_coherent_rotation_03,coherent_rotation,1,selected,2,2832,0.046634016199756836,0.031549726359669836
fresh_coherent_rotation_03,coherent_rotation,1,selected,3,4056,0.0371379889365542,0.03459930538763612
fresh_coherent_rotation_04,coherent_rotation,0,greedy,0,384,0.12834850293535985,0.09576714650849427
fresh_coherent_rotation_04,coherent_rotation,0,greedy,1,1608,0.06912706706382582,0.044083916944027045
fresh_coherent_rotation_04,coherent_rotation,0,greedy,2,2832,0.022395637847715005,0.024452133402343992
fresh_coherent_rotation_04,coherent_rotation,0,greedy,3,4056,0.05510721242383334,0.0426649731866299
fresh_coherent_rotation_04,coherent_rotation,0,swap,0,384,0.12834850293535985,0.09576714650849427
fresh_coherent_rotation_04,coherent_rotation,0,swap,1,1608,0.06912706706382582,0.044083916944027045
fresh_coherent_rotation_04,coherent_rotation,0,swap,2,2832,0.022395637847715005,0.024452133402343992
fresh_coherent_rotation_04,coherent_rotation,0,swap,3,4056,0.05510721242383334,0.0426649731866299
fresh_coherent_rotation_04,coherent_rotation,0,baseline,0,384,0.12834850293535985,0.09576714650849427
fresh_coherent_rotation_04,coherent_rotation,0,baseline,1,1608,0.08032246899465834,0.06173836887053334
fresh_coherent_rotation_04,coherent_rotation,0,baseline,2,2832,0.0224982803034506,0.023032984400761007
fresh_coherent_rotation_04,coherent_rotation,0,baseline,3,4056,0.024682043330030122,0.026397268741661074
fresh_coherent_rotation_04,coherent_rotation,0,selected,0,384,0.12834850293535985,0.09576714650849427
fresh_coherent_rotation_04,coherent_rotation,0,selected,1,1608,0.06912706706382582,0.044083916944027045
fresh_coherent_rotation_04,coherent_rotation,0,selected,2,2832,0.02361888752680991,0.021074500016318404
fresh_coherent_rotation_04,coherent_rotation,0,selected,3,4056,0.0496268911913115,0.03559810384825143
fresh_coherent_rotation_04,coherent_rotation,1,greedy,0,384,0.2875706412219566,0.14885037999072104
fresh_coherent_rotation_04,coherent_rotation,1,greedy,1,1608,0.23378366112140625,0.11706027367702855
fresh_coherent_rotation_04,coherent_rotation,1,greedy,2,2832,0.09832039084917923,0.043489859354870694
fresh_coherent_rotation_04,coherent_rotation,1,greedy,3,4056,0.08291417483062105,0.03702657238403316
fresh_coherent_rotation_04,coherent_rotation,1,swap,0,384,0.2875706412219566,0.14885037999072104
fresh_coherent_rotation_04,coherent_rotation,1,swap,1,1608,0.24548072478885496,0.12778015042933993
fresh_coherent_rotation_04,coherent_rotation,1,swap,2,2832,0.09799911324968241,0.04629185472163548
fresh_coherent_rotation_04,coherent_rotation,1,swap,3,4056,0.07572520416186945,0.03329243359417222
fresh_coherent_rotation_04,coherent_rotation,1,baseline,0,384,0.2875706412219566,0.14885037999072104
fresh_coherent_rotation_04,coherent_rotation,1,baseline,1,1608,0.04160986912341934,0.027238262492485982
fresh_coherent_rotation_04,coherent_rotation,1,baseline,2,2832,0.04039083199776459,0.025612137663826473
fresh_coherent_rotation_04,coherent_rotation,1,baseline,3,4056,0.03727276600205997,0.016009831564270265
fresh_coherent_rotation_04,coherent_rotation,1,selected,0,384,0.2875706412219566,0.14885037999072104
fresh_coherent_rotation_04,coherent_rotation,1,selected,1,1608,0.24548072478885496,0.12778015042933993
fresh_coherent_rotation_04,coherent_rotation,1,selected,2,2832,0.09799911324968241,0.04629185472163548
fresh_coherent_rotation_04,coherent_rotation,1,selected,3,4056,0.06083167814327358,0.02676219398138563
fresh_driven_dissipation_00,driven_dissipation,0,greedy,0,384,0.10118623085170607,0.10256370921135574
fresh_driven_dissipation_00,driven_dissipation,0,greedy,1,1608,0.09225106286744297,0.09322276998138143
fresh_driven_dissipation_00,driven_dissipation,0,greedy,2,2832,0.08390690434246431,0.0892024408425742
fresh_driven_dissipation_00,driven_dissipation,0,greedy,3,4056,0.031675162942122734,0.036077457935163426
fresh_driven_dissipation_00,driven_dissipation,0,swap,0,384,0.10118623085170607,0.10256370921135574
fresh_driven_dissipation_00,driven_dissipation,0,swap,1,1608,0.09225106286744297,0.09322276998138143
fresh_driven_dissipation_00,driven_dissipation,0,swap,2,2832,0.08390690434246431,0.0892024408425742
fresh_driven_dissipation_00,driven_dissipation,0,swap,3,4056,0.031675162942122734,0.036077457935163426
fresh_driven_dissipation_00,driven_dissipation,0,baseline,0,384,0.10118623085170607,0.10256370921135574
fresh_driven_dissipation_00,driven_dissipation,0,baseline,1,1608,0.09071487174271915,0.089611489127814
fresh_driven_dissipation_00,driven_dissipation,0,baseline,2,2832,0.06680307850477067,0.07106685611935303
fresh_driven_dissipation_00,driven_dissipation,0,baseline,3,4056,0.06525334692147043,0.0635875938771367
fresh_driven_dissipation_00,driven_dissipation,0,selected,0,384,0.10118623085170607,0.10256370921135574
fresh_driven_dissipation_00,driven_dissipation,0,selected,1,1608,0.09225106286744297,0.09322276998138143
fresh_driven_dissipation_00,driven_dissipation,0,selected,2,2832,0.08390690434246431,0.0892024408425742
fresh_driven_dissipation_00,driven_dissipation,0,selected,3,4056,0.031675162942122734,0.036077457935163426
fresh_driven_dissipation_00,driven_dissipation,1,greedy,0,384,0.10574149138279694,0.16309463008456837
fresh_driven_dissipation_00,driven_dissipation,1,greedy,1,1608,0.09292548103648977,0.16218243740419067
fresh_driven_dissipation_00,driven_dissipation,1,greedy,2,2832,0.06687265154051754,0.10159665587771671
fresh_driven_dissipation_00,driven_dissipation,1,greedy,3,4056,0.05392900053730023,0.07674826577539855
fresh_driven_dissipation_00,driven_dissipation,1,swap,0,384,0.10574149138279694,0.16309463008456837
fresh_driven_dissipation_00,driven_dissipation,1,swap,1,1608,0.09292548103648977,0.16218243740419067
fresh_driven_dissipation_00,driven_dissipation,1,swap,2,2832,0.06687265154051754,0.10159665587771671
fresh_driven_dissipation_00,driven_dissipation,1,swap,3,4056,0.04236319253911948,0.05644332705541412
fresh_driven_dissipation_00,driven_dissipation,1,baseline,0,384,0.10574149138279694,0.16309463008456837
fresh_driven_dissipation_00,driven_dissipation,1,baseline,1,1608,0.09028985313818062,0.16969548827648392
fresh_driven_dissipation_00,driven_dissipation,1,baseline,2,2832,0.05902961461153796,0.0758543373336791
fresh_driven_dissipation_00,driven_dissipation,1,baseline,3,4056,0.04053061258327746,0.06586075668230255
fresh_driven_dissipation_00,driven_dissipation,1,selected,0,384,0.10574149138279694,0.16309463008456837
fresh_driven_dissipation_00,driven_dissipation,1,selected,1,1608,0.09292548103648977,0.16218243740419067
fresh_driven_dissipation_00,driven_dissipation,1,selected,2,2832,0.06687265154051754,0.10159665587771671
fresh_driven_dissipation_00,driven_dissipation,1,selected,3,4056,0.03927292422118789,0.05232596702744801
fresh_driven_dissipation_01,driven_dissipation,0,greedy,0,384,0.12912824190889186,0.13093119203058215
fresh_driven_dissipation_01,driven_dissipation,0,greedy,1,1608,0.10256035249282373,0.13457408629292794
fresh_driven_dissipation_01,driven_dissipation,0,greedy,2,2832,0.08201678647155658,0.11888719897479086
fresh_driven_dissipation_01,driven_dissipation,0,greedy,3,4056,0.06399812409840289,0.09163676761528755
fresh_driven_dissipation_01,driven_dissipation,0,swap,0,384,0.12912824190889186,0.13093119203058215
fresh_driven_dissipation_01,driven_dissipation,0,swap,1,1608,0.10030639287248796,0.11479457619496658
fresh_driven_dissipation_01,driven_dissipation,0,swap,2,2832,0.08462926947902007,0.1107776045705629
fresh_driven_dissipation_01,driven_dissipation,0,swap,3,4056,0.05158092348944895,0.06256301935075179
fresh_driven_dissipation_01,driven_dissipation,0,baseline,0,384,0.12912824190889186,0.13093119203058215
fresh_driven_dissipation_01,driven_dissipation,0,baseline,1,1608,0.08840094494418911,0.1688533105682539
fresh_driven_dissipation_01,driven_dissipation,0,baseline,2,2832,0.1251795602146843,0.15269906193746996
fresh_driven_dissipation_01,driven_dissipation,0,baseline,3,4056,0.05120472515076777,0.07425047320897332
fresh_driven_dissipation_01,driven_dissipation,0,selected,0,384,0.12912824190889186,0.13093119203058215
fresh_driven_dissipation_01,driven_dissipation,0,selected,1,1608,0.10030639287248796,0.11479457619496658
fresh_driven_dissipation_01,driven_dissipation,0,selected,2,2832,0.08562601782696996,0.10943430396129487
fresh_driven_dissipation_01,driven_dissipation,0,selected,3,4056,0.03150681470246449,0.04340603424553478
fresh_driven_dissipation_01,driven_dissipation,1,greedy,0,384,0.10169384249587114,0.18208478828214492
fresh_driven_dissipation_01,driven_dissipation,1,greedy,1,1608,0.11521264842765791,0.14779618350327678
fresh_driven_dissipation_01,driven_dissipation,1,greedy,2,2832,0.11824998226359765,0.14308581771637313
fresh_driven_dissipation_01,driven_dissipation,1,greedy,3,4056,0.08222817347014434,0.09906246787568808
fresh_driven_dissipation_01,driven_dissipation,1,swap,0,384,0.10169384249587114,0.18208478828214492
fresh_driven_dissipation_01,driven_dissipation,1,swap,1,1608,0.11521264842765791,0.14779618350327678
fresh_driven_dissipation_01,driven_dissipation,1,swap,2,2832,0.11824998226359765,0.14308581771637313
fresh_driven_dissipation_01,driven_dissipation,1,swap,3,4056,0.08222817347014434,0.09906246787568808
fresh_driven_dissipation_01,driven_dissipation,1,baseline,0,384,0.10169384249587114,0.18208478828214492
fresh_driven_dissipation_01,driven_dissipation,1,baseline,1,1608,0.11235663047563109,0.16149180948238767
fresh_driven_dissipation_01,driven_dissipation,1,baseline,2,2832,0.10234276861992701,0.12497901129341146
fresh_driven_dissipation_01,driven_dissipation,1,baseline,3,4056,0.041563842065561414,0.056903996984832804
fresh_driven_dissipation_01,driven_dissipation,1,selected,0,384,0.10169384249587114,0.18208478828214492
fresh_driven_dissipation_01,driven_dissipation,1,selected,1,1608,0.12135215417652741,0.1441337631113135
fresh_driven_dissipation_01,driven_dissipation,1,selected,2,2832,0.12096824796151,0.1371106530531595
fresh_driven_dissipation_01,driven_dissipation,1,selected,3,4056,0.09583307018937653,0.1121484067442112
fresh_driven_dissipation_02,driven_dissipation,0,greedy,0,384,0.10975624317670367,0.17273798810550822
fresh_driven_dissipation_02,driven_dissipation,0,greedy,1,1608,0.07668093163266454,0.0985253056975404
fresh_driven_dissipation_02,driven_dissipation,0,greedy,2,2832,0.0659466375227584,0.07577128199869151
fresh_driven_dissipation_02,driven_dissipation,0,greedy,3,4056,0.043325424423332426,0.0637979469844827
fresh_driven_dissipation_02,driven_dissipation,0,swap,0,384,0.10975624317670367,0.17273798810550822
fresh_driven_dissipation_02,driven_dissipation,0,swap,1,1608,0.07668093163266454,0.0985253056975404
fresh_driven_dissipation_02,driven_dissipation,0,swap,2,2832,0.0659466375227584,0.07577128199869151
fresh_driven_dissipation_02,driven_dissipation,0,swap,3,4056,0.04295639956585958,0.05951512948217015
fresh_driven_dissipation_02,driven_dissipation,0,baseline,0,384,0.10975624317670367,0.17273798810550822
fresh_driven_dissipation_02,driven_dissipation,0,baseline,1,1608,0.07526798210507724,0.09434606390522679
fresh_driven_dissipation_02,driven_dissipation,0,baseline,2,2832,0.08114105475776706,0.0950979175405196
fresh_driven_dissipation_02,driven_dissipation,0,baseline,3,4056,0.062425582898759865,0.07323121605433808
fresh_driven_dissipation_02,driven_dissipation,0,selected,0,384,0.10975624317670367,0.17273798810550822
fresh_driven_dissipation_02,driven_dissipation,0,selected,1,1608,0.07668093163266454,0.0985253056975404
fresh_driven_dissipation_02,driven_dissipation,0,selected,2,2832,0.07484059746446994,0.08545985836957329
fresh_driven_dissipation_02,driven_dissipation,0,selected,3,4056,0.04593549570759608,0.06809511637425059
fresh_driven_dissipation_02,driven_dissipation,1,greedy,0,384,0.10329007250684438,0.17851636566800466
fresh_driven_dissipation_02,driven_dissipation,1,greedy,1,1608,0.08104747383982627,0.1235428752203496
fresh_driven_dissipation_02,driven_dissipation,1,greedy,2,2832,0.05641082334167972,0.09878158919207278
fresh_driven_dissipation_02,driven_dissipation,1,greedy,3,4056,0.056346263158622054,0.10404788187804953
fresh_driven_dissipation_02,driven_dissipation,1,swap,0,384,0.10329007250684438,0.17851636566800466
fresh_driven_dissipation_02,driven_dissipation,1,swap,1,1608,0.08104747383982627,0.1235428752203496
fresh_driven_dissipation_02,driven_dissipation,1,swap,2,2832,0.05641082334167972,0.09878158919207278
fresh_driven_dissipation_02,driven_dissipation,1,swap,3,4056,0.056346263158622054,0.10404788187804953
fresh_driven_dissipation_02,driven_dissipation,1,baseline,0,384,0.10329007250684438,0.17851636566800466
fresh_driven_dissipation_02,driven_dissipation,1,baseline,1,1608,0.09634436092494547,0.12148413447597964
fresh_driven_dissipation_02,driven_dissipation,1,baseline,2,2832,0.07576283192815791,0.10420588815861306
fresh_driven_dissipation_02,driven_dissipation,1,baseline,3,4056,0.06720512068371091,0.09366889580251848
fresh_driven_dissipation_02,driven_dissipation,1,selected,0,384,0.10329007250684438,0.17851636566800466
fresh_driven_dissipation_02,driven_dissipation,1,selected,1,1608,0.10532519432904291,0.14553825577874616
fresh_driven_dissipation_02,driven_dissipation,1,selected,2,2832,0.050604612041671194,0.10939127992022708
fresh_driven_dissipation_02,driven_dissipation,1,selected,3,4056,0.05427281065092121,0.10892875756155443
fresh_driven_dissipation_03,driven_dissipation,0,greedy,0,384,0.07662095421129675,0.11501372862820886
fresh_driven_dissipation_03,driven_dissipation,0,greedy,1,1608,0.06927192896071874,0.0973421926565338
fresh_driven_dissipation_03,driven_dissipation,0,greedy,2,2832,0.07491472120368245,0.09152333152620809
fresh_driven_dissipation_03,driven_dissipation,0,greedy,3,4056,0.05141025775926097,0.07909887790073694
fresh_driven_dissipation_03,driven_dissipation,0,swap,0,384,0.07662095421129675,0.11501372862820886
fresh_driven_dissipation_03,driven_dissipation,0,swap,1,1608,0.06927192896071874,0.0973421926565338
fresh_driven_dissipation_03,driven_dissipation,0,swap,2,2832,0.07491472120368245,0.09152333152620809
fresh_driven_dissipation_03,driven_dissipation,0,swap,3,4056,0.05141025775926097,0.07909887790073694
fresh_driven_dissipation_03,driven_dissipation,0,baseline,0,384,0.07662095421129675,0.11501372862820886
fresh_driven_dissipation_03,driven_dissipation,0,baseline,1,1608,0.071165722977936,0.09546549020600523
fresh_driven_dissipation_03,driven_dissipation,0,baseline,2,2832,0.06979860244313106,0.0905597107879389
fresh_driven_dissipation_03,driven_dissipation,0,baseline,3,4056,0.0649498848080459,0.0783962359284982
fresh_driven_dissipation_03,driven_dissipation,0,selected,0,384,0.07662095421129675,0.11501372862820886
fresh_driven_dissipation_03,driven_dissipation,0,selected,1,1608,0.071165722977936,0.09546549020600523
fresh_driven_dissipation_03,driven_dissipation,0,selected,2,2832,0.06953124077847686,0.0873913951265704
fresh_driven_dissipation_03,driven_dissipation,0,selected,3,4056,0.047533245800661816,0.08408606806167211
fresh_driven_dissipation_03,driven_dissipation,1,greedy,0,384,0.11335413356372416,0.11418024441726299
fresh_driven_dissipation_03,driven_dissipation,1,greedy,1,1608,0.05135585487933165,0.06835656774535746
fresh_driven_dissipation_03,driven_dissipation,1,greedy,2,2832,0.044186571101359644,0.07206240148219674
fresh_driven_dissipation_03,driven_dissipation,1,greedy,3,4056,0.026646057724355767,0.067253806379013
fresh_driven_dissipation_03,driven_dissipation,1,swap,0,384,0.11335413356372416,0.11418024441726299
fresh_driven_dissipation_03,driven_dissipation,1,swap,1,1608,0.05135585487933165,0.06835656774535746
fresh_driven_dissipation_03,driven_dissipation,1,swap,2,2832,0.044186571101359644,0.07206240148219674
fresh_driven_dissipation_03,driven_dissipation,1,swap,3,4056,0.026646057724355767,0.067253806379013
fresh_driven_dissipation_03,driven_dissipation,1,baseline,0,384,0.11335413356372416,0.11418024441726299
fresh_driven_dissipation_03,driven_dissipation,1,baseline,1,1608,0.05135585487933165,0.06835656774535746
fresh_driven_dissipation_03,driven_dissipation,1,baseline,2,2832,0.04788261693972543,0.07993421288460777
fresh_driven_dissipation_03,driven_dissipation,1,baseline,3,4056,0.029087419741696596,0.06958153223492905
fresh_driven_dissipation_03,driven_dissipation,1,selected,0,384,0.11335413356372416,0.11418024441726299
fresh_driven_dissipation_03,driven_dissipation,1,selected,1,1608,0.04762204886462841,0.06915147715732659
fresh_driven_dissipation_03,driven_dissipation,1,selected,2,2832,0.03884010927971225,0.06791411791296532
fresh_driven_dissipation_03,driven_dissipation,1,selected,3,4056,0.02830349563254045,0.04746755738628017
fresh_driven_dissipation_04,driven_dissipation,0,greedy,0,384,0.09725918515025736,0.1888697818199775
fresh_driven_dissipation_04,driven_dissipation,0,greedy,1,1608,0.10943385618530492,0.14981057065429546
fresh_driven_dissipation_04,driven_dissipation,0,greedy,2,2832,0.11565856143478899,0.1332250499004643
fresh_driven_dissipation_04,driven_dissipation,0,greedy,3,4056,0.06080247764501928,0.10462610964087488
fresh_driven_dissipation_04,driven_dissipation,0,swap,0,384,0.09725918515025736,0.1888697818199775
fresh_driven_dissipation_04,driven_dissipation,0,swap,1,1608,0.10096711051143521,0.16245005119091321
fresh_driven_dissipation_04,driven_dissipation,0,swap,2,2832,0.09185780958469929,0.18352012186336847
fresh_driven_dissipation_04,driven_dissipation,0,swap,3,4056,0.06475003648514457,0.159697337764252
fresh_driven_dissipation_04,driven_dissipation,0,baseline,0,384,0.09725918515025736,0.1888697818199775
fresh_driven_dissipation_04,driven_dissipation,0,baseline,1,1608,0.10051971859875379,0.1651780901759436
fresh_driven_dissipation_04,driven_dissipation,0,baseline,2,2832,0.09542879803681738,0.15627164451416453
fresh_driven_dissipation_04,driven_dissipation,0,baseline,3,4056,0.09357060532973892,0.174435196914243
fresh_driven_dissipation_04,driven_dissipation,0,selected,0,384,0.09725918515025736,0.1888697818199775
fresh_driven_dissipation_04,driven_dissipation,0,selected,1,1608,0.10096711051143521,0.16245005119091321
fresh_driven_dissipation_04,driven_dissipation,0,selected,2,2832,0.10276052164020479,0.17889936013927596
fresh_driven_dissipation_04,driven_dissipation,0,selected,3,4056,0.023278827959977023,0.050091050397085085
fresh_driven_dissipation_04,driven_dissipation,1,greedy,0,384,0.10985517507552749,0.1856228778739327
fresh_driven_dissipation_04,driven_dissipation,1,greedy,1,1608,0.05790230215457689,0.13784893946219923
fresh_driven_dissipation_04,driven_dissipation,1,greedy,2,2832,0.060581529671899184,0.12832077408652892
fresh_driven_dissipation_04,driven_dissipation,1,greedy,3,4056,0.04530471730870773,0.08170049634777529
fresh_driven_dissipation_04,driven_dissipation,1,swap,0,384,0.10985517507552749,0.1856228778739327
fresh_driven_dissipation_04,driven_dissipation,1,swap,1,1608,0.05790230215457689,0.13784893946219923
fresh_driven_dissipation_04,driven_dissipation,1,swap,2,2832,0.060581529671899184,0.12832077408652892
fresh_driven_dissipation_04,driven_dissipation,1,swap,3,4056,0.04530471730870773,0.08170049634777529
fresh_driven_dissipation_04,driven_dissipation,1,baseline,0,384,0.10985517507552749,0.1856228778739327
fresh_driven_dissipation_04,driven_dissipation,1,baseline,1,1608,0.09584826539534458,0.1550560154881121
fresh_driven_dissipation_04,driven_dissipation,1,baseline,2,2832,0.05866073122695018,0.12177385724204778
fresh_driven_dissipation_04,driven_dissipation,1,baseline,3,4056,0.05641965514225418,0.07863698087365248
fresh_driven_dissipation_04,driven_dissipation,1,selected,0,384,0.10985517507552749,0.1856228778739327
fresh_driven_dissipation_04,driven_dissipation,1,selected,1,1608,0.09406939373930841,0.18800283093284442
fresh_driven_dissipation_04,driven_dissipation,1,selected,2,2832,0.060581529671899184,0.12832077408652892
fresh_driven_dissipation_04,driven_dissipation,1,selected,3,4056,0.043629834369010884,0.05418694508797571
fresh_depolarizing_00,depolarizing,0,greedy,0,384,0.10388276197760905,0.17001921001924797
fresh_depolarizing_00,depolarizing,0,greedy,1,1608,0.10469614270815725,0.152970463498318
fresh_depolarizing_00,depolarizing,0,greedy,2,2832,0.10129427183469396,0.1624145240007519
fresh_depolarizing_00,depolarizing,0,greedy,3,4056,0.08277122377999034,0.11877034276757437
fresh_depolarizing_00,depolarizing,0,swap,0,384,0.10388276197760905,0.17001921001924797
fresh_depolarizing_00,depolarizing,0,swap,1,1608,0.10469614270815725,0.152970463498318
fresh_depolarizing_00,depolarizing,0,swap,2,2832,0.10129427183469396,0.1624145240007519
fresh_depolarizing_00,depolarizing,0,swap,3,4056,0.07751426795193646,0.11853393308995262
fresh_depolarizing_00,depolarizing,0,baseline,0,384,0.10388276197760905,0.17001921001924797
fresh_depolarizing_00,depolarizing,0,baseline,1,1608,0.11754681521849907,0.10946803646892228
fresh_depolarizing_00,depolarizing,0,baseline,2,2832,0.07973907895567259,0.08365119239717565
fresh_depolarizing_00,depolarizing,0,baseline,3,4056,0.10324400378044214,0.11336362054041371
fresh_depolarizing_00,depolarizing,0,selected,0,384,0.10388276197760905,0.17001921001924797
fresh_depolarizing_00,depolarizing,0,selected,1,1608,0.10469614270815725,0.152970463498318
fresh_depolarizing_00,depolarizing,0,selected,2,2832,0.10129427183469396,0.1624145240007519
fresh_depolarizing_00,depolarizing,0,selected,3,4056,0.07842427369409866,0.12181937896781742
fresh_depolarizing_00,depolarizing,1,greedy,0,384,0.11851437277457098,0.20713892893663202
fresh_depolarizing_00,depolarizing,1,greedy,1,1608,0.10794194402772678,0.1477499896179041
fresh_depolarizing_00,depolarizing,1,greedy,2,2832,0.09610562077955775,0.12980783318165312
fresh_depolarizing_00,depolarizing,1,greedy,3,4056,0.07572563434071182,0.11840031402402625
fresh_depolarizing_00,depolarizing,1,swap,0,384,0.11851437277457098,0.20713892893663202
fresh_depolarizing_00,depolarizing,1,swap,1,1608,0.11531980410814888,0.16580558057969846
fresh_depolarizing_00,depolarizing,1,swap,2,2832,0.06849127862922526,0.1179400870149534
fresh_depolarizing_00,depolarizing,1,swap,3,4056,0.08016439021840721,0.1245092658274631
fresh_depolarizing_00,depolarizing,1,baseline,0,384,0.11851437277457098,0.20713892893663202
fresh_depolarizing_00,depolarizing,1,baseline,1,1608,0.10384127378244262,0.14833062537688316
fresh_depolarizing_00,depolarizing,1,baseline,2,2832,0.09194320123993151,0.13046741803277084
fresh_depolarizing_00,depolarizing,1,baseline,3,4056,0.07380750003971348,0.11193815487460401
fresh_depolarizing_00,depolarizing,1,selected,0,384,0.11851437277457098,0.20713892893663202
fresh_depolarizing_00,depolarizing,1,selected,1,1608,0.11531980410814888,0.16580558057969846
fresh_depolarizing_00,depolarizing,1,selected,2,2832,0.06849127862922526,0.1179400870149534
fresh_depolarizing_00,depolarizing,1,selected,3,4056,0.08016439021840721,0.1245092658274631
fresh_depolarizing_01,depolarizing,0,greedy,0,384,0.17453387301807272,0.20875831432228706
fresh_depolarizing_01,depolarizing,0,greedy,1,1608,0.12500438466294647,0.1456485521957389
fresh_depolarizing_01,depolarizing,0,greedy,2,2832,0.10327732955312387,0.1262932414431588
fresh_depolarizing_01,depolarizing,0,greedy,3,4056,0.11925824048112302,0.13121738225272092
fresh_depolarizing_01,depolarizing,0,swap,0,384,0.17453387301807272,0.20875831432228706
fresh_depolarizing_01,depolarizing,0,swap,1,1608,0.12500438466294647,0.1456485521957389
fresh_depolarizing_01,depolarizing,0,swap,2,2832,0.10327732955312387,0.1262932414431588
fresh_depolarizing_01,depolarizing,0,swap,3,4056,0.11925824048112302,0.13121738225272092
fresh_depolarizing_01,depolarizing,0,baseline,0,384,0.17453387301807272,0.20875831432228706
fresh_depolarizing_01,depolarizing,0,baseline,1,1608,0.12867552301635135,0.13677554745340248
fresh_depolarizing_01,depolarizing,0,baseline,2,2832,0.10502847155906071,0.1309128550457211
fresh_depolarizing_01,depolarizing,0,baseline,3,4056,0.12164014441465491,0.11119025734042046
fresh_depolarizing_01,depolarizing,0,selected,0,384,0.17453387301807272,0.20875831432228706
fresh_depolarizing_01,depolarizing,0,selected,1,1608,0.12898791924600542,0.13902621898432338
fresh_depolarizing_01,depolarizing,0,selected,2,2832,0.10469374098443811,0.11727401878588904
fresh_depolarizing_01,depolarizing,0,selected,3,4056,0.12061933872902338,0.12106146072715268
fresh_depolarizing_01,depolarizing,1,greedy,0,384,0.14382886581836887,0.15423834493623545
fresh_depolarizing_01,depolarizing,1,greedy,1,1608,0.09454133562777593,0.15150036087367746
fresh_depolarizing_01,depolarizing,1,greedy,2,2832,0.08551930174357089,0.11608306836132395
fresh_depolarizing_01,depolarizing,1,greedy,3,4056,0.05703056765648217,0.09272970952111691
fresh_depolarizing_01,depolarizing,1,swap,0,384,0.14382886581836887,0.15423834493623545
fresh_depolarizing_01,depolarizing,1,swap,1,1608,0.09454133562777593,0.15150036087367746
fresh_depolarizing_01,depolarizing,1,swap,2,2832,0.08551930174357089,0.11608306836132395
fresh_depolarizing_01,depolarizing,1,swap,3,4056,0.05703056765648217,0.09272970952111691
fresh_depolarizing_01,depolarizing,1,baseline,0,384,0.14382886581836887,0.15423834493623545
fresh_depolarizing_01,depolarizing,1,baseline,1,1608,0.09454133562777593,0.15150036087367746
fresh_depolarizing_01,depolarizing,1,baseline,2,2832,0.08820281348689323,0.11557879811715846
fresh_depolarizing_01,depolarizing,1,baseline,3,4056,0.04174570135105303,0.06580702308935137
fresh_depolarizing_01,depolarizing,1,selected,0,384,0.14382886581836887,0.15423834493623545
fresh_depolarizing_01,depolarizing,1,selected,1,1608,0.09454133562777593,0.15150036087367746
fresh_depolarizing_01,depolarizing,1,selected,2,2832,0.0839969255762251,0.11301108049453151
fresh_depolarizing_01,depolarizing,1,selected,3,4056,0.048728189362980685,0.07152407179949481
fresh_depolarizing_02,depolarizing,0,greedy,0,384,0.1547242719228966,0.15194978635356401
fresh_depolarizing_02,depolarizing,0,greedy,1,1608,0.09693821683807047,0.12894617182491327
fresh_depolarizing_02,depolarizing,0,greedy,2,2832,0.10813673717829841,0.09728949571467922
fresh_depolarizing_02,depolarizing,0,greedy,3,4056,0.09709482106328557,0.09891799188437331
fresh_depolarizing_02,depolarizing,0,swap,0,384,0.1547242719228966,0.15194978635356401
fresh_depolarizing_02,depolarizing,0,swap,1,1608,0.09693821683807047,0.12894617182491327
fresh_depolarizing_02,depolarizing,0,swap,2,2832,0.10813673717829841,0.09728949571467922
fresh_depolarizing_02,depolarizing,0,swap,3,4056,0.09709482106328557,0.09891799188437331
fresh_depolarizing_02,depolarizing,0,baseline,0,384,0.1547242719228966,0.15194978635356401
fresh_depolarizing_02,depolarizing,0,baseline,1,1608,0.07390867082568932,0.14035321692928288
fresh_depolarizing_02,depolarizing,0,baseline,2,2832,0.0795864727112963,0.10217998265866556
fresh_depolarizing_02,depolarizing,0,baseline,3,4056,0.09391455103468346,0.10104024772721312
fresh_depolarizing_02,depolarizing,0,selected,0,384,0.1547242719228966,0.15194978635356401
fresh_depolarizing_02,depolarizing,0,selected,1,1608,0.09693821683807047,0.12894617182491327
fresh_depolarizing_02,depolarizing,0,selected,2,2832,0.1093529198489173,0.10299221539024993
fresh_depolarizing_02,depolarizing,0,selected,3,4056,0.06705861284131695,0.09359725265313033
fresh_depolarizing_02,depolarizing,1,greedy,0,384,0.14790482311440795,0.19267592104659387
fresh_depolarizing_02,depolarizing,1,greedy,1,1608,0.15515548840006313,0.16490316361518384
fresh_depolarizing_02,depolarizing,1,greedy,2,2832,0.10480344486058193,0.07434111362788473
fresh_depolarizing_02,depolarizing,1,greedy,3,4056,0.10339429090084797,0.09141894805736142
fresh_depolarizing_02,depolarizing,1,swap,0,384,0.14790482311440795,0.19267592104659387
fresh_depolarizing_02,depolarizing,1,swap,1,1608,0.15515548840006313,0.16490316361518384
fresh_depolarizing_02,depolarizing,1,swap,2,2832,0.10480344486058193,0.07434111362788473
fresh_depolarizing_02,depolarizing,1,swap,3,4056,0.10339429090084797,0.09141894805736142
fresh_depolarizing_02,depolarizing,1,baseline,0,384,0.14790482311440795,0.19267592104659387
fresh_depolarizing_02,depolarizing,1,baseline,1,1608,0.1120612498889709,0.13201822862859441
fresh_depolarizing_02,depolarizing,1,baseline,2,2832,0.08913513173839617,0.07144023581836006
fresh_depolarizing_02,depolarizing,1,baseline,3,4056,0.08100946914282707,0.07231264150456754
fresh_depolarizing_02,depolarizing,1,selected,0,384,0.14790482311440795,0.19267592104659387
fresh_depolarizing_02,depolarizing,1,selected,1,1608,0.15515548840006313,0.16490316361518384
fresh_depolarizing_02,depolarizing,1,selected,2,2832,0.10582557844550101,0.07295629554715496
fresh_depolarizing_02,depolarizing,1,selected,3,4056,0.08089550966885908,0.06312180429308932
fresh_depolarizing_03,depolarizing,0,greedy,0,384,0.13826065371977936,0.15543142521194375
fresh_depolarizing_03,depolarizing,0,greedy,1,1608,0.13068721933327962,0.10382594607202453
fresh_depolarizing_03,depolarizing,0,greedy,2,2832,0.11518747577329062,0.09758737304213257
fresh_depolarizing_03,depolarizing,0,greedy,3,4056,0.06253926822818014,0.08506445569533187
fresh_depolarizing_03,depolarizing,0,swap,0,384,0.13826065371977936,0.15543142521194375
fresh_depolarizing_03,depolarizing,0,swap,1,1608,0.13068721933327962,0.10382594607202453
fresh_depolarizing_03,depolarizing,0,swap,2,2832,0.11518747577329062,0.09758737304213257
fresh_depolarizing_03,depolarizing,0,swap,3,4056,0.06253926822818014,0.08506445569533187
fresh_depolarizing_03,depolarizing,0,baseline,0,384,0.13826065371977936,0.15543142521194375
fresh_depolarizing_03,depolarizing,0,baseline,1,1608,0.13314310947351146,0.1009292729675741
fresh_depolarizing_03,depolarizing,0,baseline,2,2832,0.09597908866197266,0.09105389039746425
fresh_depolarizing_03,depolarizing,0,baseline,3,4056,0.05203217472421366,0.06969394003823304
fresh_depolarizing_03,depolarizing,0,selected,0,384,0.13826065371977936,0.15543142521194375
fresh_depolarizing_03,depolarizing,0,selected,1,1608,0.13219136376631233,0.10701568854779786
fresh_depolarizing_03,depolarizing,0,selected,2,2832,0.11333610825240731,0.10551716389621357
fresh_depolarizing_03,depolarizing,0,selected,3,4056,0.049878911861192615,0.07006600804727928
fresh_depolarizing_03,depolarizing,1,greedy,0,384,0.05550475512472845,0.09406445340205358
fresh_depolarizing_03,depolarizing,1,greedy,1,1608,0.07404486431717135,0.1123251346491432
fresh_depolarizing_03,depolarizing,1,greedy,2,2832,0.05874484314993486,0.08922397537784178
fresh_depolarizing_03,depolarizing,1,greedy,3,4056,0.040390421009969917,0.05742569146049595
fresh_depolarizing_03,depolarizing,1,swap,0,384,0.05550475512472845,0.09406445340205358
fresh_depolarizing_03,depolarizing,1,swap,1,1608,0.07404486431717135,0.1123251346491432
fresh_depolarizing_03,depolarizing,1,swap,2,2832,0.05794453611502707,0.08769295328384681
fresh_depolarizing_03,depolarizing,1,swap,3,4056,0.03677328676823383,0.04821450355045764
fresh_depolarizing_03,depolarizing,1,baseline,0,384,0.05550475512472845,0.09406445340205358
fresh_depolarizing_03,depolarizing,1,baseline,1,1608,0.0531157865268618,0.11467579036225847
fresh_depolarizing_03,depolarizing,1,baseline,2,2832,0.05594456721226349,0.09648245448324541
fresh_depolarizing_03,depolarizing,1,baseline,3,4056,0.043501718104052726,0.07673738454559947
fresh_depolarizing_03,depolarizing,1,selected,0,384,0.05550475512472845,0.09406445340205358
fresh_depolarizing_03,depolarizing,1,selected,1,1608,0.07404486431717135,0.1123251346491432
fresh_depolarizing_03,depolarizing,1,selected,2,2832,0.05794453611502707,0.08769295328384681
fresh_depolarizing_03,depolarizing,1,selected,3,4056,0.03677328676823383,0.04821450355045764
fresh_depolarizing_04,depolarizing,0,greedy,0,384,0.09365361096105186,0.13364605859832426
fresh_depolarizing_04,depolarizing,0,greedy,1,1608,0.10000784788070174,0.14907783755825982
fresh_depolarizing_04,depolarizing,0,greedy,2,2832,0.09645670088778929,0.14849252006390698
fresh_depolarizing_04,depolarizing,0,greedy,3,4056,0.06847394487030663,0.07985210147781951
fresh_depolarizing_04,depolarizing,0,swap,0,384,0.09365361096105186,0.13364605859832426
fresh_depolarizing_04,depolarizing,0,swap,1,1608,0.10000784788070174,0.14907783755825982
fresh_depolarizing_04,depolarizing,0,swap,2,2832,0.09645670088778929,0.14849252006390698
fresh_depolarizing_04,depolarizing,0,swap,3,4056,0.06847394487030663,0.07985210147781951
fresh_depolarizing_04,depolarizing,0,baseline,0,384,0.09365361096105186,0.13364605859832426
fresh_depolarizing_04,depolarizing,0,baseline,1,1608,0.090990135298195,0.14158832972933943
fresh_depolarizing_04,depolarizing,0,baseline,2,2832,0.10107149766528362,0.14706012049862732
fresh_depolarizing_04,depolarizing,0,baseline,3,4056,0.06618025675366467,0.07256493046426354
fresh_depolarizing_04,depolarizing,0,selected,0,384,0.09365361096105186,0.13364605859832426
fresh_depolarizing_04,depolarizing,0,selected,1,1608,0.10000784788070174,0.14907783755825982
fresh_depolarizing_04,depolarizing,0,selected,2,2832,0.10447257938786958,0.14459285637683886
fresh_depolarizing_04,depolarizing,0,selected,3,4056,0.06666627799653901,0.07643219647564772
fresh_depolarizing_04,depolarizing,1,greedy,0,384,0.11305193612759537,0.2078568798753483
fresh_depolarizing_04,depolarizing,1,greedy,1,1608,0.0965398164455969,0.18314295231928585
fresh_depolarizing_04,depolarizing,1,greedy,2,2832,0.08772259687235731,0.16841296663645483
fresh_depolarizing_04,depolarizing,1,greedy,3,4056,0.0628812995236354,0.11451172600031599
fresh_depolarizing_04,depolarizing,1,swap,0,384,0.11305193612759537,0.2078568798753483
fresh_depolarizing_04,depolarizing,1,swap,1,1608,0.0965398164455969,0.18314295231928585
fresh_depolarizing_04,depolarizing,1,swap,2,2832,0.08772259687235731,0.16841296663645483
fresh_depolarizing_04,depolarizing,1,swap,3,4056,0.0628812995236354,0.11451172600031599
fresh_depolarizing_04,depolarizing,1,baseline,0,384,0.11305193612759537,0.2078568798753483
fresh_depolarizing_04,depolarizing,1,baseline,1,1608,0.09390527243991496,0.1892698174492456
fresh_depolarizing_04,depolarizing,1,baseline,2,2832,0.09359518105577358,0.19185103476126547
fresh_depolarizing_04,depolarizing,1,baseline,3,4056,0.11414082435949434,0.1830287287619793
fresh_depolarizing_04,depolarizing,1,selected,0,384,0.11305193612759537,0.2078568798753483
fresh_depolarizing_04,depolarizing,1,selected,1,1608,0.09423439437125446,0.18957408335994283
fresh_depolarizing_04,depolarizing,1,selected,2,2832,0.08582004176896459,0.1708345765981072
fresh_depolarizing_04,depolarizing,1,selected,3,4056,0.057590457372514586,0.10183387330105073
