id,family,rep,policy,rmse,choi_distance,applications,characterization_shots,objective_shots,final_shots,total_shots,stationarity_flag,refit_flag,refit_improvement
fresh_amplitude_damping_00,amplitude_damping,0,greedy,0.04803976978466089,0.020660625398606344,4056,1098,0,0,1098,False,False,0.0
fresh_amplitude_damping_00,amplitude_damping,0,swap,0.05270718950215848,0.01903149400950891,4056,979,0,0,979,False,False,0.0
fresh_amplitude_damping_00,amplitude_damping,0,baseline,0.046750274805906246,0.02266127267488654,4056,1183,7296,768,9247,False,False,0.0
fresh_amplitude_damping_00,amplitude_damping,0,selected,0.05270718950215848,0.01903149400950891,4056,979,8320,768,10067,False,False,0.0
fresh_amplitude_damping_00,amplitude_damping,1,greedy,0.05226322401055385,0.02511871032295864,4056,979,0,0,979,False,False,0.0
fresh_amplitude_damping_00,amplitude_damping,1,swap,0.0804879822965913,0.03574234866263643,4056,1013,0,0,1013,False,False,0.0
fresh_amplitude_damping_00,amplitude_damping,1,baseline,0.08146628119283165,0.03836074419039427,4056,1336,7552,768,9656,False,False,0.0
fresh_amplitude_damping_00,amplitude_damping,1,selected,0.030518055825534494,0.014946366346462254,4056,1098,7296,768,9162,False,False,4.107425510824214e-11
fresh_amplitude_damping_01,amplitude_damping,0,greedy,0.08658863015599673,0.040587225491444306,4056,1217,0,0,1217,False,False,0.0
fresh_amplitude_damping_01,amplitude_damping,0,swap,0.07915107120710053,0.034429685637386714,4056,1149,0,0,1149,False,False,0.0
fresh_amplitude_damping_01,amplitude_damping,0,baseline,0.062200976622320256,0.02143634005865175,4056,1132,8960,768,10860,False,False,0.0
fresh_amplitude_damping_01,amplitude_damping,0,selected,0.07915107120710053,0.034429685637386714,4056,1149,7552,768,9469,False,False,0.0
fresh_amplitude_damping_01,amplitude_damping,1,greedy,0.08020820233579329,0.05463805731541327,4056,1251,0,0,1251,False,False,0.0
fresh_amplitude_damping_01,amplitude_damping,1,swap,0.06627376059099173,0.044592416841981064,4056,1251,0,0,1251,False,False,0.0
fresh_amplitude_damping_01,amplitude_damping,1,baseline,0.06647764036841956,0.03546560275520386,4056,1149,9472,768,11389,False,False,0.0
fresh_amplitude_damping_01,amplitude_damping,1,selected,0.07959700739790716,0.05202651530482345,4056,1404,8192,768,10364,False,False,9.771649045475783e-10
fresh_amplitude_damping_02,amplitude_damping,0,greedy,0.030097089930865854,0.038588385582417645,4056,2118,0,0,2118,False,False,0.0
fresh_amplitude_damping_02,amplitude_damping,0,swap,0.030097089930865854,0.038588385582417645,4056,2118,0,0,2118,False,False,0.0
fresh_amplitude_damping_02,amplitude_damping,0,baseline,0.025146218916309592,0.0198251074685814,4056,2492,7424,768,10684,False,False,0.0
fresh_amplitude_damping_02,amplitude_damping,0,selected,0.03448210156137095,0.035009522974120376,4056,2543,7808,768,11119,False,False,0.0
fresh_amplitude_damping_02,amplitude_damping,1,greedy,0.03146336422162918,0.045643687972188034,4056,1404,0,0,1404,False,False,0.0
fresh_amplitude_damping_02,amplitude_damping,1,swap,0.030930366806105686,0.045637791451373214,4056,1608,0,0,1608,False,False,0.0
fresh_amplitude_damping_02,amplitude_damping,1,baseline,0.021585334285626336,0.034811355986884854,4056,2033,8064,768,10865,False,False,0.0
fresh_amplitude_damping_02,amplitude_damping,1,selected,0.03351840379388672,0.050724320713760776,4056,1727,8576,768,11071,False,False,0.0
fresh_amplitude_damping_03,amplitude_damping,0,greedy,0.0380265584621548,0.03598214586722859,4056,1727,0,0,1727,False,False,0.0
fresh_amplitude_damping_03,amplitude_damping,0,swap,0.0380265584621548,0.03598214586722859,4056,1727,0,0,1727,False,False,0.0
fresh_amplitude_damping_03,amplitude_damping,0,baseline,0.052062509963558205,0.0513201670838635,4056,1999,7808,768,10575,False,False,0.0
fresh_amplitude_damping_03,amplitude_damping,0,selected,0.023365697546530517,0.027327169415679062,4056,1591,8448,768,10807,False,False,0.0
fresh_amplitude_damping_03,amplitude_damping,1,greedy,0.0828566265820106,0.046614086990886316,4056,1863,0,0,1863,False,False,0.0
fresh_amplitude_damping_03,amplitude_damping,1,swap,0.04012087258810248,0.02947559150663455,4056,1829,0,0,1829,False,False,6.472600233564663e-14
fresh_amplitude_damping_03,amplitude_damping,1,baseline,0.04133711385636386,0.03561417007139263,4056,2458,7808,768,11034,False,False,0.0
fresh_amplitude_damping_03,amplitude_damping,1,selected,0.039760684282541314,0.029169524394222754,4056,1795,7424,768,9987,False,False,1.4954704141700859e-13
fresh_amplitude_damping_04,amplitude_damping,0,greedy,0.06660174635865093,0.03493761536218666,4056,962,0,0,962,False,False,0.0
fresh_amplitude_damping_04,amplitude_damping,0,swap,0.055234146630469015,0.029824467843787388,4056,928,0,0,928,False,False,4.577527246141244e-11
fresh_amplitude_damping_04,amplitude_damping,0,baseline,0.060406340761660564,0.03322054722979475,4056,1013,7808,768,9589,False,False,0.0
fresh_amplitude_damping_04,amplitude_damping,0,selected,0.04755734445553369,0.021426964063640756,4056,962,8704,768,10434,False,False,0.0
fresh_amplitude_damping_04,amplitude_damping,1,greedy,0.07037844335326258,0.032420297059736605,4056,1098,0,0,1098,False,False,0.0
fresh_amplitude_damping_04,amplitude_damping,1,swap,0.032467243968432334,0.01949605924118973,4056,1013,0,0,1013,False,False,0.0
fresh_amplitude_damping_04,amplitude_damping,1,baseline,0.06021883061248107,0.03781087341540694,4056,1013,7552,768,9333,False,False,0.0
fresh_amplitude_damping_04,amplitude_damping,1,selected,0.05279505068145386,0.02570111020861308,4056,1132,8576,768,10476,False,False,0.0
fresh_thermal_relaxation_00,thermal_relaxation,0,greedy,0.07434841832740322,0.05235372140396513,4056,1914,0,0,1914,False,False,0.0
fresh_thermal_relaxation_00,thermal_relaxation,0,swap,0.050835177300619226,0.041204358710398084,4056,2118,0,0,2118,False,False,0.0
fresh_thermal_relaxation_00,thermal_relaxation,0,baseline,0.06725770820145395,0.04564654845839675,4056,1880,9088,768,11736,False,False,0.0
fresh_thermal_relaxation_00,thermal_relaxation,0,selected,0.06545101552031828,0.04903741235824988,4056,1863,7552,768,10183,False,False,1.3578027591165664e-13
fresh_thermal_relaxation_00,thermal_relaxation,1,greedy,0.07236076859988427,0.058016518148404195,4056,2390,0,0,2390,False,False,0.0
fresh_thermal_relaxation_00,thermal_relaxation,1,swap,0.07745895161702956,0.0652667075679389,4056,2424,0,0,2424,False,False,0.0
fresh_thermal_relaxation_00,thermal_relaxation,1,baseline,0.07400058400595401,0.06839172836689877,4056,2101,8832,768,11701,False,False,0.0
fresh_thermal_relaxation_00,thermal_relaxation,1,selected,0.0882730689719216,0.060577797807892284,4056,2628,8320,768,11716,False,False,0.0
fresh_thermal_relaxation_01,thermal_relaxation,0,greedy,0.08487426082038672,0.08072171909308631,4056,1353,0,0,1353,False,False,0.0
fresh_thermal_relaxation_01,thermal_relaxation,0,swap,0.07121109900916484,0.06784531030743657,4056,1319,0,0,1319,False,False,0.0
fresh_thermal_relaxation_01,thermal_relaxation,0,baseline,0.0971759207086942,0.08682719167219972,4056,1183,7552,768,9503,False,False,0.0
fresh_thermal_relaxation_01,thermal_relaxation,0,selected,0.05580182479641124,0.07318621446681042,4056,1523,8320,768,10611,False,False,0.0
fresh_thermal_relaxation_01,thermal_relaxation,1,greedy,0.047286978290195514,0.05828096298618558,4056,2016,0,0,2016,False,False,0.0
fresh_thermal_relaxation_01,thermal_relaxation,1,swap,0.04819380631999034,0.04864031550799018,4056,1965,0,0,1965,False,False,0.0
fresh_thermal_relaxation_01,thermal_relaxation,1,baseline,0.038725716585027194,0.058580956524554445,4056,2322,8448,768,11538,False,False,0.0
fresh_thermal_relaxation_01,thermal_relaxation,1,selected,0.05253757017721487,0.05378738018214989,4056,2271,8320,768,11359,False,False,0.0
fresh_thermal_relaxation_02,thermal_relaxation,0,greedy,0.04884629500803545,0.06326291360371208,4056,1234,0,0,1234,False,False,0.0
fresh_thermal_relaxation_02,thermal_relaxation,0,swap,0.04206925308106219,0.042604106205119174,4056,1251,0,0,1251,False,False,0.0
fresh_thermal_relaxation_02,thermal_relaxation,0,baseline,0.0484576469590553,0.06939518438767273,4056,1183,8448,768,10399,False,False,0.0
fresh_thermal_relaxation_02,thermal_relaxation,0,selected,0.04740316573601286,0.06255621652059659,4056,1166,8448,768,10382,False,False,0.0
fresh_thermal_relaxation_02,thermal_relaxation,1,greedy,0.0630366518629456,0.03666567642626239,4056,2288,0,0,2288,False,False,0.0
fresh_thermal_relaxation_02,thermal_relaxation,1,swap,0.03593734717152524,0.03458904244900448,4056,2424,0,0,2424,False,False,0.0
fresh_thermal_relaxation_02,thermal_relaxation,1,baseline,0.07379166653467642,0.05464773275571244,4056,2152,8064,768,10984,False,False,2.447453351095419e-11
fresh_thermal_relaxation_02,thermal_relaxation,1,selected,0.036052722511749784,0.035456383786704015,4056,2220,8576,768,11564,False,False,0.0
fresh_thermal_relaxation_03,thermal_relaxation,0,greedy,0.07116392338278309,0.08800147561547705,4056,2526,0,0,2526,False,False,0.0
fresh_thermal_relaxation_03,thermal_relaxation,0,swap,0.05889515759356095,0.06753042823471758,4056,2526,0,0,2526,False,False,0.0
fresh_thermal_relaxation_03,thermal_relaxation,0,baseline,0.04022079374872088,0.06572755635339314,4056,2832,9216,768,12816,False,False,0.0
fresh_thermal_relaxation_03,thermal_relaxation,0,selected,0.06063310618410216,0.07472739892501301,4056,2424,8192,768,11384,False,False,0.0
fresh_thermal_relaxation_03,thermal_relaxation,1,greedy,0.06916577395631424,0.10275883977977143,4056,2934,0,0,2934,False,False,0.0
fresh_thermal_relaxation_03,thermal_relaxation,1,swap,0.06973300161204081,0.09443596307901433,4056,2526,0,0,2526,False,False,0.0
fresh_thermal_relaxation_03,thermal_relaxation,1,baseline,0.08581878645575877,0.12035983658655855,4056,2968,7552,768,11288,False,False,0.0
fresh_thermal_relaxation_03,thermal_relaxation,1,selected,0.06980003962773663,0.09867818220615504,4056,2696,8064,768,11528,False,False,0.0
fresh_thermal_relaxation_04,thermal_relaxation,0,greedy,0.0395559596425922,0.035039993285001333,4056,1438,0,0,1438,False,False,0.0
fresh_thermal_relaxation_04,thermal_relaxation,0,swap,0.039923961499205275,0.03934839035218496,4056,1404,0,0,1404,False,False,0.0
fresh_thermal_relaxation_04,thermal_relaxation,0,baseline,0.04658849511004104,0.03619716776893304,4056,1540,9344,768,11652,False,False,0.0
fresh_thermal_relaxation_04,thermal_relaxation,0,selected,0.041182420903205876,0.03990497248830327,4056,1387,9216,768,11371,False,False,0.0
fresh_thermal_relaxation_04,thermal_relaxation,1,greedy,0.10314288380358243,0.08016481151599322,4056,2118,0,0,2118,False,False,1.9065898859693675e-08
fresh_thermal_relaxation_04,thermal_relaxation,1,swap,0.10314288380358243,0.08016481151599322,4056,2118,0,0,2118,False,False,1.9065898859693675e-08
fresh_thermal_relaxation_04,thermal_relaxation,1,baseline,0.10685827279059414,0.08900333164839269,4056,2322,7680,768,10770,False,False,0.0
fresh_thermal_relaxation_04,thermal_relaxation,1,selected,0.103409093081194,0.08024726629691792,4056,2220,7680,768,10668,False,False,2.021866751800161e-08
fresh_dephasing_00,dephasing,0,greedy,0.12110307014347918,0.0793187142138636,4056,1693,0,0,1693,False,False,0.0
fresh_dephasing_00,dephasing,0,swap,0.11874847686559188,0.08503112694184906,4056,1863,0,0,1863,False,False,0.0
fresh_dephasing_00,dephasing,0,baseline,0.12406837942849928,0.07649760851840667,4056,1557,7296,768,9621,False,False,0.0
fresh_dephasing_00,dephasing,0,selected,0.12027891243341655,0.06821579733257674,4056,1625,8448,768,10841,False,False,0.0
fresh_dephasing_00,dephasing,1,greedy,0.051134107478566025,0.03644132210011884,4056,996,0,0,996,False,False,0.0
fresh_dephasing_00,dephasing,1,swap,0.04381997293979711,0.0313263283616159,4056,962,0,0,962,False,False,0.0
fresh_dephasing_00,dephasing,1,baseline,0.04628756456541453,0.023319365823398594,4056,979,9088,768,10835,False,False,0.0
fresh_dephasing_00,dephasing,1,selected,0.04381997293979711,0.0313263283616159,4056,962,7936,768,9666,False,False,0.0
fresh_dephasing_01,dephasing,0,greedy,0.0904723723218157,0.06013178595279756,4056,1149,0,0,1149,False,False,0.0
fresh_dephasing_01,dephasing,0,swap,0.09550013153165592,0.08365742060634973,4056,1302,0,0,1302,False,False,0.0
fresh_dephasing_01,dephasing,0,baseline,0.09523520932576429,0.06230442700309024,4056,1200,8576,768,10544,False,False,0.0
fresh_dephasing_01,dephasing,0,selected,0.0927200162074536,0.07244736231711588,4056,1421,8448,768,10637,False,False,0.0
fresh_dephasing_01,dephasing,1,greedy,0.020866284818270155,0.012417219550377372,4056,894,0,0,894,False,False,0.0
fresh_dephasing_01,dephasing,1,swap,0.0254867125392367,0.0181223357485349,4056,945,0,0,945,False,False,0.0
fresh_dephasing_01,dephasing,1,baseline,0.041765599569985636,0.03211189186410539,4056,1387,7808,768,9963,False,False,0.0
fresh_dephasing_01,dephasing,1,selected,0.02729547146037278,0.02227225373959839,4056,962,8192,768,9922,False,False,2.726318060197741e-10
fresh_dephasing_02,dephasing,0,greedy,0.06958909754337282,0.04724792504422741,4056,1081,0,0,1081,False,False,0.0
fresh_dephasing_02,dephasing,0,swap,0.06809458629593322,0.04595542110433472,4056,1115,0,0,1115,False,False,0.0
fresh_dephasing_02,dephasing,0,baseline,0.07633868881757361,0.05118769587570168,4056,1183,8320,768,10271,False,False,0.0
fresh_dephasing_02,dephasing,0,selected,0.0671521934186494,0.047191913325757215,4056,1183,7424,768,9375,False,False,0.0
fresh_dephasing_02,dephasing,1,greedy,0.042998949375967134,0.021664880241540594,4056,1472,0,0,1472,False,False,2.1538326677728037e-14
fresh_dephasing_02,dephasing,1,swap,0.0538126429793649,0.024815040979455895,4056,1132,0,0,1132,False,False,0.0
fresh_dephasing_02,dephasing,1,baseline,0.04901530211902046,0.017119203400742862,4056,1132,7424,768,9324,False,False,0.0
fresh_dephasing_02,dephasing,1,selected,0.0538126429793649,0.024815040979455895,4056,1132,7680,768,9580,False,False,0.0
fresh_dephasing_03,dephasing,0,greedy,0.07985974962833624,0.04594894165179356,4056,2832,0,0,2832,False,False,0.0
fresh_dephasing_03,dephasing,0,swap,0.07985974962833624,0.04594894165179356,4056,2832,0,0,2832,False,False,0.0
fresh_dephasing_03,dephasing,0,baseline,0.028203907911520283,0.03002859365590033,4056,2254,9088,768,12110,False,False,0.0
fresh_dephasing_03,dephasing,0,selected,0.07985974962833624,0.04594894165179356,4056,2832,7936,768,11536,False,False,0.0
fresh_dephasing_03,dephasing,1,greedy,0.02865502804931007,0.03413575795387789,4056,2730,0,0,2730,False,False,0.0
fresh_dephasing_03,dephasing,1,swap,0.02865502804931007,0.03413575795387789,4056,2730,0,0,2730,False,False,0.0
fresh_dephasing_03,dephasing,1,baseline,0.02965161842443777,0.02852596413467077,4056,2679,9472,768,12919,False,False,8.071321389024888e-14
fresh_dephasing_03,dephasing,1,selected,0.0403925005836901,0.03703382405163281,4056,2424,7936,768,11128,False,False,0.0
fresh_dephasing_04,dephasing,0,greedy,0.01975543675948951,0.017435731112760075,4056,1574,0,0,1574,False,False,0.0
fresh_dephasing_04,dephasing,0,swap,0.01975543675948951,0.017435731112760075,4056,1574,0,0,1574,False,False,0.0
fresh_dephasing_04,dephasing,0,baseline,0.019071391682172523,0.023389256346803104,4056,1421,8320,768,10509,False,False,0.0
fresh_dephasing_04,dephasing,0,selected,0.019788204001272718,0.016475745474812738,4056,1540,8448,768,10756,False,False,0.0
fresh_dephasing_04,dephasing,1,greedy,0.03617251718595973,0.03608053156376226,4056,1387,0,0,1387,False,False,0.0
fresh_dephasing_04,dephasing,1,swap,0.036346564798728075,0.04017133353625924,4056,1387,0,0,1387,False,False,0.0
fresh_dephasing_04,dephasing,1,baseline,0.020718870027783307,0.027515307312909715,4056,1489,8576,768,10833,False,False,0.0
fresh_dephasing_04,dephasing,1,selected,0.03251552224182128,0.033974430046456436,4056,1319,8320,768,10407,False,False,0.0
fresh_coherent_rotation_00,coherent_rotation,0,greedy,0.13498985420499213,0.06596709784967328,4056,1914,0,0,1914,False,False,0.0
fresh_coherent_rotation_00,coherent_rotation,0,swap,0.03671806212351407,0.020947736417065828,4056,1659,0,0,1659,False,False,0.0
fresh_coherent_rotation_00,coherent_rotation,0,baseline,0.038728254464789204,0.03024780145663234,4056,1795,9216,768,11779,False,False,0.0
fresh_coherent_rotation_00,coherent_rotation,0,selected,0.12467522880434008,0.06702546594086842,4056,1931,8832,768,11531,False,False,0.0
fresh_coherent_rotation_00,coherent_rotation,1,greedy,0.03808127723867404,0.03716861492378866,4056,1965,0,0,1965,False,False,0.0
fresh_coherent_rotation_00,coherent_rotation,1,swap,0.05178115826422502,0.03810123183928934,4056,1829,0,0,1829,False,False,0.0
fresh_coherent_rotation_00,coherent_rotation,1,baseline,0.03740526613838887,0.02286497927443776,4056,1812,8704,768,11284,False,False,0.0
fresh_coherent_rotation_00,coherent_rotation,1,selected,0.03891501955184368,0.03751847051789771,4056,1829,8576,768,11173,False,False,0.0
fresh_coherent_rotation_01,coherent_rotation,0,greedy,0.03613897907252947,0.02492414625397594,4056,1625,0,0,1625,False,False,0.0
fresh_coherent_rotation_01,coherent_rotation,0,swap,0.03613897907252947,0.02492414625397594,4056,1625,0,0,1625,False,False,0.0
fresh_coherent_rotation_01,coherent_rotation,0,baseline,0.0516507372261472,0.03791072358178119,4056,1693,8192,768,10653,False,False,0.0
fresh_coherent_rotation_01,coherent_rotation,0,selected,0.054027005281987756,0.041925324532265995,4056,1659,8960,768,11387,False,False,0.0
fresh_coherent_rotation_01,coherent_rotation,1,greedy,0.038395172998398806,0.0243393764159154,4056,1761,0,0,1761,False,False,0.0
fresh_coherent_rotation_01,coherent_rotation,1,swap,0.030541692720695728,0.021121790959721536,4056,1659,0,0,1659,False,False,0.0
fresh_coherent_rotation_01,coherent_rotation,1,baseline,0.05538614937802193,0.04605602719924719,4056,1965,8192,768,10925,False,False,0.0
fresh_coherent_rotation_01,coherent_rotation,1,selected,0.05616981888370324,0.04044884393428929,4056,1659,8704,768,11131,False,False,0.0
fresh_coherent_rotation_02,coherent_rotation,0,greedy,0.033428542085893555,0.01880329773577511,4056,1285,0,0,1285,False,False,0.0
fresh_coherent_rotation_02,coherent_rotation,0,swap,0.043825232956267404,0.0241772767157043,4056,1217,0,0,1217,False,False,0.0
fresh_coherent_rotation_02,coherent_rotation,0,baseline,0.04844001599195284,0.028036003069340232,4056,1251,7936,768,9955,False,False,0.0
fresh_coherent_rotation_02,coherent_rotation,0,selected,0.05112043973242005,0.030145704659563795,4056,1336,8576,768,10680,False,False,0.0
fresh_coherent_rotation_02,coherent_rotation,1,greedy,0.013044491728352028,0.006782362820643262,4056,1200,0,0,1200,False,False,7.482903185973555e-14
fresh_coherent_rotation_02,coherent_rotation,1,swap,0.013044491728352028,0.006782362820643262,4056,1200,0,0,1200,False,False,7.482903185973555e-14
fresh_coherent_rotation_02,coherent_rotation,1,baseline,0.02852505554649843,0.012443867147285213,4056,1115,7808,768,9691,False,False,0.0
fresh_coherent_rotation_02,coherent_rotation,1,selected,0.017463314382092143,0.009153853179439127,4056,1149,8576,768,10493,False,False,1.1046719095020308e-14
fresh_coherent_rotation_03,coherent_rotation,0,greedy,0.04305750706350284,0.030068120912429518,4056,1608,0,0,1608,False,False,0.0
fresh_coherent_rotation_03,coherent_rotation,0,swap,0.04305750706350284,0.030068120912429518,4056,1608,0,0,1608,False,False,0.0
fresh_coherent_rotation_03,coherent_rotation,0,baseline,0.022202278429697388,0.016797100590252485,4056,1404,7936,768,10108,False,False,0.0
fresh_coherent_rotation_03,coherent_rotation,0,selected,0.02018759715044132,0.021537511250667996,4056,1608,8320,768,10696,False,False,0.0
fresh_coherent_rotation_03,coherent_rotation,1,greedy,0.04690134973604918,0.035974900823395786,4056,1523,0,0,1523,False,False,0.0
fresh_coherent_rotation_03,coherent_rotation,1,swap,0.04690134973604918,0.035974900823395786,4056,1523,0,0,1523,False,False,0.0
fresh_coherent_rotation_03,coherent_rotation,1,baseline,0.045503276697041725,0.03266478680067398,4056,1421,7936,768,10125,False,False,0.0
fresh_coherent_rotation_03,coherent_rotation,1,selected,0.0371379889365542,0.03459930538763612,4056,1523,7936,768,10227,False,False,0.0
fresh_coherent_rotation_04,coherent_rotation,0,greedy,0.05510721242383334,0.0426649731866299,4056,1438,0,0,1438,False,False,0.0
fresh_coherent_rotation_04,coherent_rotation,0,swap,0.05510721242383334,0.0426649731866299,4056,1438,0,0,1438,False,False,0.0
fresh_coherent_rotation_04,coherent_rotation,0,baseline,0.024682043330030122,0.026397268741661074,4056,1727,8960,768,11455,False,False,0.0
fresh_coherent_rotation_04,coherent_rotation,0,selected,0.0496268911913115,0.03559810384825143,4056,1540,7936,768,10244,False,False,0.0
fresh_coherent_rotation_04,coherent_rotation,1,greedy,0.08291417483062105,0.03702657238403316,4056,1268,0,0,1268,False,False,0.0
fresh_coherent_rotation_04,coherent_rotation,1,swap,0.07572520416186945,0.03329243359417222,4056,1234,0,0,1234,False,False,0.0
fresh_coherent_rotation_04,coherent_rotation,1,baseline,0.03727276600205997,0.016009831564270265,4056,1353,7552,768,9673,False,False,0.0
fresh_coherent_rotation_04,coherent_rotation,1,selected,0.06083167814327358,0.02676219398138563,4056,1098,8320,768,10186,False,False,0.0
fresh_driven_dissipation_00,driven_dissipation,0,greedy,0.031675162942122734,0.036077457935163426,4056,1965,0,0,1965,False,False,0.0
fresh_driven_dissipation_00,driven_dissipation,0,swap,0.031675162942122734,0.036077457935163426,4056,1965,0,0,1965,False,False,0.0
fresh_driven_dissipation_00,driven_dissipation,0,baseline,0.06525334692147043,0.0635875938771367,4056,2067,7680,768,10515,False,False,0.0
fresh_driven_dissipation_00,driven_dissipation,0,selected,0.031675162942122734,0.036077457935163426,4056,1965,8192,768,10925,False,False,0.0
fresh_driven_dissipation_00,driven_dissipation,1,greedy,0.05392900053730023,0.07674826577539855,4056,2424,0,0,2424,False,False,0.0
fresh_driven_dissipation_00,driven_dissipation,1,swap,0.04236319253911948,0.05644332705541412,4056,2526,0,0,2526,False,False,0.0
fresh_driven_dissipation_00,driven_dissipation,1,baseline,0.04053061258327746,0.06586075668230255,4056,2322,8960,768,12050,False,False,2.3729906928338096e-10
fresh_driven_dissipation_00,driven_dissipation,1,selected,0.03927292422118789,0.05232596702744801,4056,2730,7808,768,11306,False,False,0.0
fresh_driven_dissipation_01,driven_dissipation,0,greedy,0.06399812409840289,0.09163676761528755,4056,2934,0,0,2934,False,False,0.0
fresh_driven_dissipation_01,driven_dissipation,0,swap,0.05158092348944895,0.06256301935075179,4056,2832,0,0,2832,False,False,0.0
fresh_driven_dissipation_01,driven_dissipation,0,baseline,0.05120472515076777,0.07425047320897332,4056,2730,7936,768,11434,False,False,0.0
fresh_driven_dissipation_01,driven_dissipation,0,selected,0.03150681470246449,0.04340603424553478,4056,3036,8448,768,12252,False,False,2.4447111002245947e-13
fresh_driven_dissipation_01,driven_dissipation,1,greedy,0.08222817347014434,0.09906246787568808,4056,2628,0,0,2628,False,False,0.0
fresh_driven_dissipation_01,driven_dissipation,1,swap,0.08222817347014434,0.09906246787568808,4056,2628,0,0,2628,False,False,0.0
fresh_driven_dissipation_01,driven_dissipation,1,baseline,0.041563842065561414,0.056903996984832804,4056,2832,7936,768,11536,False,False,0.0
fresh_driven_dissipation_01,driven_dissipation,1,selected,0.09583307018937653,0.1121484067442112,4056,2832,8320,768,11920,False,False,0.0
fresh_driven_dissipation_02,driven_dissipation,0,greedy,0.043325424423332426,0.0637979469844827,4056,3138,0,0,3138,False,False,0.0
fresh_driven_dissipation_02,driven_dissipation,0,swap,0.04295639956585958,0.05951512948217015,4056,3240,0,0,3240,False,False,0.0
fresh_driven_dissipation_02,driven_dissipation,0,baseline,0.062425582898759865,0.07323121605433808,4056,2832,7680,768,11280,False,False,0.0
fresh_driven_dissipation_02,driven_dissipation,0,selected,0.04593549570759608,0.06809511637425059,4056,2934,9216,768,12918,False,False,0.0
fresh_driven_dissipation_02,driven_dissipation,1,greedy,0.056346263158622054,0.10404788187804953,4056,3240,0,0,3240,False,False,0.0
fresh_driven_dissipation_02,driven_dissipation,1,swap,0.056346263158622054,0.10404788187804953,4056,3240,0,0,3240,False,False,0.0
fresh_driven_dissipation_02,driven_dissipation,1,baseline,0.06720512068371091,0.09366889580251848,4056,3342,8192,768,12302,False,False,1.3337109194822006e-12
fresh_driven_dissipation_02,driven_dissipation,1,selected,0.05427281065092121,0.10892875756155443,4056,3036,8448,768,12252,False,False,0.0
fresh_driven_dissipation_03,driven_dissipation,0,greedy,0.05141025775926097,0.07909887790073694,4056,2220,0,0,2220,False,False,0.0
fresh_driven_dissipation_03,driven_dissipation,0,swap,0.05141025775926097,0.07909887790073694,4056,2220,0,0,2220,False,False,0.0
fresh_driven_dissipation_03,driven_dissipation,0,baseline,0.0649498848080459,0.0783962359284982,4056,2526,7936,768,11230,False,False,0.0
fresh_driven_dissipation_03,driven_dissipation,0,selected,0.047533245800661816,0.08408606806167211,4056,2288,8448,768,11504,False,False,0.0
fresh_driven_dissipation_03,driven_dissipation,1,greedy,0.026646057724355767,0.067253806379013,4056,2424,0,0,2424,False,False,0.0
fresh_driven_dissipation_03,driven_dissipation,1,swap,0.026646057724355767,0.067253806379013,4056,2424,0,0,2424,False,False,0.0
fresh_driven_dissipation_03,driven_dissipation,1,baseline,0.029087419741696596,0.06958153223492905,4056,2628,8576,768,11972,False,False,0.0
fresh_driven_dissipation_03,driven_dissipation,1,selected,0.02830349563254045,0.04746755738628017,4056,2118,8448,768,11334,False,False,0.0
fresh_driven_dissipation_04,driven_dissipation,0,greedy,0.06080247764501928,0.10462610964087488,4056,2526,0,0,2526,False,False,0.0
fresh_driven_dissipation_04,driven_dissipation,0,swap,0.06475003648514457,0.159697337764252,4056,2628,0,0,2628,False,False,0.0
fresh_driven_dissipation_04,driven_dissipation,0,baseline,0.09357060532973892,0.174435196914243,4056,3002,8192,768,11962,False,False,0.0
fresh_driven_dissipation_04,driven_dissipation,0,selected,0.023278827959977023,0.050091050397085085,4056,2220,7808,768,10796,False,False,0.0
fresh_driven_dissipation_04,driven_dissipation,1,greedy,0.04530471730870773,0.08170049634777529,4056,4056,0,0,4056,False,False,0.0
fresh_driven_dissipation_04,driven_dissipation,1,swap,0.04530471730870773,0.08170049634777529,4056,4056,0,0,4056,False,False,0.0
fresh_driven_dissipation_04,driven_dissipation,1,baseline,0.05641965514225418,0.07863698087365248,4056,3750,9472,768,13990,False,False,1.1060445670452168e-08
fresh_driven_dissipation_04,driven_dissipation,1,selected,0.043629834369010884,0.05418694508797571,4056,4056,8576,768,13400,False,False,0.0
fresh_depolarizing_00,depolarizing,0,greedy,0.08277122377999034,0.11877034276757437,4056,2237,0,0,2237,False,False,0.0
fresh_depolarizing_00,depolarizing,0,swap,0.07751426795193646,0.11853393308995262,4056,2339,0,0,2339,False,False,0.0
fresh_depolarizing_00,depolarizing,0,baseline,0.10324400378044214,0.11336362054041371,4056,2458,8192,768,11418,False,False,9.411698087546938e-10
fresh_depolarizing_00,depolarizing,0,selected,0.07842427369409866,0.12181937896781742,4056,2339,7808,768,10915,False,False,4.216558213698818e-10
fresh_depolarizing_00,depolarizing,1,greedy,0.07572563434071182,0.11840031402402625,4056,2798,0,0,2798,False,False,0.0
fresh_depolarizing_00,depolarizing,1,swap,0.08016439021840721,0.1245092658274631,4056,2424,0,0,2424,False,False,0.0
fresh_depolarizing_00,depolarizing,1,baseline,0.07380750003971348,0.11193815487460401,4056,2934,8064,768,11766,False,False,0.0
fresh_depolarizing_00,depolarizing,1,selected,0.08016439021840721,0.1245092658274631,4056,2424,8576,768,11768,False,False,0.0
fresh_depolarizing_01,depolarizing,0,greedy,0.11925824048112302,0.13121738225272092,4056,3342,0,0,3342,False,False,0.0
fresh_depolarizing_01,depolarizing,0,swap,0.11925824048112302,0.13121738225272092,4056,3342,0,0,3342,False,False,0.0
fresh_depolarizing_01,depolarizing,0,baseline,0.12164014441465491,0.11119025734042046,4056,3342,7808,768,11918,False,False,0.0
fresh_depolarizing_01,depolarizing,0,selected,0.12061933872902338,0.12106146072715268,4056,3138,7680,768,11586,False,False,0.0
fresh_depolarizing_01,depolarizing,1,greedy,0.05703056765648217,0.09272970952111691,4056,2628,0,0,2628,False,False,0.0
fresh_depolarizing_01,depolarizing,1,swap,0.05703056765648217,0.09272970952111691,4056,2628,0,0,2628,False,False,0.0
fresh_depolarizing_01,depolarizing,1,baseline,0.04174570135105303,0.06580702308935137,4056,2475,8448,768,11691,False,False,0.0
fresh_depolarizing_01,depolarizing,1,selected,0.048728189362980685,0.07152407179949481,4056,2424,8448,768,11640,False,False,0.0
fresh_depolarizing_02,depolarizing,0,greedy,0.09709482106328557,0.09891799188437331,4056,2730,0,0,2730,False,False,0.0
fresh_depolarizing_02,depolarizing,0,swap,0.09709482106328557,0.09891799188437331,4056,2730,0,0,2730,False,False,0.0
fresh_depolarizing_02,depolarizing,0,baseline,0.09391455103468346,0.10104024772721312,4056,2356,7936,768,11060,False,False,0.0
fresh_depolarizing_02,depolarizing,0,selected,0.06705861284131695,0.09359725265313033,4056,2832,8704,768,12304,False,False,0.0
fresh_depolarizing_02,depolarizing,1,greedy,0.10339429090084797,0.09141894805736142,4056,3444,0,0,3444,False,False,0.0
fresh_depolarizing_02,depolarizing,1,swap,0.10339429090084797,0.09141894805736142,4056,3444,0,0,3444,False,False,0.0
fresh_depolarizing_02,depolarizing,1,baseline,0.08100946914282707,0.07231264150456754,4056,3444,7680,768,11892,False,False,0.0
fresh_depolarizing_02,depolarizing,1,selected,0.08089550966885908,0.06312180429308932,4056,3342,7680,768,11790,False,False,0.0
fresh_depolarizing_03,depolarizing,0,greedy,0.06253926822818014,0.08506445569533187,4056,2526,0,0,2526,False,False,0.0
fresh_depolarizing_03,depolarizing,0,swap,0.06253926822818014,0.08506445569533187,4056,2526,0,0,2526,False,False,0.0
fresh_depolarizing_03,depolarizing,0,baseline,0.05203217472421366,0.06969394003823304,4056,3240,7680,768,11688,False,False,0.0
fresh_depolarizing_03,depolarizing,0,selected,0.049878911861192615,0.07006600804727928,4056,2832,8960,768,12560,False,False,0.0
fresh_depolarizing_03,depolarizing,1,greedy,0.040390421009969917,0.05742569146049595,4056,2390,0,0,2390,False,False,0.0
fresh_depolarizing_03,depolarizing,1,swap,0.03677328676823383,0.04821450355045764,4056,2322,0,0,2322,False,False,0.0
fresh_depolarizing_03,depolarizing,1,baseline,0.043501718104052726,0.07673738454559947,4056,2390,8960,768,12118,False,False,0.0
fresh_depolarizing_03,depolarizing,1,selected,0.03677328676823383,0.04821450355045764,4056,2322,8320,768,11410,False,False,0.0
fresh_depolarizing_04,depolarizing,0,greedy,0.06847394487030663,0.07985210147781951,4056,2271,0,0,2271,False,False,0.0
fresh_depolarizing_04,depolarizing,0,swap,0.06847394487030663,0.07985210147781951,4056,2271,0,0,2271,False,False,0.0
fresh_depolarizing_04,depolarizing,0,baseline,0.06618025675366467,0.07256493046426354,4056,2696,7808,768,11272,False,False,0.0
fresh_depolarizing_04,depolarizing,0,selected,0.06666627799653901,0.07643219647564772,4056,2475,9344,768,12587,False,False,0.0
fresh_depolarizing_04,depolarizing,1,greedy,0.0628812995236354,0.11451172600031599,4056,2832,0,0,2832,False,False,0.0
fresh_depolarizing_04,depolarizing,1,swap,0.0628812995236354,0.11451172600031599,4056,2832,0,0,2832,False,False,0.0
fresh_depolarizing_04,depolarizing,1,baseline,0.11414082435949434,0.1830287287619793,4056,3444,8064,768,12276,False,False,0.0
fresh_depolarizing_04,depolarizing,1,selected,0.057590457372514586,0.10183387330105073,4056,3648,7424,768,11840,False,False,0.0
