id,family,policy,round,applications,rmse,choi_distance,local_gain
amplitude_damping_00,amplitude_damping,greedy,0,384,0.15565874454128334,0.2077496109182241,
amplitude_damping_00,amplitude_damping,greedy,1,1608,0.12012634024394142,0.1633183215705511,11.498522983532121
amplitude_damping_00,amplitude_damping,greedy,2,2832,0.08662918582607773,0.1457117881421928,9.460463206663183
amplitude_damping_00,amplitude_damping,greedy,3,4056,0.06042352574744034,0.1107965576248903,6.797039359407064
amplitude_damping_00,amplitude_damping,fixed_prior,0,384,0.15565874454128334,0.2077496109182241,
amplitude_damping_00,amplitude_damping,fixed_prior,1,1608,0.10191912730085734,0.1372787293691709,10.438005929505534
amplitude_damping_00,amplitude_damping,fixed_prior,2,2832,0.08536415162322185,0.129407652608926,9.027121989893178
amplitude_damping_00,amplitude_damping,fixed_prior,3,4056,0.05880683653938484,0.10015546683890814,5.130417522351155
amplitude_damping_00,amplitude_damping,exact_qubo,0,384,0.15565874454128334,0.2077496109182241,
amplitude_damping_00,amplitude_damping,exact_qubo,1,1608,0.13384135277039416,0.15353383043448632,11.155695288426903
amplitude_damping_00,amplitude_damping,exact_qubo,2,2832,0.11868262932626274,0.14872671139446553,9.767248429591696
amplitude_damping_00,amplitude_damping,exact_qubo,3,4056,0.0584348434397596,0.07316026762856592,6.627706198687431
amplitude_damping_00,amplitude_damping,random_qubo,0,384,0.15565874454128334,0.2077496109182241,
amplitude_damping_00,amplitude_damping,random_qubo,1,1608,0.131907932096929,0.15548233508360026,11.064522531367823
amplitude_damping_00,amplitude_damping,random_qubo,2,2832,0.12396836061309752,0.1544465797817785,9.67238000232936
amplitude_damping_00,amplitude_damping,random_qubo,3,4056,0.06597017425042853,0.08676535690519478,6.688819672953487
amplitude_damping_00,amplitude_damping,swap,0,384,0.15565874454128334,0.2077496109182241,
amplitude_damping_00,amplitude_damping,swap,1,1608,0.13384135277039416,0.15353383043448632,11.155695288426903
amplitude_damping_00,amplitude_damping,swap,2,2832,0.11868262932626274,0.14872671139446553,9.767248429591696
amplitude_damping_00,amplitude_damping,swap,3,4056,0.0584348434397596,0.07316026762856592,6.627706198687431
amplitude_damping_00,amplitude_damping,qaoa_cold,0,384,0.15565874454128334,0.2077496109182241,
amplitude_damping_00,amplitude_damping,qaoa_cold,1,1608,0.13384135277039416,0.15353383043448632,11.155695288426903
amplitude_damping_00,amplitude_damping,qaoa_cold,2,2832,0.10326613178945616,0.15512412332251155,9.522367845263641
amplitude_damping_00,amplitude_damping,qaoa_cold,3,4056,0.09211820122296217,0.13012152632473406,6.57266539381654
amplitude_damping_00,amplitude_damping,qaoa_transfer,0,384,0.15565874454128334,0.2077496109182241,
amplitude_damping_00,amplitude_damping,qaoa_transfer,1,1608,0.13384135277039416,0.15353383043448632,11.155695288426903
amplitude_damping_00,amplitude_damping,qaoa_transfer,2,2832,0.13135671151361883,0.14877511569055601,9.445106011157058
amplitude_damping_00,amplitude_damping,qaoa_transfer,3,4056,0.12568652167561087,0.1424586374204966,6.403282563696022
amplitude_damping_01,amplitude_damping,greedy,0,384,0.17528539978063729,0.12469672430147731,
amplitude_damping_01,amplitude_damping,greedy,1,1608,0.08497234520593953,0.0649956328067243,12.417488871668995
amplitude_damping_01,amplitude_damping,greedy,2,2832,0.05756128394132537,0.04691109172902112,9.646189383524414
amplitude_damping_01,amplitude_damping,greedy,3,4056,0.040685992697260684,0.03611077839557519,8.905051008382246
amplitude_damping_01,amplitude_damping,fixed_prior,0,384,0.17528539978063729,0.12469672430147731,
amplitude_damping_01,amplitude_damping,fixed_prior,1,1608,0.07916886886217757,0.06384049031494027,11.990981522708434
amplitude_damping_01,amplitude_damping,fixed_prior,2,2832,0.057356933007722696,0.04712799918952437,10.496440778960105
amplitude_damping_01,amplitude_damping,fixed_prior,3,4056,0.04095575091329335,0.037700740341798364,8.551419230845042
amplitude_damping_01,amplitude_damping,exact_qubo,0,384,0.17528539978063729,0.12469672430147731,
amplitude_damping_01,amplitude_damping,exact_qubo,1,1608,0.08931459804779712,0.06299592958566116,12.154612669193012
amplitude_damping_01,amplitude_damping,exact_qubo,2,2832,0.07547210720103235,0.061741458833455644,10.130317859102654
amplitude_damping_01,amplitude_damping,exact_qubo,3,4056,0.0395058330100366,0.03363674994579405,8.882010923466499
amplitude_damping_01,amplitude_damping,random_qubo,0,384,0.17528539978063729,0.12469672430147731,
amplitude_damping_01,amplitude_damping,random_qubo,1,1608,0.08931459804779712,0.06299592958566116,12.154612669193012
amplitude_damping_01,amplitude_damping,random_qubo,2,2832,0.07838224210262142,0.06225121693562435,10.045673132611638
amplitude_damping_01,amplitude_damping,random_qubo,3,4056,0.040787682072639955,0.035160031380124065,8.87580140477439
amplitude_damping_01,amplitude_damping,swap,0,384,0.17528539978063729,0.12469672430147731,
amplitude_damping_01,amplitude_damping,swap,1,1608,0.08931459804779712,0.06299592958566116,12.154612669193012
amplitude_damping_01,amplitude_damping,swap,2,2832,0.07547210720103235,0.061741458833455644,10.130317859102654
amplitude_damping_01,amplitude_damping,swap,3,4056,0.0395058330100366,0.03363674994579405,8.882010923466499
amplitude_damping_01,amplitude_damping,qaoa_cold,0,384,0.17528539978063729,0.12469672430147731,
amplitude_damping_01,amplitude_damping,qaoa_cold,1,1608,0.09241412330670463,0.05809200329449758,11.882682292980245
amplitude_damping_01,amplitude_damping,qaoa_cold,2,2832,0.06348828240727648,0.05700545570137622,10.497784073451605
amplitude_damping_01,amplitude_damping,qaoa_cold,3,4056,0.039704093736151566,0.047039243334149286,9.322309015171232
amplitude_damping_01,amplitude_damping,qaoa_transfer,0,384,0.17528539978063729,0.12469672430147731,
amplitude_damping_01,amplitude_damping,qaoa_transfer,1,1608,0.09241412330670463,0.05809200329449758,11.882682292980245
amplitude_damping_01,amplitude_damping,qaoa_transfer,2,2832,0.0486732259298634,0.04485809136995769,10.492702405762873
amplitude_damping_01,amplitude_damping,qaoa_transfer,3,4056,0.040824984150621045,0.04436693557209461,9.23138375107421
amplitude_damping_02,amplitude_damping,greedy,0,384,0.10378168481730361,0.10806651624489699,
amplitude_damping_02,amplitude_damping,greedy,1,1608,0.09515387716280937,0.08786160409753313,11.500746090202973
amplitude_damping_02,amplitude_damping,greedy,2,2832,0.04420298150271309,0.041740718049027105,9.680714093313126
amplitude_damping_02,amplitude_damping,greedy,3,4056,0.04714225000614494,0.04353213404483783,9.329578813408562
amplitude_damping_02,amplitude_damping,fixed_prior,0,384,0.10378168481730361,0.10806651624489699,
amplitude_damping_02,amplitude_damping,fixed_prior,1,1608,0.12055220067414583,0.07870602910454952,11.409106114445551
amplitude_damping_02,amplitude_damping,fixed_prior,2,2832,0.07338599565439508,0.05298706955801383,10.69151290235282
amplitude_damping_02,amplitude_damping,fixed_prior,3,4056,0.0468542722907176,0.03364704484857822,8.519019209604018
amplitude_damping_02,amplitude_damping,exact_qubo,0,384,0.10378168481730361,0.10806651624489699,
amplitude_damping_02,amplitude_damping,exact_qubo,1,1608,0.09515387716280937,0.08786160409753313,11.500746090202973
amplitude_damping_02,amplitude_damping,exact_qubo,2,2832,0.04420298150271309,0.041740718049027105,9.680714093313126
amplitude_damping_02,amplitude_damping,exact_qubo,3,4056,0.04714225000614494,0.04353213404483783,9.329578813408562
amplitude_damping_02,amplitude_damping,random_qubo,0,384,0.10378168481730361,0.10806651624489699,
amplitude_damping_02,amplitude_damping,random_qubo,1,1608,0.09515387716280937,0.08786160409753313,11.500746090202973
amplitude_damping_02,amplitude_damping,random_qubo,2,2832,0.07461497563765992,0.05707495175981958,9.644689074861398
amplitude_damping_02,amplitude_damping,random_qubo,3,4056,0.0673530352387003,0.051606331743100906,8.97073173563395
amplitude_damping_02,amplitude_damping,swap,0,384,0.10378168481730361,0.10806651624489699,
amplitude_damping_02,amplitude_damping,swap,1,1608,0.09515387716280937,0.08786160409753313,11.500746090202973
amplitude_damping_02,amplitude_damping,swap,2,2832,0.04420298150271309,0.041740718049027105,9.680714093313126
amplitude_damping_02,amplitude_damping,swap,3,4056,0.04714225000614494,0.04353213404483783,9.329578813408562
amplitude_damping_02,amplitude_damping,qaoa_cold,0,384,0.10378168481730361,0.10806651624489699,
amplitude_damping_02,amplitude_damping,qaoa_cold,1,1608,0.09531597086980195,0.0881190804664276,11.453147846290493
amplitude_damping_02,amplitude_damping,qaoa_cold,2,2832,0.06479731374706986,0.056521799034975014,9.375780812037782
amplitude_damping_02,amplitude_damping,qaoa_cold,3,4056,0.06172894465189635,0.050911773246025804,9.313858534438392
amplitude_damping_02,amplitude_damping,qaoa_transfer,0,384,0.10378168481730361,0.10806651624489699,
amplitude_damping_02,amplitude_damping,qaoa_transfer,1,1608,0.09531597086980195,0.0881190804664276,11.453147846290493
amplitude_damping_02,amplitude_damping,qaoa_transfer,2,2832,0.07818120741501794,0.04180529328262941,9.404584207317251
amplitude_damping_02,amplitude_damping,qaoa_transfer,3,4056,0.057637059260104595,0.041256229766711866,9.945169864507342
amplitude_damping_03,amplitude_damping,greedy,0,384,0.16134658836174598,0.15180314663617933,
amplitude_damping_03,amplitude_damping,greedy,1,1608,0.17746919747560502,0.13088022205710725,12.514142758387651
amplitude_damping_03,amplitude_damping,greedy,2,2832,0.07034138193168445,0.05789575404343962,10.305271496482668
amplitude_damping_03,amplitude_damping,greedy,3,4056,0.0444749472128987,0.0341933770689145,9.281976012621863
amplitude_damping_03,amplitude_damping,fixed_prior,0,384,0.16134658836174598,0.15180314663617933,
amplitude_damping_03,amplitude_damping,fixed_prior,1,1608,0.10184976058141,0.08597405818154479,11.705726689215673
amplitude_damping_03,amplitude_damping,fixed_prior,2,2832,0.07741192395276889,0.05851894609317483,10.861311225628368
amplitude_damping_03,amplitude_damping,fixed_prior,3,4056,0.03622661792980889,0.03435570736365309,8.429045213343858
amplitude_damping_03,amplitude_damping,exact_qubo,0,384,0.16134658836174598,0.15180314663617933,
amplitude_damping_03,amplitude_damping,exact_qubo,1,1608,0.17746919747560502,0.13088022205710725,12.514142758387651
amplitude_damping_03,amplitude_damping,exact_qubo,2,2832,0.07034138193168445,0.05789575404343962,10.305271496482668
amplitude_damping_03,amplitude_damping,exact_qubo,3,4056,0.0444749472128987,0.0341933770689145,9.281976012621863
amplitude_damping_03,amplitude_damping,random_qubo,0,384,0.16134658836174598,0.15180314663617933,
amplitude_damping_03,amplitude_damping,random_qubo,1,1608,0.17746919747560502,0.13088022205710725,12.514142758387651
amplitude_damping_03,amplitude_damping,random_qubo,2,2832,0.07034138193168445,0.05789575404343962,10.305271496482668
amplitude_damping_03,amplitude_damping,random_qubo,3,4056,0.04015760149010023,0.03322816821673532,9.23535675416389
amplitude_damping_03,amplitude_damping,swap,0,384,0.16134658836174598,0.15180314663617933,
amplitude_damping_03,amplitude_damping,swap,1,1608,0.17746919747560502,0.13088022205710725,12.514142758387651
amplitude_damping_03,amplitude_damping,swap,2,2832,0.07034138193168445,0.05789575404343962,10.305271496482668
amplitude_damping_03,amplitude_damping,swap,3,4056,0.0444749472128987,0.0341933770689145,9.281976012621863
amplitude_damping_03,amplitude_damping,qaoa_cold,0,384,0.16134658836174598,0.15180314663617933,
amplitude_damping_03,amplitude_damping,qaoa_cold,1,1608,0.14035881174841044,0.14689035873838754,12.243148990024295
amplitude_damping_03,amplitude_damping,qaoa_cold,2,2832,0.06046747072225855,0.06383315061049091,10.048219647617659
amplitude_damping_03,amplitude_damping,qaoa_cold,3,4056,0.04319128472901517,0.033099704927073856,8.398249005800043
amplitude_damping_03,amplitude_damping,qaoa_transfer,0,384,0.16134658836174598,0.15180314663617933,
amplitude_damping_03,amplitude_damping,qaoa_transfer,1,1608,0.14035881174841044,0.14689035873838754,12.243148990024295
amplitude_damping_03,amplitude_damping,qaoa_transfer,2,2832,0.05186972901906826,0.0532736778503794,10.024243852510509
amplitude_damping_03,amplitude_damping,qaoa_transfer,3,4056,0.04192688091414901,0.032189651314260784,8.617798783308986
amplitude_damping_04,amplitude_damping,greedy,0,384,0.16993307177321565,0.15818217523334357,
amplitude_damping_04,amplitude_damping,greedy,1,1608,0.12875956104956013,0.10460469662332168,10.904963195096787
amplitude_damping_04,amplitude_damping,greedy,2,2832,0.058256432950372694,0.03920014130789502,9.180494548844962
amplitude_damping_04,amplitude_damping,greedy,3,4056,0.021884011994261682,0.01736593203240806,8.867039882699812
amplitude_damping_04,amplitude_damping,fixed_prior,0,384,0.16993307177321565,0.15818217523334357,
amplitude_damping_04,amplitude_damping,fixed_prior,1,1608,0.07193493449303022,0.06484338900772335,9.222150519569276
amplitude_damping_04,amplitude_damping,fixed_prior,2,2832,0.07489337550144548,0.05568152805245316,10.63451193464065
amplitude_damping_04,amplitude_damping,fixed_prior,3,4056,0.03393040446646009,0.02876533824603727,8.713523642441285
amplitude_damping_04,amplitude_damping,exact_qubo,0,384,0.16993307177321565,0.15818217523334357,
amplitude_damping_04,amplitude_damping,exact_qubo,1,1608,0.12875956104956013,0.10460469662332168,10.904963195096787
amplitude_damping_04,amplitude_damping,exact_qubo,2,2832,0.058256432950372694,0.03920014130789502,9.180494548844962
amplitude_damping_04,amplitude_damping,exact_qubo,3,4056,0.021884011994261682,0.01736593203240806,8.867039882699812
amplitude_damping_04,amplitude_damping,random_qubo,0,384,0.16993307177321565,0.15818217523334357,
amplitude_damping_04,amplitude_damping,random_qubo,1,1608,0.12875956104956013,0.10460469662332168,10.904963195096787
amplitude_damping_04,amplitude_damping,random_qubo,2,2832,0.05794549107872275,0.039969931245432286,9.115617740069792
amplitude_damping_04,amplitude_damping,random_qubo,3,4056,0.027027168489905516,0.023466921668022903,8.959585009914688
amplitude_damping_04,amplitude_damping,swap,0,384,0.16993307177321565,0.15818217523334357,
amplitude_damping_04,amplitude_damping,swap,1,1608,0.12875956104956013,0.10460469662332168,10.904963195096787
amplitude_damping_04,amplitude_damping,swap,2,2832,0.058256432950372694,0.03920014130789502,9.180494548844962
amplitude_damping_04,amplitude_damping,swap,3,4056,0.021884011994261682,0.01736593203240806,8.867039882699812
amplitude_damping_04,amplitude_damping,qaoa_cold,0,384,0.16993307177321565,0.15818217523334357,
amplitude_damping_04,amplitude_damping,qaoa_cold,1,1608,0.13389319800387953,0.1017938315999535,10.764591279090027
amplitude_damping_04,amplitude_damping,qaoa_cold,2,2832,0.046107207893574434,0.029613431536502987,9.34668180351218
amplitude_damping_04,amplitude_damping,qaoa_cold,3,4056,0.014539258621814185,0.014428792015605985,9.001019375357064
amplitude_damping_04,amplitude_damping,qaoa_transfer,0,384,0.16993307177321565,0.15818217523334357,
amplitude_damping_04,amplitude_damping,qaoa_transfer,1,1608,0.13389319800387953,0.1017938315999535,10.764591279090027
amplitude_damping_04,amplitude_damping,qaoa_transfer,2,2832,0.06817148064953495,0.03948457549901391,9.301064702933092
amplitude_damping_04,amplitude_damping,qaoa_transfer,3,4056,0.025743121434042913,0.021362408913054364,9.292538867305595
thermal_relaxation_00,thermal_relaxation,greedy,0,384,0.1832993157410857,0.14846571858114924,
thermal_relaxation_00,thermal_relaxation,greedy,1,1608,0.15378897367951683,0.10712383321964111,12.114834495523343
thermal_relaxation_00,thermal_relaxation,greedy,2,2832,0.11906405151532633,0.07384715667371254,10.446311223695353
thermal_relaxation_00,thermal_relaxation,greedy,3,4056,0.07208511077309615,0.0344463997560176,8.513965795527167
thermal_relaxation_00,thermal_relaxation,fixed_prior,0,384,0.1832993157410857,0.14846571858114924,
thermal_relaxation_00,thermal_relaxation,fixed_prior,1,1608,0.11590479535151266,0.0697227437788693,11.406230000572881
thermal_relaxation_00,thermal_relaxation,fixed_prior,2,2832,0.0751161737160154,0.03354300451212997,11.743813939445243
thermal_relaxation_00,thermal_relaxation,fixed_prior,3,4056,0.0737497637313325,0.03603179970664376,9.274833080962047
thermal_relaxation_00,thermal_relaxation,exact_qubo,0,384,0.1832993157410857,0.14846571858114924,
thermal_relaxation_00,thermal_relaxation,exact_qubo,1,1608,0.15378897367951683,0.10712383321964111,12.114834495523343
thermal_relaxation_00,thermal_relaxation,exact_qubo,2,2832,0.11906405151532633,0.07384715667371254,10.446311223695352
thermal_relaxation_00,thermal_relaxation,exact_qubo,3,4056,0.07208511077309615,0.0344463997560176,8.513965795527165
thermal_relaxation_00,thermal_relaxation,random_qubo,0,384,0.1832993157410857,0.14846571858114924,
thermal_relaxation_00,thermal_relaxation,random_qubo,1,1608,0.15806000889391744,0.10859368488066855,12.054800936347526
thermal_relaxation_00,thermal_relaxation,random_qubo,2,2832,0.08297967452238317,0.0345662466843067,10.449598659376361
thermal_relaxation_00,thermal_relaxation,random_qubo,3,4056,0.07513742124178482,0.03620354791601221,10.297092565273864
thermal_relaxation_00,thermal_relaxation,swap,0,384,0.1832993157410857,0.14846571858114924,
thermal_relaxation_00,thermal_relaxation,swap,1,1608,0.15378897367951683,0.10712383321964111,12.114834495523343
thermal_relaxation_00,thermal_relaxation,swap,2,2832,0.11906405151532633,0.07384715667371254,10.446311223695352
thermal_relaxation_00,thermal_relaxation,swap,3,4056,0.07208511077309615,0.0344463997560176,8.513965795527165
thermal_relaxation_00,thermal_relaxation,qaoa_cold,0,384,0.1832993157410857,0.14846571858114924,
thermal_relaxation_00,thermal_relaxation,qaoa_cold,1,1608,0.14123145071016246,0.09443743428872195,11.966989409181195
thermal_relaxation_00,thermal_relaxation,qaoa_cold,2,2832,0.11743663271863654,0.07645460619733724,11.774738114778566
thermal_relaxation_00,thermal_relaxation,qaoa_cold,3,4056,0.06803174286084482,0.031631736412514024,8.703028604249907
thermal_relaxation_00,thermal_relaxation,qaoa_transfer,0,384,0.1832993157410857,0.14846571858114924,
thermal_relaxation_00,thermal_relaxation,qaoa_transfer,1,1608,0.14123145071016246,0.09443743428872195,11.966989409181195
thermal_relaxation_00,thermal_relaxation,qaoa_transfer,2,2832,0.11973081850091224,0.07556412362184549,11.622568565969177
thermal_relaxation_00,thermal_relaxation,qaoa_transfer,3,4056,0.07376049312170754,0.03116730922419149,8.065310287504392
thermal_relaxation_01,thermal_relaxation,greedy,0,384,0.1223859262645219,0.13032314760613387,
thermal_relaxation_01,thermal_relaxation,greedy,1,1608,0.10477900213678744,0.09683535984043308,13.725148180934422
thermal_relaxation_01,thermal_relaxation,greedy,2,2832,0.04156614285811567,0.04939674218692128,10.129356920472656
thermal_relaxation_01,thermal_relaxation,greedy,3,4056,0.05285145247799444,0.056146340021000295,9.215678007404565
thermal_relaxation_01,thermal_relaxation,fixed_prior,0,384,0.1223859262645219,0.13032314760613387,
thermal_relaxation_01,thermal_relaxation,fixed_prior,1,1608,0.13727001715526396,0.1321719737690901,12.870357054287021
thermal_relaxation_01,thermal_relaxation,fixed_prior,2,2832,0.03999236327708494,0.051474306499449535,11.232653670659884
thermal_relaxation_01,thermal_relaxation,fixed_prior,3,4056,0.04585033928158825,0.04482615868557466,8.873372408223684
thermal_relaxation_01,thermal_relaxation,exact_qubo,0,384,0.1223859262645219,0.13032314760613387,
thermal_relaxation_01,thermal_relaxation,exact_qubo,1,1608,0.10335329281574811,0.10809590522628812,13.76452845005325
thermal_relaxation_01,thermal_relaxation,exact_qubo,2,2832,0.044833871319628446,0.05039208021270103,9.992441502186947
thermal_relaxation_01,thermal_relaxation,exact_qubo,3,4056,0.04898029930705739,0.0518122173568215,8.939815251869746
thermal_relaxation_01,thermal_relaxation,random_qubo,0,384,0.1223859262645219,0.13032314760613387,
thermal_relaxation_01,thermal_relaxation,random_qubo,1,1608,0.10335329281574811,0.10809590522628812,13.76452845005325
thermal_relaxation_01,thermal_relaxation,random_qubo,2,2832,0.04317196093013429,0.05124393360619209,9.935049924803387
thermal_relaxation_01,thermal_relaxation,random_qubo,3,4056,0.05593670063844437,0.060677444989478774,9.10422307473122
thermal_relaxation_01,thermal_relaxation,swap,0,384,0.1223859262645219,0.13032314760613387,
thermal_relaxation_01,thermal_relaxation,swap,1,1608,0.10335329281574811,0.10809590522628812,13.76452845005325
thermal_relaxation_01,thermal_relaxation,swap,2,2832,0.044833871319628446,0.05039208021270103,9.992441502186947
thermal_relaxation_01,thermal_relaxation,swap,3,4056,0.04898029930705739,0.0518122173568215,8.939815251869746
thermal_relaxation_01,thermal_relaxation,qaoa_cold,0,384,0.1223859262645219,0.13032314760613387,
thermal_relaxation_01,thermal_relaxation,qaoa_cold,1,1608,0.09677146514445202,0.09461808777015132,13.226290204789484
thermal_relaxation_01,thermal_relaxation,qaoa_cold,2,2832,0.03989045656503674,0.04349496916398596,10.854999800167121
thermal_relaxation_01,thermal_relaxation,qaoa_cold,3,4056,0.050846521015713665,0.04658754426263294,9.258586089185275
thermal_relaxation_01,thermal_relaxation,qaoa_transfer,0,384,0.1223859262645219,0.13032314760613387,
thermal_relaxation_01,thermal_relaxation,qaoa_transfer,1,1608,0.09677146514445202,0.09461808777015132,13.226290204789484
thermal_relaxation_01,thermal_relaxation,qaoa_transfer,2,2832,0.03746059806708485,0.04429710221104983,10.896000500223684
thermal_relaxation_01,thermal_relaxation,qaoa_transfer,3,4056,0.04348272869798509,0.04842005464494065,9.115166233791788
thermal_relaxation_02,thermal_relaxation,greedy,0,384,0.11025573908216178,0.13947079181263794,
thermal_relaxation_02,thermal_relaxation,greedy,1,1608,0.08638021472832444,0.14251433417530474,13.81405754849469
thermal_relaxation_02,thermal_relaxation,greedy,2,2832,0.09605648602458375,0.09512940878775025,9.435047018413048
thermal_relaxation_02,thermal_relaxation,greedy,3,4056,0.07160863490442936,0.08790153579440325,8.084396996735023
thermal_relaxation_02,thermal_relaxation,fixed_prior,0,384,0.11025573908216178,0.13947079181263794,
thermal_relaxation_02,thermal_relaxation,fixed_prior,1,1608,0.10871420857268285,0.1263125826852033,12.507472478897883
thermal_relaxation_02,thermal_relaxation,fixed_prior,2,2832,0.07872718454243625,0.09788637578920259,10.0020716851966
thermal_relaxation_02,thermal_relaxation,fixed_prior,3,4056,0.06062499165774606,0.07172841194787227,7.668189642722819
thermal_relaxation_02,thermal_relaxation,exact_qubo,0,384,0.11025573908216178,0.13947079181263794,
thermal_relaxation_02,thermal_relaxation,exact_qubo,1,1608,0.08638021472832444,0.14251433417530474,13.81405754849469
thermal_relaxation_02,thermal_relaxation,exact_qubo,2,2832,0.09097477003049709,0.09219352234830669,9.442041072063482
thermal_relaxation_02,thermal_relaxation,exact_qubo,3,4056,0.0734352840593257,0.08927705691693706,8.11430795244365
thermal_relaxation_02,thermal_relaxation,random_qubo,0,384,0.11025573908216178,0.13947079181263794,
thermal_relaxation_02,thermal_relaxation,random_qubo,1,1608,0.10974585029487838,0.15811087991874762,13.702969417461292
thermal_relaxation_02,thermal_relaxation,random_qubo,2,2832,0.09854962852086717,0.09381834254965297,8.943737090841894
thermal_relaxation_02,thermal_relaxation,random_qubo,3,4056,0.06704489802466526,0.09134385773971117,7.699583695362856
thermal_relaxation_02,thermal_relaxation,swap,0,384,0.11025573908216178,0.13947079181263794,
thermal_relaxation_02,thermal_relaxation,swap,1,1608,0.08638021472832444,0.14251433417530474,13.81405754849469
thermal_relaxation_02,thermal_relaxation,swap,2,2832,0.09097477003049709,0.09219352234830669,9.442041072063482
thermal_relaxation_02,thermal_relaxation,swap,3,4056,0.0734352840593257,0.08927705691693706,8.11430795244365
thermal_relaxation_02,thermal_relaxation,qaoa_cold,0,384,0.11025573908216178,0.13947079181263794,
thermal_relaxation_02,thermal_relaxation,qaoa_cold,1,1608,0.12325478436451894,0.17523265507241564,13.229529172014223
thermal_relaxation_02,thermal_relaxation,qaoa_cold,2,2832,0.1000279498407691,0.10472514811369546,10.631077088833992
thermal_relaxation_02,thermal_relaxation,qaoa_cold,3,4056,0.05701776707354017,0.0923035514222475,8.589263763528193
thermal_relaxation_02,thermal_relaxation,qaoa_transfer,0,384,0.11025573908216178,0.13947079181263794,
thermal_relaxation_02,thermal_relaxation,qaoa_transfer,1,1608,0.12325478436451894,0.17523265507241564,13.229529172014223
thermal_relaxation_02,thermal_relaxation,qaoa_transfer,2,2832,0.1041970852900226,0.10572356966266835,10.600346321747919
thermal_relaxation_02,thermal_relaxation,qaoa_transfer,3,4056,0.09030641483578354,0.09775084788041793,7.936652039521264
thermal_relaxation_03,thermal_relaxation,greedy,0,384,0.15059006269714306,0.12015640814258688,
thermal_relaxation_03,thermal_relaxation,greedy,1,1608,0.09638611621568509,0.08479857346843245,10.903512736239913
thermal_relaxation_03,thermal_relaxation,greedy,2,2832,0.06757985875926896,0.052074335169822836,9.53195465171407
thermal_relaxation_03,thermal_relaxation,greedy,3,4056,0.03833947470475846,0.03437548017863732,8.246549210184135
thermal_relaxation_03,thermal_relaxation,fixed_prior,0,384,0.15059006269714306,0.12015640814258688,
thermal_relaxation_03,thermal_relaxation,fixed_prior,1,1608,0.1044936830384663,0.09068717693445848,9.520586179611609
thermal_relaxation_03,thermal_relaxation,fixed_prior,2,2832,0.0862510159172028,0.08044109209904715,9.567732907153843
thermal_relaxation_03,thermal_relaxation,fixed_prior,3,4056,0.07618143253779215,0.07411406602009801,7.143386986345657
thermal_relaxation_03,thermal_relaxation,exact_qubo,0,384,0.15059006269714306,0.12015640814258688,
thermal_relaxation_03,thermal_relaxation,exact_qubo,1,1608,0.09638611621568509,0.08479857346843245,10.903512736239913
thermal_relaxation_03,thermal_relaxation,exact_qubo,2,2832,0.06757985875926896,0.052074335169822836,9.53195465171407
thermal_relaxation_03,thermal_relaxation,exact_qubo,3,4056,0.03019109714848897,0.024270817037747687,8.155048137355571
thermal_relaxation_03,thermal_relaxation,random_qubo,0,384,0.15059006269714306,0.12015640814258688,
thermal_relaxation_03,thermal_relaxation,random_qubo,1,1608,0.09638611621568509,0.08479857346843245,10.903512736239913
thermal_relaxation_03,thermal_relaxation,random_qubo,2,2832,0.06757985875926896,0.052074335169822836,9.53195465171407
thermal_relaxation_03,thermal_relaxation,random_qubo,3,4056,0.03019109714848897,0.024270817037747687,8.155048137355571
thermal_relaxation_03,thermal_relaxation,swap,0,384,0.15059006269714306,0.12015640814258688,
thermal_relaxation_03,thermal_relaxation,swap,1,1608,0.09638611621568509,0.08479857346843245,10.903512736239913
thermal_relaxation_03,thermal_relaxation,swap,2,2832,0.06757985875926896,0.052074335169822836,9.53195465171407
thermal_relaxation_03,thermal_relaxation,swap,3,4056,0.03019109714848897,0.024270817037747687,8.155048137355571
thermal_relaxation_03,thermal_relaxation,qaoa_cold,0,384,0.15059006269714306,0.12015640814258688,
thermal_relaxation_03,thermal_relaxation,qaoa_cold,1,1608,0.09638611621568509,0.08479857346843245,10.903512736239913
thermal_relaxation_03,thermal_relaxation,qaoa_cold,2,2832,0.06757985875926896,0.052074335169822836,9.53195465171407
thermal_relaxation_03,thermal_relaxation,qaoa_cold,3,4056,0.029219591724777852,0.027236308261853973,8.117151021116955
thermal_relaxation_03,thermal_relaxation,qaoa_transfer,0,384,0.15059006269714306,0.12015640814258688,
thermal_relaxation_03,thermal_relaxation,qaoa_transfer,1,1608,0.09638611621568509,0.08479857346843245,10.903512736239913
thermal_relaxation_03,thermal_relaxation,qaoa_transfer,2,2832,0.07250895428015552,0.06267556289523635,9.434272709654778
thermal_relaxation_03,thermal_relaxation,qaoa_transfer,3,4056,0.04255166070407686,0.042898230300508516,7.938229408892466
thermal_relaxation_04,thermal_relaxation,greedy,0,384,0.15867756243307063,0.18102631923983037,
thermal_relaxation_04,thermal_relaxation,greedy,1,1608,0.12014001814593321,0.16123699699486604,11.574986041986381
thermal_relaxation_04,thermal_relaxation,greedy,2,2832,0.08522277879626598,0.10522026671834009,9.170931290318876
thermal_relaxation_04,thermal_relaxation,greedy,3,4056,0.058388581763766594,0.06168579081522843,7.774551338523271
thermal_relaxation_04,thermal_relaxation,fixed_prior,0,384,0.15867756243307063,0.18102631923983037,
thermal_relaxation_04,thermal_relaxation,fixed_prior,1,1608,0.12514668223766418,0.15585723294153128,10.748038647654724
thermal_relaxation_04,thermal_relaxation,fixed_prior,2,2832,0.10724875626099496,0.1092579508172182,8.545217503852617
thermal_relaxation_04,thermal_relaxation,fixed_prior,3,4056,0.10687380014508567,0.11491722265218088,5.7207804342331805
thermal_relaxation_04,thermal_relaxation,exact_qubo,0,384,0.15867756243307063,0.18102631923983037,
thermal_relaxation_04,thermal_relaxation,exact_qubo,1,1608,0.12014001814593321,0.16123699699486604,11.574986041986381
thermal_relaxation_04,thermal_relaxation,exact_qubo,2,2832,0.08522277879626598,0.10522026671834009,9.170931290318876
thermal_relaxation_04,thermal_relaxation,exact_qubo,3,4056,0.058388581763766594,0.06168579081522843,7.7745513385232705
thermal_relaxation_04,thermal_relaxation,random_qubo,0,384,0.15867756243307063,0.18102631923983037,
thermal_relaxation_04,thermal_relaxation,random_qubo,1,1608,0.12404649668733463,0.1588348415298313,11.547061110524924
thermal_relaxation_04,thermal_relaxation,random_qubo,2,2832,0.08867320035033614,0.11083050280757742,9.087305416739397
thermal_relaxation_04,thermal_relaxation,random_qubo,3,4056,0.0760977760778928,0.07563406987409524,8.069243960277674
thermal_relaxation_04,thermal_relaxation,swap,0,384,0.15867756243307063,0.18102631923983037,
thermal_relaxation_04,thermal_relaxation,swap,1,1608,0.12014001814593321,0.16123699699486604,11.574986041986381
thermal_relaxation_04,thermal_relaxation,swap,2,2832,0.08522277879626598,0.10522026671834009,9.170931290318876
thermal_relaxation_04,thermal_relaxation,swap,3,4056,0.058388581763766594,0.06168579081522843,7.7745513385232705
thermal_relaxation_04,thermal_relaxation,qaoa_cold,0,384,0.15867756243307063,0.18102631923983037,
thermal_relaxation_04,thermal_relaxation,qaoa_cold,1,1608,0.12057349689592449,0.16115803378065152,11.34452053726796
thermal_relaxation_04,thermal_relaxation,qaoa_cold,2,2832,0.08649103081962754,0.10905390773830598,9.06417423221528
thermal_relaxation_04,thermal_relaxation,qaoa_cold,3,4056,0.06728896059332615,0.0688114072377224,7.112753813232888
thermal_relaxation_04,thermal_relaxation,qaoa_transfer,0,384,0.15867756243307063,0.18102631923983037,
thermal_relaxation_04,thermal_relaxation,qaoa_transfer,1,1608,0.12057349689592449,0.16115803378065152,11.34452053726796
thermal_relaxation_04,thermal_relaxation,qaoa_transfer,2,2832,0.09146954782346679,0.1104028138044838,9.138119633420278
thermal_relaxation_04,thermal_relaxation,qaoa_transfer,3,4056,0.08307679373373265,0.10947995339149356,7.051725512552597
dephasing_00,dephasing,greedy,0,384,0.14414223417691524,0.13781036396923835,
dephasing_00,dephasing,greedy,1,1608,0.12361071019890511,0.15147931212622098,13.131457529758457
dephasing_00,dephasing,greedy,2,2832,0.09946875381601165,0.09848362006645435,8.618050935905128
dephasing_00,dephasing,greedy,3,4056,0.09266734575604357,0.10299209683933627,7.777915377139824
dephasing_00,dephasing,fixed_prior,0,384,0.14414223417691524,0.13781036396923835,
dephasing_00,dephasing,fixed_prior,1,1608,0.13233391053000093,0.16166208159592674,12.62606113657398
dephasing_00,dephasing,fixed_prior,2,2832,0.09583891591762832,0.09465040378373221,8.807330915275589
dephasing_00,dephasing,fixed_prior,3,4056,0.03156039731941087,0.02952654275587205,6.2124731863352425
dephasing_00,dephasing,exact_qubo,0,384,0.14414223417691524,0.13781036396923835,
dephasing_00,dephasing,exact_qubo,1,1608,0.12066579110206917,0.13886460775830256,13.231907810699864
dephasing_00,dephasing,exact_qubo,2,2832,0.08930376646108124,0.07981260467587187,8.791850779637649
dephasing_00,dephasing,exact_qubo,3,4056,0.07824343580773843,0.06021606153643707,7.823643328907368
dephasing_00,dephasing,random_qubo,0,384,0.14414223417691524,0.13781036396923835,
dephasing_00,dephasing,random_qubo,1,1608,0.11447603256158213,0.13740039297673715,13.228692709478338
dephasing_00,dephasing,random_qubo,2,2832,0.07396082594565877,0.07106904527007991,8.687741730883227
dephasing_00,dephasing,random_qubo,3,4056,0.0654410298528315,0.05004776084988402,7.820359521459517
dephasing_00,dephasing,swap,0,384,0.14414223417691524,0.13781036396923835,
dephasing_00,dephasing,swap,1,1608,0.12066579110206917,0.13886460775830256,13.231907810699864
dephasing_00,dephasing,swap,2,2832,0.08930376646108124,0.07981260467587187,8.791850779637649
dephasing_00,dephasing,swap,3,4056,0.07824343580773843,0.06021606153643707,7.823643328907368
dephasing_00,dephasing,qaoa_cold,0,384,0.14414223417691524,0.13781036396923835,
dephasing_00,dephasing,qaoa_cold,1,1608,0.11447603256158213,0.13740039297673715,13.228692709478338
dephasing_00,dephasing,qaoa_cold,2,2832,0.09383617201838894,0.09789461581808298,8.678428066936986
dephasing_00,dephasing,qaoa_cold,3,4056,0.07185861806775352,0.0666763652775998,7.509243374405113
dephasing_00,dephasing,qaoa_transfer,0,384,0.14414223417691524,0.13781036396923835,
dephasing_00,dephasing,qaoa_transfer,1,1608,0.11447603256158213,0.13740039297673715,13.228692709478338
dephasing_00,dephasing,qaoa_transfer,2,2832,0.09383617201838894,0.09789461581808298,8.678428066936986
dephasing_00,dephasing,qaoa_transfer,3,4056,0.0771003518867225,0.0797271102317794,7.644008387966528
dephasing_01,dephasing,greedy,0,384,0.10976954408644446,0.1462260056256018,
dephasing_01,dephasing,greedy,1,1608,0.025533935791951304,0.04503130889259638,13.0059209108234
dephasing_01,dephasing,greedy,2,2832,0.03517458546504203,0.057240359467416915,10.833946707548657
dephasing_01,dephasing,greedy,3,4056,0.047422977541539534,0.06013482025243208,8.304682439500827
dephasing_01,dephasing,fixed_prior,0,384,0.10976954408644446,0.1462260056256018,
dephasing_01,dephasing,fixed_prior,1,1608,0.09071617346604095,0.1467995888630691,12.050697539732836
dephasing_01,dephasing,fixed_prior,2,2832,0.048798834767350564,0.05903264089338239,9.404173394762099
dephasing_01,dephasing,fixed_prior,3,4056,0.03590911934888924,0.03756442394501207,8.350490925839395
dephasing_01,dephasing,exact_qubo,0,384,0.10976954408644446,0.1462260056256018,
dephasing_01,dephasing,exact_qubo,1,1608,0.025533935791951304,0.04503130889259638,13.0059209108234
dephasing_01,dephasing,exact_qubo,2,2832,0.03517458546504203,0.057240359467416915,10.833946707548657
dephasing_01,dephasing,exact_qubo,3,4056,0.047422977541539534,0.06013482025243208,8.304682439500827
dephasing_01,dephasing,random_qubo,0,384,0.10976954408644446,0.1462260056256018,
dephasing_01,dephasing,random_qubo,1,1608,0.025533935791951304,0.04503130889259638,13.0059209108234
dephasing_01,dephasing,random_qubo,2,2832,0.03517458546504203,0.057240359467416915,10.833946707548657
dephasing_01,dephasing,random_qubo,3,4056,0.047422977541539534,0.06013482025243208,8.304682439500827
dephasing_01,dephasing,swap,0,384,0.10976954408644446,0.1462260056256018,
dephasing_01,dephasing,swap,1,1608,0.025533935791951304,0.04503130889259638,13.0059209108234
dephasing_01,dephasing,swap,2,2832,0.03517458546504203,0.057240359467416915,10.833946707548657
dephasing_01,dephasing,swap,3,4056,0.047422977541539534,0.06013482025243208,8.304682439500827
dephasing_01,dephasing,qaoa_cold,0,384,0.10976954408644446,0.1462260056256018,
dephasing_01,dephasing,qaoa_cold,1,1608,0.03311711805384785,0.058449271519463386,12.778844776421119
dephasing_01,dephasing,qaoa_cold,2,2832,0.03492823740278958,0.06533147278958243,10.61085619154027
dephasing_01,dephasing,qaoa_cold,3,4056,0.041856788894730414,0.06268000567553977,8.32500744990346
dephasing_01,dephasing,qaoa_transfer,0,384,0.10976954408644446,0.1462260056256018,
dephasing_01,dephasing,qaoa_transfer,1,1608,0.03311711805384785,0.058449271519463386,12.778844776421119
dephasing_01,dephasing,qaoa_transfer,2,2832,0.03492823740278958,0.06533147278958243,10.61085619154027
dephasing_01,dephasing,qaoa_transfer,3,4056,0.04545871295658245,0.05008099391116285,8.264288325051547
dephasing_02,dephasing,greedy,0,384,0.1114292060477138,0.18531947985016703,
dephasing_02,dephasing,greedy,1,1608,0.06291136922551073,0.06536660946429512,11.219620032106555
dephasing_02,dephasing,greedy,2,2832,0.035509387876682744,0.04787605189079876,10.402380537883264
dephasing_02,dephasing,greedy,3,4056,0.03646606681623965,0.039177453181976477,8.594584089586695
dephasing_02,dephasing,fixed_prior,0,384,0.1114292060477138,0.18531947985016703,
dephasing_02,dephasing,fixed_prior,1,1608,0.1034430759692793,0.08698627459906216,9.493790206612669
dephasing_02,dephasing,fixed_prior,2,2832,0.10659483691579213,0.0634753844363125,8.543900348080308
dephasing_02,dephasing,fixed_prior,3,4056,0.07782018617080126,0.0408744369992849,7.462586757582605
dephasing_02,dephasing,exact_qubo,0,384,0.1114292060477138,0.18531947985016703,
dephasing_02,dephasing,exact_qubo,1,1608,0.06291136922551073,0.06536660946429512,11.219620032106555
dephasing_02,dephasing,exact_qubo,2,2832,0.035509387876682744,0.04787605189079876,10.402380537883264
dephasing_02,dephasing,exact_qubo,3,4056,0.03349872562150466,0.036365634434376515,8.56366641050696
dephasing_02,dephasing,random_qubo,0,384,0.1114292060477138,0.18531947985016703,
dephasing_02,dephasing,random_qubo,1,1608,0.08088377537771234,0.0907941344697546,10.937435193489057
dephasing_02,dephasing,random_qubo,2,2832,0.051739486683862204,0.04222314641560526,9.539819376920612
dephasing_02,dephasing,random_qubo,3,4056,0.05406855953002694,0.03706166770342412,7.300110962104658
dephasing_02,dephasing,swap,0,384,0.1114292060477138,0.18531947985016703,
dephasing_02,dephasing,swap,1,1608,0.06291136922551073,0.06536660946429512,11.219620032106555
dephasing_02,dephasing,swap,2,2832,0.035509387876682744,0.04787605189079876,10.402380537883264
dephasing_02,dephasing,swap,3,4056,0.03349872562150466,0.036365634434376515,8.56366641050696
dephasing_02,dephasing,qaoa_cold,0,384,0.1114292060477138,0.18531947985016703,
dephasing_02,dephasing,qaoa_cold,1,1608,0.048967374247198145,0.06574159691716916,10.979773407312532
dephasing_02,dephasing,qaoa_cold,2,2832,0.040992837532332384,0.04083133415517545,10.47921430600751
dephasing_02,dephasing,qaoa_cold,3,4056,0.04414888085692373,0.04153313198720342,8.452127867019998
dephasing_02,dephasing,qaoa_transfer,0,384,0.1114292060477138,0.18531947985016703,
dephasing_02,dephasing,qaoa_transfer,1,1608,0.048967374247198145,0.06574159691716916,10.979773407312532
dephasing_02,dephasing,qaoa_transfer,2,2832,0.04365270239176852,0.0357010468828156,10.70885305493516
dephasing_02,dephasing,qaoa_transfer,3,4056,0.039876457097312204,0.03713107157584719,6.48160097587041
dephasing_03,dephasing,greedy,0,384,0.15920517417798677,0.08647565091558593,
dephasing_03,dephasing,greedy,1,1608,0.11235593899110359,0.056333921799160955,15.33905351547149
dephasing_03,dephasing,greedy,2,2832,0.07531592958596596,0.041875176716410306,12.961772885936464
dephasing_03,dephasing,greedy,3,4056,0.05084264863173619,0.03219620501091145,11.122782379135526
dephasing_03,dephasing,fixed_prior,0,384,0.15920517417798677,0.08647565091558593,
dephasing_03,dephasing,fixed_prior,1,1608,0.16932263709243248,0.0917170458870734,13.618603154747555
dephasing_03,dephasing,fixed_prior,2,2832,0.12100510621055557,0.057714424373416576,11.710726955858492
dephasing_03,dephasing,fixed_prior,3,4056,0.10186728314957941,0.041095677598427,9.060317777050304
dephasing_03,dephasing,exact_qubo,0,384,0.15920517417798677,0.08647565091558593,
dephasing_03,dephasing,exact_qubo,1,1608,0.12106618034583468,0.05687642905702005,15.349785381029022
dephasing_03,dephasing,exact_qubo,2,2832,0.0968266901603786,0.04890338288964081,12.966689979283224
dephasing_03,dephasing,exact_qubo,3,4056,0.09658197652426291,0.05598567359695397,10.806112419225595
dephasing_03,dephasing,random_qubo,0,384,0.15920517417798677,0.08647565091558593,
dephasing_03,dephasing,random_qubo,1,1608,0.11235593899110359,0.056333921799160955,15.33905351547149
dephasing_03,dephasing,random_qubo,2,2832,0.08247799762000561,0.04459635393835626,12.93118921825338
dephasing_03,dephasing,random_qubo,3,4056,0.07663970150394148,0.0408790114322936,10.725732963524706
dephasing_03,dephasing,swap,0,384,0.15920517417798677,0.08647565091558593,
dephasing_03,dephasing,swap,1,1608,0.12106618034583468,0.05687642905702005,15.349785381029022
dephasing_03,dephasing,swap,2,2832,0.0968266901603786,0.04890338288964081,12.966689979283224
dephasing_03,dephasing,swap,3,4056,0.09658197652426291,0.05598567359695397,10.806112419225595
dephasing_03,dephasing,qaoa_cold,0,384,0.15920517417798677,0.08647565091558593,
dephasing_03,dephasing,qaoa_cold,1,1608,0.10103715732338019,0.04975726149814367,15.227428761210252
dephasing_03,dephasing,qaoa_cold,2,2832,0.057984035810874725,0.034778087456673455,12.440162529305606
dephasing_03,dephasing,qaoa_cold,3,4056,0.060510880308172726,0.030596320864899832,11.078399010077183
dephasing_03,dephasing,qaoa_transfer,0,384,0.15920517417798677,0.08647565091558593,
dephasing_03,dephasing,qaoa_transfer,1,1608,0.10103715732338019,0.04975726149814367,15.227428761210252
dephasing_03,dephasing,qaoa_transfer,2,2832,0.0875729831032983,0.04935491555607721,12.17361783183946
dephasing_03,dephasing,qaoa_transfer,3,4056,0.0657186963712903,0.043122247743188506,10.895563186583288
dephasing_04,dephasing,greedy,0,384,0.11863244584468863,0.12408255513227404,
dephasing_04,dephasing,greedy,1,1608,0.09237570422206527,0.10184075402909677,15.088498373156579
dephasing_04,dephasing,greedy,2,2832,0.06869067639595289,0.057291798262262356,9.315236489471495
dephasing_04,dephasing,greedy,3,4056,0.05266425179772833,0.047117238321437535,9.171967178256823
dephasing_04,dephasing,fixed_prior,0,384,0.11863244584468863,0.12408255513227404,
dephasing_04,dephasing,fixed_prior,1,1608,0.08158315035761587,0.08832607725504642,14.019908099900112
dephasing_04,dephasing,fixed_prior,2,2832,0.0904157575041885,0.0688589251014656,9.245588459398393
dephasing_04,dephasing,fixed_prior,3,4056,0.04017603442545679,0.04077979764204696,8.240914996615981
dephasing_04,dephasing,exact_qubo,0,384,0.11863244584468863,0.12408255513227404,
dephasing_04,dephasing,exact_qubo,1,1608,0.09237570422206527,0.10184075402909677,15.088498373156579
dephasing_04,dephasing,exact_qubo,2,2832,0.06321966195118828,0.08921546194324587,9.144304804106483
dephasing_04,dephasing,exact_qubo,3,4056,0.06735780909732496,0.05370183268713435,8.321114545839281
dephasing_04,dephasing,random_qubo,0,384,0.11863244584468863,0.12408255513227404,
dephasing_04,dephasing,random_qubo,1,1608,0.09237570422206527,0.10184075402909677,15.088498373156579
dephasing_04,dephasing,random_qubo,2,2832,0.06321966195118828,0.08921546194324587,9.144304804106483
dephasing_04,dephasing,random_qubo,3,4056,0.06032713479354399,0.05363107661239386,8.270766394938343
dephasing_04,dephasing,swap,0,384,0.11863244584468863,0.12408255513227404,
dephasing_04,dephasing,swap,1,1608,0.09237570422206527,0.10184075402909677,15.088498373156579
dephasing_04,dephasing,swap,2,2832,0.06321966195118828,0.08921546194324587,9.144304804106483
dephasing_04,dephasing,swap,3,4056,0.06735780909732496,0.05370183268713435,8.321114545839281
dephasing_04,dephasing,qaoa_cold,0,384,0.11863244584468863,0.12408255513227404,
dephasing_04,dephasing,qaoa_cold,1,1608,0.07615349800855532,0.07130629249739903,14.778147096597904
dephasing_04,dephasing,qaoa_cold,2,2832,0.04472314289223167,0.0420688600479693,9.609399718446806
dephasing_04,dephasing,qaoa_cold,3,4056,0.05152782218232454,0.051019570147645785,8.58519591041805
dephasing_04,dephasing,qaoa_transfer,0,384,0.11863244584468863,0.12408255513227404,
dephasing_04,dephasing,qaoa_transfer,1,1608,0.07615349800855532,0.07130629249739903,14.778147096597904
dephasing_04,dephasing,qaoa_transfer,2,2832,0.04472314289223167,0.0420688600479693,9.609399718446806
dephasing_04,dephasing,qaoa_transfer,3,4056,0.04708424536769166,0.04979206759801248,8.44981558498941
coherent_rotation_00,coherent_rotation,greedy,0,384,0.21856485585977778,0.2276590646134145,
coherent_rotation_00,coherent_rotation,greedy,1,1608,0.19900994808699843,0.12602817832619645,10.95343256659831
coherent_rotation_00,coherent_rotation,greedy,2,2832,0.05331164449374791,0.023704562926075638,9.858656702466488
coherent_rotation_00,coherent_rotation,greedy,3,4056,0.02644224399878909,0.011140957816625878,9.599237268464226
coherent_rotation_00,coherent_rotation,fixed_prior,0,384,0.21856485585977778,0.2276590646134145,
coherent_rotation_00,coherent_rotation,fixed_prior,1,1608,0.20686793197837997,0.17444243484995764,8.873159074014582
coherent_rotation_00,coherent_rotation,fixed_prior,2,2832,0.07498217237693787,0.036760750244226884,8.546586216819971
coherent_rotation_00,coherent_rotation,fixed_prior,3,4056,0.05239021663369229,0.02585404763322993,7.634677013909397
coherent_rotation_00,coherent_rotation,exact_qubo,0,384,0.21856485585977778,0.2276590646134145,
coherent_rotation_00,coherent_rotation,exact_qubo,1,1608,0.19900994808699843,0.12602817832619645,10.95343256659831
coherent_rotation_00,coherent_rotation,exact_qubo,2,2832,0.05331164449374791,0.023704562926075638,9.858656702466488
coherent_rotation_00,coherent_rotation,exact_qubo,3,4056,0.02751456713135676,0.012420381381669184,9.819044410682759
coherent_rotation_00,coherent_rotation,random_qubo,0,384,0.21856485585977778,0.2276590646134145,
coherent_rotation_00,coherent_rotation,random_qubo,1,1608,0.19900994808699843,0.12602817832619645,10.95343256659831
coherent_rotation_00,coherent_rotation,random_qubo,2,2832,0.05331164449374791,0.023704562926075638,9.858656702466488
coherent_rotation_00,coherent_rotation,random_qubo,3,4056,0.02644224399878909,0.011140957816625878,9.599237268464226
coherent_rotation_00,coherent_rotation,swap,0,384,0.21856485585977778,0.2276590646134145,
coherent_rotation_00,coherent_rotation,swap,1,1608,0.19900994808699843,0.12602817832619645,10.95343256659831
coherent_rotation_00,coherent_rotation,swap,2,2832,0.05331164449374791,0.023704562926075638,9.858656702466488
coherent_rotation_00,coherent_rotation,swap,3,4056,0.02751456713135676,0.012420381381669184,9.819044410682759
coherent_rotation_00,coherent_rotation,qaoa_cold,0,384,0.21856485585977778,0.2276590646134145,
coherent_rotation_00,coherent_rotation,qaoa_cold,1,1608,0.12195203371007572,0.12030009512370266,10.07173123807876
coherent_rotation_00,coherent_rotation,qaoa_cold,2,2832,0.06759001051653811,0.03541306595896639,9.671731879248126
coherent_rotation_00,coherent_rotation,qaoa_cold,3,4056,0.02872629716825399,0.02263156186383089,8.609750655693537
coherent_rotation_00,coherent_rotation,qaoa_transfer,0,384,0.21856485585977778,0.2276590646134145,
coherent_rotation_00,coherent_rotation,qaoa_transfer,1,1608,0.12195203371007572,0.12030009512370266,10.07173123807876
coherent_rotation_00,coherent_rotation,qaoa_transfer,2,2832,0.10455767036114856,0.09833273911219079,9.581909274583209
coherent_rotation_00,coherent_rotation,qaoa_transfer,3,4056,0.06620385001797578,0.05477753033516641,8.38722108322806
coherent_rotation_01,coherent_rotation,greedy,0,384,0.15546193977820583,0.1290821724094078,
coherent_rotation_01,coherent_rotation,greedy,1,1608,0.08995098043599695,0.044913329456143375,11.960472703818594
coherent_rotation_01,coherent_rotation,greedy,2,2832,0.045673419213006494,0.018087645395895628,10.474443921484768
coherent_rotation_01,coherent_rotation,greedy,3,4056,0.0561682510015648,0.02170114410834972,9.959659799869522
coherent_rotation_01,coherent_rotation,fixed_prior,0,384,0.15546193977820583,0.1290821724094078,
coherent_rotation_01,coherent_rotation,fixed_prior,1,1608,0.12527639681159142,0.07078341652296327,10.093021205507238
coherent_rotation_01,coherent_rotation,fixed_prior,2,2832,0.07817454033440357,0.03211561990763461,8.60735549382749
coherent_rotation_01,coherent_rotation,fixed_prior,3,4056,0.039383191365328064,0.02099004475264853,7.994493295246534
coherent_rotation_01,coherent_rotation,exact_qubo,0,384,0.15546193977820583,0.1290821724094078,
coherent_rotation_01,coherent_rotation,exact_qubo,1,1608,0.08995098043599695,0.044913329456143375,11.960472703818594
coherent_rotation_01,coherent_rotation,exact_qubo,2,2832,0.045673419213006494,0.018087645395895628,10.474443921484768
coherent_rotation_01,coherent_rotation,exact_qubo,3,4056,0.0561682510015648,0.02170114410834972,9.959659799869522
coherent_rotation_01,coherent_rotation,random_qubo,0,384,0.15546193977820583,0.1290821724094078,
coherent_rotation_01,coherent_rotation,random_qubo,1,1608,0.08995098043599695,0.044913329456143375,11.960472703818594
coherent_rotation_01,coherent_rotation,random_qubo,2,2832,0.045673419213006494,0.018087645395895628,10.474443921484768
coherent_rotation_01,coherent_rotation,random_qubo,3,4056,0.03816615095936481,0.015314122141303026,9.85612609150104
coherent_rotation_01,coherent_rotation,swap,0,384,0.15546193977820583,0.1290821724094078,
coherent_rotation_01,coherent_rotation,swap,1,1608,0.08995098043599695,0.044913329456143375,11.960472703818594
coherent_rotation_01,coherent_rotation,swap,2,2832,0.045673419213006494,0.018087645395895628,10.474443921484768
coherent_rotation_01,coherent_rotation,swap,3,4056,0.0561682510015648,0.02170114410834972,9.959659799869522
coherent_rotation_01,coherent_rotation,qaoa_cold,0,384,0.15546193977820583,0.1290821724094078,
coherent_rotation_01,coherent_rotation,qaoa_cold,1,1608,0.08995098043599695,0.044913329456143375,11.960472703818594
coherent_rotation_01,coherent_rotation,qaoa_cold,2,2832,0.04680285201972816,0.019232817268504385,10.171583827571625
coherent_rotation_01,coherent_rotation,qaoa_cold,3,4056,0.056168079866547684,0.021701113380034165,9.874598832313124
coherent_rotation_01,coherent_rotation,qaoa_transfer,0,384,0.15546193977820583,0.1290821724094078,
coherent_rotation_01,coherent_rotation,qaoa_transfer,1,1608,0.08995098043599695,0.044913329456143375,11.960472703818594
coherent_rotation_01,coherent_rotation,qaoa_transfer,2,2832,0.04076888140030536,0.01599049167327584,10.342809778041689
coherent_rotation_01,coherent_rotation,qaoa_transfer,3,4056,0.007652158079394397,0.007099499548776765,9.40240492931841
coherent_rotation_02,coherent_rotation,greedy,0,384,0.1963443029044883,0.09341515908461115,
coherent_rotation_02,coherent_rotation,greedy,1,1608,0.1070721544524537,0.042041620269295074,14.885011975359095
coherent_rotation_02,coherent_rotation,greedy,2,2832,0.03405548000065374,0.011668048603462947,14.01867036809898
coherent_rotation_02,coherent_rotation,greedy,3,4056,0.019789945956402617,0.006838708568339447,11.396553934841366
coherent_rotation_02,coherent_rotation,fixed_prior,0,384,0.1963443029044883,0.09341515908461115,
coherent_rotation_02,coherent_rotation,fixed_prior,1,1608,0.1995679193329421,0.0912176332099767,13.663005951155824
coherent_rotation_02,coherent_rotation,fixed_prior,2,2832,0.023045530859293294,0.011440295073281774,11.805954081913933
coherent_rotation_02,coherent_rotation,fixed_prior,3,4056,0.03774129964036336,0.016514384712226,9.652915513692077
coherent_rotation_02,coherent_rotation,exact_qubo,0,384,0.1963443029044883,0.09341515908461115,
coherent_rotation_02,coherent_rotation,exact_qubo,1,1608,0.11118349299026781,0.039434095029223334,14.495051059720504
coherent_rotation_02,coherent_rotation,exact_qubo,2,2832,0.04386688764336969,0.014740782715021123,14.018021415357884
coherent_rotation_02,coherent_rotation,exact_qubo,3,4056,0.027278595525631926,0.009181737593445517,11.618653790642345
coherent_rotation_02,coherent_rotation,random_qubo,0,384,0.1963443029044883,0.09341515908461115,
coherent_rotation_02,coherent_rotation,random_qubo,1,1608,0.12020756345347772,0.04394809154699652,14.459379518027045
coherent_rotation_02,coherent_rotation,random_qubo,2,2832,0.037453840304221504,0.012630815387431465,13.980689135052273
coherent_rotation_02,coherent_rotation,random_qubo,3,4056,0.012772923058918367,0.00555831696930147,11.578814085490235
coherent_rotation_02,coherent_rotation,swap,0,384,0.1963443029044883,0.09341515908461115,
coherent_rotation_02,coherent_rotation,swap,1,1608,0.11118349299026781,0.039434095029223334,14.495051059720504
coherent_rotation_02,coherent_rotation,swap,2,2832,0.04386688764336969,0.014740782715021123,14.018021415357884
coherent_rotation_02,coherent_rotation,swap,3,4056,0.027278595525631926,0.009181737593445517,11.618653790642345
coherent_rotation_02,coherent_rotation,qaoa_cold,0,384,0.1963443029044883,0.09341515908461115,
coherent_rotation_02,coherent_rotation,qaoa_cold,1,1608,0.11473171529299739,0.040905892434881644,14.178206280964496
coherent_rotation_02,coherent_rotation,qaoa_cold,2,2832,0.039362764133166236,0.019501032284568686,13.356558540513872
coherent_rotation_02,coherent_rotation,qaoa_cold,3,4056,0.039471399166205096,0.017557362719165213,11.89615032867781
coherent_rotation_02,coherent_rotation,qaoa_transfer,0,384,0.1963443029044883,0.09341515908461115,
coherent_rotation_02,coherent_rotation,qaoa_transfer,1,1608,0.11473171529299739,0.040905892434881644,14.178206280964496
coherent_rotation_02,coherent_rotation,qaoa_transfer,2,2832,0.03091368049139374,0.018446756169987685,13.414596774449048
coherent_rotation_02,coherent_rotation,qaoa_transfer,3,4056,0.03946751422144728,0.01997938484908353,11.37622114398544
coherent_rotation_03,coherent_rotation,greedy,0,384,0.2011612811076546,0.11827928422802952,
coherent_rotation_03,coherent_rotation,greedy,1,1608,0.07283542664168317,0.04307682664336236,11.82733830863088
coherent_rotation_03,coherent_rotation,greedy,2,2832,0.03445834083334846,0.023333800239919426,12.116883529528284
coherent_rotation_03,coherent_rotation,greedy,3,4056,0.028438276902449305,0.017254721656004404,10.638149892054429
coherent_rotation_03,coherent_rotation,fixed_prior,0,384,0.2011612811076546,0.11827928422802952,
coherent_rotation_03,coherent_rotation,fixed_prior,1,1608,0.14114953471150316,0.08782742840462318,11.082719011416566
coherent_rotation_03,coherent_rotation,fixed_prior,2,2832,0.04231387120588788,0.023473638494636934,11.077765229951265
coherent_rotation_03,coherent_rotation,fixed_prior,3,4056,0.0342962494927912,0.021855613742029142,9.162050549029315
coherent_rotation_03,coherent_rotation,exact_qubo,0,384,0.2011612811076546,0.11827928422802952,
coherent_rotation_03,coherent_rotation,exact_qubo,1,1608,0.07283542664168317,0.04307682664336236,11.82733830863088
coherent_rotation_03,coherent_rotation,exact_qubo,2,2832,0.03445834083334846,0.023333800239919426,12.116883529528284
coherent_rotation_03,coherent_rotation,exact_qubo,3,4056,0.036291057307717124,0.024421692444964435,10.531811252822319
coherent_rotation_03,coherent_rotation,random_qubo,0,384,0.2011612811076546,0.11827928422802952,
coherent_rotation_03,coherent_rotation,random_qubo,1,1608,0.07283542664168317,0.04307682664336236,11.82733830863088
coherent_rotation_03,coherent_rotation,random_qubo,2,2832,0.03255277325630737,0.019312558135376884,12.09373310526434
coherent_rotation_03,coherent_rotation,random_qubo,3,4056,0.02844295328268636,0.015962427224711667,10.549197800329916
coherent_rotation_03,coherent_rotation,swap,0,384,0.2011612811076546,0.11827928422802952,
coherent_rotation_03,coherent_rotation,swap,1,1608,0.07283542664168317,0.04307682664336236,11.82733830863088
coherent_rotation_03,coherent_rotation,swap,2,2832,0.03445834083334846,0.023333800239919426,12.116883529528284
coherent_rotation_03,coherent_rotation,swap,3,4056,0.036291057307717124,0.024421692444964435,10.531811252822319
coherent_rotation_03,coherent_rotation,qaoa_cold,0,384,0.2011612811076546,0.11827928422802952,
coherent_rotation_03,coherent_rotation,qaoa_cold,1,1608,0.07283542664168317,0.04307682664336236,11.82733830863088
coherent_rotation_03,coherent_rotation,qaoa_cold,2,2832,0.03445834083334846,0.023333800239919426,12.116883529528284
coherent_rotation_03,coherent_rotation,qaoa_cold,3,4056,0.032789397824013106,0.024411613176643122,10.293380253884399
coherent_rotation_03,coherent_rotation,qaoa_transfer,0,384,0.2011612811076546,0.11827928422802952,
coherent_rotation_03,coherent_rotation,qaoa_transfer,1,1608,0.07283542664168317,0.04307682664336236,11.82733830863088
coherent_rotation_03,coherent_rotation,qaoa_transfer,2,2832,0.03445834083334846,0.023333800239919426,12.116883529528284
coherent_rotation_03,coherent_rotation,qaoa_transfer,3,4056,0.032789397824013106,0.024411613176643122,10.293380253884399
coherent_rotation_04,coherent_rotation,greedy,0,384,0.09165656734111177,0.07223635479766669,
coherent_rotation_04,coherent_rotation,greedy,1,1608,0.11721101179888363,0.07692384788345544,13.910480176167388
coherent_rotation_04,coherent_rotation,greedy,2,2832,0.08630479209620355,0.052361131687231624,11.157424017767179
coherent_rotation_04,coherent_rotation,greedy,3,4056,0.06763796580514704,0.030280344368985357,9.435898492914072
coherent_rotation_04,coherent_rotation,fixed_prior,0,384,0.09165656734111177,0.07223635479766669,
coherent_rotation_04,coherent_rotation,fixed_prior,1,1608,0.07576001213370823,0.050844328835891614,11.806874224887354
coherent_rotation_04,coherent_rotation,fixed_prior,2,2832,0.03202210113778738,0.023075085596038936,10.90085273010067
coherent_rotation_04,coherent_rotation,fixed_prior,3,4056,0.04697775709711597,0.02327317642470989,8.867516154783955
coherent_rotation_04,coherent_rotation,exact_qubo,0,384,0.09165656734111177,0.07223635479766669,
coherent_rotation_04,coherent_rotation,exact_qubo,1,1608,0.09237572889177613,0.07118196147048768,13.925606691339896
coherent_rotation_04,coherent_rotation,exact_qubo,2,2832,0.058164009073463786,0.045036657830912416,11.33355309017862
coherent_rotation_04,coherent_rotation,exact_qubo,3,4056,0.02127689839810798,0.01584667488671184,9.730044991698533
coherent_rotation_04,coherent_rotation,random_qubo,0,384,0.09165656734111177,0.07223635479766669,
coherent_rotation_04,coherent_rotation,random_qubo,1,1608,0.09237572889177613,0.07118196147048768,13.925606691339896
coherent_rotation_04,coherent_rotation,random_qubo,2,2832,0.08019540748607443,0.05995527137494497,11.25395106539533
coherent_rotation_04,coherent_rotation,random_qubo,3,4056,0.07016190251818276,0.052643532101060764,9.573972447685433
coherent_rotation_04,coherent_rotation,swap,0,384,0.09165656734111177,0.07223635479766669,
coherent_rotation_04,coherent_rotation,swap,1,1608,0.09237572889177613,0.07118196147048768,13.925606691339896
coherent_rotation_04,coherent_rotation,swap,2,2832,0.058164009073463786,0.045036657830912416,11.33355309017862
coherent_rotation_04,coherent_rotation,swap,3,4056,0.02127689839810798,0.01584667488671184,9.730044991698533
coherent_rotation_04,coherent_rotation,qaoa_cold,0,384,0.09165656734111177,0.07223635479766669,
coherent_rotation_04,coherent_rotation,qaoa_cold,1,1608,0.09237572889177613,0.07118196147048768,13.925606691339896
coherent_rotation_04,coherent_rotation,qaoa_cold,2,2832,0.058164009073463786,0.045036657830912416,11.33355309017862
coherent_rotation_04,coherent_rotation,qaoa_cold,3,4056,0.03499676735844587,0.026087761478469553,9.45928190915138
coherent_rotation_04,coherent_rotation,qaoa_transfer,0,384,0.09165656734111177,0.07223635479766669,
coherent_rotation_04,coherent_rotation,qaoa_transfer,1,1608,0.09237572889177613,0.07118196147048768,13.925606691339896
coherent_rotation_04,coherent_rotation,qaoa_transfer,2,2832,0.0628376164772868,0.04605814302856294,11.155221946230371
coherent_rotation_04,coherent_rotation,qaoa_transfer,3,4056,0.03407289151886258,0.025361529319920056,9.752284925098547
driven_dissipation_00,driven_dissipation,greedy,0,384,0.0683663205772852,0.13004243833098203,
driven_dissipation_00,driven_dissipation,greedy,1,1608,0.07103488122980903,0.07392690182033589,11.901537876468648
driven_dissipation_00,driven_dissipation,greedy,2,2832,0.06724674710748152,0.048619006960655055,9.893352747752154
driven_dissipation_00,driven_dissipation,greedy,3,4056,0.06954626765533509,0.06538664101085691,7.436305551745163
driven_dissipation_00,driven_dissipation,fixed_prior,0,384,0.0683663205772852,0.13004243833098203,
driven_dissipation_00,driven_dissipation,fixed_prior,1,1608,0.06726794865126598,0.09692441161155083,11.018699537131473
driven_dissipation_00,driven_dissipation,fixed_prior,2,2832,0.06711360794898825,0.07543458057850624,6.197992479999174
driven_dissipation_00,driven_dissipation,fixed_prior,3,4056,0.05271975810176145,0.05614809802860245,5.944996825462175
driven_dissipation_00,driven_dissipation,exact_qubo,0,384,0.0683663205772852,0.13004243833098203,
driven_dissipation_00,driven_dissipation,exact_qubo,1,1608,0.07103488122980903,0.07392690182033589,11.901537876468648
driven_dissipation_00,driven_dissipation,exact_qubo,2,2832,0.06724674710748152,0.048619006960655055,9.893352747752154
driven_dissipation_00,driven_dissipation,exact_qubo,3,4056,0.06954626765533509,0.06538664101085691,7.436305551745163
driven_dissipation_00,driven_dissipation,random_qubo,0,384,0.0683663205772852,0.13004243833098203,
driven_dissipation_00,driven_dissipation,random_qubo,1,1608,0.07103488122980903,0.07392690182033589,11.901537876468648
driven_dissipation_00,driven_dissipation,random_qubo,2,2832,0.0686154356891313,0.04922786722684387,9.828562293904021
driven_dissipation_00,driven_dissipation,random_qubo,3,4056,0.07449229075934448,0.06211890004938806,7.416967520982654
driven_dissipation_00,driven_dissipation,swap,0,384,0.0683663205772852,0.13004243833098203,
driven_dissipation_00,driven_dissipation,swap,1,1608,0.07103488122980903,0.07392690182033589,11.901537876468648
driven_dissipation_00,driven_dissipation,swap,2,2832,0.06724674710748152,0.048619006960655055,9.893352747752154
driven_dissipation_00,driven_dissipation,swap,3,4056,0.06954626765533509,0.06538664101085691,7.436305551745163
driven_dissipation_00,driven_dissipation,qaoa_cold,0,384,0.0683663205772852,0.13004243833098203,
driven_dissipation_00,driven_dissipation,qaoa_cold,1,1608,0.05457915021308347,0.10790824294769186,11.829727079319069
driven_dissipation_00,driven_dissipation,qaoa_cold,2,2832,0.07240308043070579,0.046173347178552274,9.349120766856672
driven_dissipation_00,driven_dissipation,qaoa_cold,3,4056,0.06451499193560169,0.06574233255240466,7.403338633342676
driven_dissipation_00,driven_dissipation,qaoa_transfer,0,384,0.0683663205772852,0.13004243833098203,
driven_dissipation_00,driven_dissipation,qaoa_transfer,1,1608,0.05457915021308347,0.10790824294769186,11.829727079319069
driven_dissipation_00,driven_dissipation,qaoa_transfer,2,2832,0.06861665085028842,0.04922890948642484,9.224728922496707
driven_dissipation_00,driven_dissipation,qaoa_transfer,3,4056,0.07191847759885156,0.06329186336412823,7.4453337959205905
driven_dissipation_01,driven_dissipation,greedy,0,384,0.11155337712955671,0.16983832778100613,
driven_dissipation_01,driven_dissipation,greedy,1,1608,0.07910880419491016,0.13484244133282203,11.370755331614863
driven_dissipation_01,driven_dissipation,greedy,2,2832,0.06294778225674595,0.1036199662199405,8.73026219352852
driven_dissipation_01,driven_dissipation,greedy,3,4056,0.04768644529865505,0.08973242788188382,6.562068417015053
driven_dissipation_01,driven_dissipation,fixed_prior,0,384,0.11155337712955671,0.16983832778100613,
driven_dissipation_01,driven_dissipation,fixed_prior,1,1608,0.0819033731235545,0.13659302536247156,9.635946132222992
driven_dissipation_01,driven_dissipation,fixed_prior,2,2832,0.03801330365224419,0.11498778893292451,5.218033518864796
driven_dissipation_01,driven_dissipation,fixed_prior,3,4056,0.03242567611383857,0.10430021738840166,4.240668241998024
driven_dissipation_01,driven_dissipation,exact_qubo,0,384,0.11155337712955671,0.16983832778100613,
driven_dissipation_01,driven_dissipation,exact_qubo,1,1608,0.07910880419491016,0.13484244133282203,11.370755331614863
driven_dissipation_01,driven_dissipation,exact_qubo,2,2832,0.06294778225674595,0.1036199662199405,8.73026219352852
driven_dissipation_01,driven_dissipation,exact_qubo,3,4056,0.04768644529865505,0.08973242788188382,6.562068417015053
driven_dissipation_01,driven_dissipation,random_qubo,0,384,0.11155337712955671,0.16983832778100613,
driven_dissipation_01,driven_dissipation,random_qubo,1,1608,0.09298689290171988,0.1303282205493064,11.29533740495947
driven_dissipation_01,driven_dissipation,random_qubo,2,2832,0.06294778225674595,0.1036199662199405,8.869781331220405
driven_dissipation_01,driven_dissipation,random_qubo,3,4056,0.04768644529865505,0.08973242788188382,6.562068417015053
driven_dissipation_01,driven_dissipation,swap,0,384,0.11155337712955671,0.16983832778100613,
driven_dissipation_01,driven_dissipation,swap,1,1608,0.07910880419491016,0.13484244133282203,11.370755331614863
driven_dissipation_01,driven_dissipation,swap,2,2832,0.06294778225674595,0.1036199662199405,8.73026219352852
driven_dissipation_01,driven_dissipation,swap,3,4056,0.04768644529865505,0.08973242788188382,6.562068417015053
driven_dissipation_01,driven_dissipation,qaoa_cold,0,384,0.11155337712955671,0.16983832778100613,
driven_dissipation_01,driven_dissipation,qaoa_cold,1,1608,0.08617995604845784,0.13086103731050558,11.220834952736189
driven_dissipation_01,driven_dissipation,qaoa_cold,2,2832,0.06963469726274546,0.1196579103845575,8.046979016954245
driven_dissipation_01,driven_dissipation,qaoa_cold,3,4056,0.05327105110525835,0.09407846523186247,6.443634116284521
driven_dissipation_01,driven_dissipation,qaoa_transfer,0,384,0.11155337712955671,0.16983832778100613,
driven_dissipation_01,driven_dissipation,qaoa_transfer,1,1608,0.08617995604845784,0.13086103731050558,11.220834952736189
driven_dissipation_01,driven_dissipation,qaoa_transfer,2,2832,0.06963469726274546,0.1196579103845575,8.046979016954245
driven_dissipation_01,driven_dissipation,qaoa_transfer,3,4056,0.041916378783348786,0.08798851245698393,6.516804614206967
driven_dissipation_02,driven_dissipation,greedy,0,384,0.12394295385969446,0.2140479066076254,
driven_dissipation_02,driven_dissipation,greedy,1,1608,0.09636654150404325,0.12597563327140196,11.882507551995575
driven_dissipation_02,driven_dissipation,greedy,2,2832,0.0883998837427033,0.11085137261136216,8.880747968259039
driven_dissipation_02,driven_dissipation,greedy,3,4056,0.0681712687958061,0.07164152934575635,7.164261473192937
driven_dissipation_02,driven_dissipation,fixed_prior,0,384,0.12394295385969446,0.2140479066076254,
driven_dissipation_02,driven_dissipation,fixed_prior,1,1608,0.1124855051484843,0.1544619242291751,10.758440729008207
driven_dissipation_02,driven_dissipation,fixed_prior,2,2832,0.08684862984006325,0.11072820059524446,4.44522820567606
driven_dissipation_02,driven_dissipation,fixed_prior,3,4056,0.07258781466709921,0.09571349420696627,6.5499336654460585
driven_dissipation_02,driven_dissipation,exact_qubo,0,384,0.12394295385969446,0.2140479066076254,
driven_dissipation_02,driven_dissipation,exact_qubo,1,1608,0.09636654150404325,0.12597563327140196,11.882507551995575
driven_dissipation_02,driven_dissipation,exact_qubo,2,2832,0.0883998837427033,0.11085137261136216,8.880747968259039
driven_dissipation_02,driven_dissipation,exact_qubo,3,4056,0.04022761490875751,0.05607810210597692,7.220601381484199
driven_dissipation_02,driven_dissipation,random_qubo,0,384,0.12394295385969446,0.2140479066076254,
driven_dissipation_02,driven_dissipation,random_qubo,1,1608,0.09636654150404325,0.12597563327140196,11.882507551995575
driven_dissipation_02,driven_dissipation,random_qubo,2,2832,0.0883998837427033,0.11085137261136216,8.880747968259039
driven_dissipation_02,driven_dissipation,random_qubo,3,4056,0.03348716914361107,0.048019159844504,7.14929737644115
driven_dissipation_02,driven_dissipation,swap,0,384,0.12394295385969446,0.2140479066076254,
driven_dissipation_02,driven_dissipation,swap,1,1608,0.09636654150404325,0.12597563327140196,11.882507551995575
driven_dissipation_02,driven_dissipation,swap,2,2832,0.0883998837427033,0.11085137261136216,8.880747968259039
driven_dissipation_02,driven_dissipation,swap,3,4056,0.04022761490875751,0.05607810210597692,7.220601381484199
driven_dissipation_02,driven_dissipation,qaoa_cold,0,384,0.12394295385969446,0.2140479066076254,
driven_dissipation_02,driven_dissipation,qaoa_cold,1,1608,0.1013495005424824,0.13352702727764693,11.7192099587888
driven_dissipation_02,driven_dissipation,qaoa_cold,2,2832,0.09010966510142694,0.11402727279269423,9.025786574440364
driven_dissipation_02,driven_dissipation,qaoa_cold,3,4056,0.06495283052673527,0.07858343232130809,7.154747722054169
driven_dissipation_02,driven_dissipation,qaoa_transfer,0,384,0.12394295385969446,0.2140479066076254,
driven_dissipation_02,driven_dissipation,qaoa_transfer,1,1608,0.1013495005424824,0.13352702727764693,11.7192099587888
driven_dissipation_02,driven_dissipation,qaoa_transfer,2,2832,0.09010966510142694,0.11402727279269423,9.025786574440364
driven_dissipation_02,driven_dissipation,qaoa_transfer,3,4056,0.06495283052673527,0.07858343232130809,7.154747722054169
driven_dissipation_03,driven_dissipation,greedy,0,384,0.16072842623762837,0.14612279454115884,
driven_dissipation_03,driven_dissipation,greedy,1,1608,0.06757494199273129,0.10269427356581479,12.29001469774014
driven_dissipation_03,driven_dissipation,greedy,2,2832,0.052017603054217806,0.09707560079876011,9.801383353709797
driven_dissipation_03,driven_dissipation,greedy,3,4056,0.06422220459853331,0.09769360397634896,6.8142579862739945
driven_dissipation_03,driven_dissipation,fixed_prior,0,384,0.16072842623762837,0.14612279454115884,
driven_dissipation_03,driven_dissipation,fixed_prior,1,1608,0.04974874612858271,0.07934413665806175,11.816682769448265
driven_dissipation_03,driven_dissipation,fixed_prior,2,2832,0.03499573131675063,0.060575303301476896,6.738124073435979
driven_dissipation_03,driven_dissipation,fixed_prior,3,4056,0.0342003955376575,0.0761693548471493,5.243730084047102
driven_dissipation_03,driven_dissipation,exact_qubo,0,384,0.16072842623762837,0.14612279454115884,
driven_dissipation_03,driven_dissipation,exact_qubo,1,1608,0.07434830631570688,0.11528520979874847,12.119594869667864
driven_dissipation_03,driven_dissipation,exact_qubo,2,2832,0.05201754447663155,0.09707519843046991,9.983266091937791
driven_dissipation_03,driven_dissipation,exact_qubo,3,4056,0.06422220459853331,0.09769360397634896,6.814270515703297
driven_dissipation_03,driven_dissipation,random_qubo,0,384,0.16072842623762837,0.14612279454115884,
driven_dissipation_03,driven_dissipation,random_qubo,1,1608,0.07434830631570688,0.11528520979874847,12.119594869667864
driven_dissipation_03,driven_dissipation,random_qubo,2,2832,0.05001557581892743,0.08852847291227307,9.813851290482074
driven_dissipation_03,driven_dissipation,random_qubo,3,4056,0.05298973461006487,0.0888519246187578,6.775281035831644
driven_dissipation_03,driven_dissipation,swap,0,384,0.16072842623762837,0.14612279454115884,
driven_dissipation_03,driven_dissipation,swap,1,1608,0.07434830631570688,0.11528520979874847,12.119594869667864
driven_dissipation_03,driven_dissipation,swap,2,2832,0.05201754447663155,0.09707519843046991,9.983266091937791
driven_dissipation_03,driven_dissipation,swap,3,4056,0.06422220459853331,0.09769360397634896,6.814270515703297
driven_dissipation_03,driven_dissipation,qaoa_cold,0,384,0.16072842623762837,0.14612279454115884,
driven_dissipation_03,driven_dissipation,qaoa_cold,1,1608,0.029986346968770738,0.06968775071206973,11.888161569546936
driven_dissipation_03,driven_dissipation,qaoa_cold,2,2832,0.059203022615009794,0.07518471781592226,9.690383151220196
driven_dissipation_03,driven_dissipation,qaoa_cold,3,4056,0.05339280751509259,0.06752275832693574,7.6081091564580525
driven_dissipation_03,driven_dissipation,qaoa_transfer,0,384,0.16072842623762837,0.14612279454115884,
driven_dissipation_03,driven_dissipation,qaoa_transfer,1,1608,0.029986346968770738,0.06968775071206973,11.888161569546936
driven_dissipation_03,driven_dissipation,qaoa_transfer,2,2832,0.04586607707905671,0.07688590182326374,9.400869675564088
driven_dissipation_03,driven_dissipation,qaoa_transfer,3,4056,0.04881785646988289,0.09853531875304755,8.2896011959711
driven_dissipation_04,driven_dissipation,greedy,0,384,0.09387339472218215,0.12159187886667758,
driven_dissipation_04,driven_dissipation,greedy,1,1608,0.04313639016457967,0.07149456952586572,11.315805282813116
driven_dissipation_04,driven_dissipation,greedy,2,2832,0.052455022229064556,0.10594332973348648,8.961416818988038
driven_dissipation_04,driven_dissipation,greedy,3,4056,0.0348668106683879,0.07578024244664153,7.035602954366082
driven_dissipation_04,driven_dissipation,fixed_prior,0,384,0.09387339472218215,0.12159187886667758,
driven_dissipation_04,driven_dissipation,fixed_prior,1,1608,0.04618990854426534,0.05805430146874957,10.77382747440832
driven_dissipation_04,driven_dissipation,fixed_prior,2,2832,0.04649256758620909,0.06417795972101982,6.749396892079498
driven_dissipation_04,driven_dissipation,fixed_prior,3,4056,0.038895992841303656,0.07470339024367861,6.159157793507434
driven_dissipation_04,driven_dissipation,exact_qubo,0,384,0.09387339472218215,0.12159187886667758,
driven_dissipation_04,driven_dissipation,exact_qubo,1,1608,0.04313639016457967,0.07149456952586572,11.315805282813116
driven_dissipation_04,driven_dissipation,exact_qubo,2,2832,0.052455022229064556,0.10594332973348648,8.961416818988038
driven_dissipation_04,driven_dissipation,exact_qubo,3,4056,0.0348668106683879,0.07578024244664153,7.035602954366082
driven_dissipation_04,driven_dissipation,random_qubo,0,384,0.09387339472218215,0.12159187886667758,
driven_dissipation_04,driven_dissipation,random_qubo,1,1608,0.03877329440708578,0.07547797709653575,11.289782101584278
driven_dissipation_04,driven_dissipation,random_qubo,2,2832,0.04814065957636086,0.09919019775728678,9.08695506806884
driven_dissipation_04,driven_dissipation,random_qubo,3,4056,0.044820360257045076,0.0891088761558017,6.932986901336335
driven_dissipation_04,driven_dissipation,swap,0,384,0.09387339472218215,0.12159187886667758,
driven_dissipation_04,driven_dissipation,swap,1,1608,0.04313639016457967,0.07149456952586572,11.315805282813116
driven_dissipation_04,driven_dissipation,swap,2,2832,0.052455022229064556,0.10594332973348648,8.961416818988038
driven_dissipation_04,driven_dissipation,swap,3,4056,0.0348668106683879,0.07578024244664153,7.035602954366082
driven_dissipation_04,driven_dissipation,qaoa_cold,0,384,0.09387339472218215,0.12159187886667758,
driven_dissipation_04,driven_dissipation,qaoa_cold,1,1608,0.06828452616334076,0.08912907444094001,10.638136996390928
driven_dissipation_04,driven_dissipation,qaoa_cold,2,2832,0.05047893692342204,0.06584015705070072,8.32504383269837
driven_dissipation_04,driven_dissipation,qaoa_cold,3,4056,0.02538274867278804,0.059544933494852126,7.5959010106030265
driven_dissipation_04,driven_dissipation,qaoa_transfer,0,384,0.09387339472218215,0.12159187886667758,
driven_dissipation_04,driven_dissipation,qaoa_transfer,1,1608,0.06828452616334076,0.08912907444094001,10.638136996390928
driven_dissipation_04,driven_dissipation,qaoa_transfer,2,2832,0.03898027468046704,0.05787746511106787,8.22473968250249
driven_dissipation_04,driven_dissipation,qaoa_transfer,3,4056,0.04391394426828871,0.06238011648835405,7.584792652699329
depolarizing_00,depolarizing,greedy,0,384,0.12416373346268739,0.15112157966428386,
depolarizing_00,depolarizing,greedy,1,1608,0.11785969514197342,0.17909762253256944,11.303761530582962
depolarizing_00,depolarizing,greedy,2,2832,0.10085714743293676,0.1250212936656706,9.347214638972416
depolarizing_00,depolarizing,greedy,3,4056,0.08907766284925293,0.12267386510127042,6.810507628057078
depolarizing_00,depolarizing,fixed_prior,0,384,0.12416373346268739,0.15112157966428386,
depolarizing_00,depolarizing,fixed_prior,1,1608,0.10140087829908763,0.1817976276341458,10.73909662297397
depolarizing_00,depolarizing,fixed_prior,2,2832,0.08662294178438716,0.14973209566542484,8.23244272726667
depolarizing_00,depolarizing,fixed_prior,3,4056,0.08465751248580235,0.1492132535952036,5.366869073363964
depolarizing_00,depolarizing,exact_qubo,0,384,0.12416373346268739,0.15112157966428386,
depolarizing_00,depolarizing,exact_qubo,1,1608,0.11785969514197342,0.17909762253256944,11.303761530582962
depolarizing_00,depolarizing,exact_qubo,2,2832,0.10085714743293676,0.1250212936656706,9.347214638972416
depolarizing_00,depolarizing,exact_qubo,3,4056,0.08907766284925293,0.12267386510127042,6.810507628057078
depolarizing_00,depolarizing,random_qubo,0,384,0.12416373346268739,0.15112157966428386,
depolarizing_00,depolarizing,random_qubo,1,1608,0.11798102947291221,0.18097767437071285,11.273613677463787
depolarizing_00,depolarizing,random_qubo,2,2832,0.10177697546196629,0.11919785604554763,9.113834362105177
depolarizing_00,depolarizing,random_qubo,3,4056,0.07222556108303879,0.10210449182495744,6.719360318581671
depolarizing_00,depolarizing,swap,0,384,0.12416373346268739,0.15112157966428386,
depolarizing_00,depolarizing,swap,1,1608,0.11785969514197342,0.17909762253256944,11.303761530582962
depolarizing_00,depolarizing,swap,2,2832,0.10085714743293676,0.1250212936656706,9.347214638972416
depolarizing_00,depolarizing,swap,3,4056,0.08907766284925293,0.12267386510127042,6.810507628057078
depolarizing_00,depolarizing,qaoa_cold,0,384,0.12416373346268739,0.15112157966428386,
depolarizing_00,depolarizing,qaoa_cold,1,1608,0.11561023455304376,0.16475955433481237,11.079310168998656
depolarizing_00,depolarizing,qaoa_cold,2,2832,0.09824348998238316,0.11726272857178091,8.958899938764958
depolarizing_00,depolarizing,qaoa_cold,3,4056,0.08314707959515942,0.13422869798289053,7.04218803764611
depolarizing_00,depolarizing,qaoa_transfer,0,384,0.12416373346268739,0.15112157966428386,
depolarizing_00,depolarizing,qaoa_transfer,1,1608,0.11561023455304376,0.16475955433481237,11.079310168998656
depolarizing_00,depolarizing,qaoa_transfer,2,2832,0.09824348998238316,0.11726272857178091,8.958899938764958
depolarizing_00,depolarizing,qaoa_transfer,3,4056,0.08314707959515942,0.13422869798289053,7.04218803764611
depolarizing_01,depolarizing,greedy,0,384,0.17633971953714994,0.1734676632571196,
depolarizing_01,depolarizing,greedy,1,1608,0.2005019141368091,0.14138406584773588,11.334090667240323
depolarizing_01,depolarizing,greedy,2,2832,0.13206220345663758,0.07760473663412154,10.14672856462963
depolarizing_01,depolarizing,greedy,3,4056,0.06654146839226281,0.042212375778174646,8.344521006219923
depolarizing_01,depolarizing,fixed_prior,0,384,0.17633971953714994,0.1734676632571196,
depolarizing_01,depolarizing,fixed_prior,1,1608,0.14609247419504423,0.11657699990491946,10.622679459981349
depolarizing_01,depolarizing,fixed_prior,2,2832,0.11488352681606587,0.07840100321442575,11.44873006825442
depolarizing_01,depolarizing,fixed_prior,3,4056,0.09928037519876949,0.05621262776222838,8.013199636014642
depolarizing_01,depolarizing,exact_qubo,0,384,0.17633971953714994,0.1734676632571196,
depolarizing_01,depolarizing,exact_qubo,1,1608,0.2005019141368091,0.14138406584773588,11.334090667240323
depolarizing_01,depolarizing,exact_qubo,2,2832,0.13206220345663758,0.07760473663412154,10.14672856462963
depolarizing_01,depolarizing,exact_qubo,3,4056,0.06654146839226281,0.042212375778174646,8.344521006219923
depolarizing_01,depolarizing,random_qubo,0,384,0.17633971953714994,0.1734676632571196,
depolarizing_01,depolarizing,random_qubo,1,1608,0.2005019141368091,0.14138406584773588,11.334090667240323
depolarizing_01,depolarizing,random_qubo,2,2832,0.13216597053935916,0.07740133290530607,10.069981988950481
depolarizing_01,depolarizing,random_qubo,3,4056,0.0661841395080267,0.04186232043976293,8.34402122282712
depolarizing_01,depolarizing,swap,0,384,0.17633971953714994,0.1734676632571196,
depolarizing_01,depolarizing,swap,1,1608,0.2005019141368091,0.14138406584773588,11.334090667240323
depolarizing_01,depolarizing,swap,2,2832,0.13206220345663758,0.07760473663412154,10.14672856462963
depolarizing_01,depolarizing,swap,3,4056,0.06654146839226281,0.042212375778174646,8.344521006219923
depolarizing_01,depolarizing,qaoa_cold,0,384,0.17633971953714994,0.1734676632571196,
depolarizing_01,depolarizing,qaoa_cold,1,1608,0.20045859005900757,0.1421346413346324,10.928884844016128
depolarizing_01,depolarizing,qaoa_cold,2,2832,0.13223794690000365,0.07791386888060549,9.995022064653828
depolarizing_01,depolarizing,qaoa_cold,3,4056,0.0671559320585554,0.055674206746601486,8.347362208913298
depolarizing_01,depolarizing,qaoa_transfer,0,384,0.17633971953714994,0.1734676632571196,
depolarizing_01,depolarizing,qaoa_transfer,1,1608,0.20045859005900757,0.1421346413346324,10.928884844016128
depolarizing_01,depolarizing,qaoa_transfer,2,2832,0.13223794690000365,0.07791386888060549,9.995022064653828
depolarizing_01,depolarizing,qaoa_transfer,3,4056,0.06472825278779869,0.04455691888360333,8.300962415453148
depolarizing_02,depolarizing,greedy,0,384,0.12599736929844196,0.1832648935156388,
depolarizing_02,depolarizing,greedy,1,1608,0.10977192772826692,0.163889751564969,11.265298281309557
depolarizing_02,depolarizing,greedy,2,2832,0.09460979634711882,0.11622724262306341,9.381434623978803
depolarizing_02,depolarizing,greedy,3,4056,0.06640320568079869,0.08446731691537805,8.18792276740931
depolarizing_02,depolarizing,fixed_prior,0,384,0.12599736929844196,0.1832648935156388,
depolarizing_02,depolarizing,fixed_prior,1,1608,0.1094881501089372,0.14980613425407385,10.012849287851546
depolarizing_02,depolarizing,fixed_prior,2,2832,0.09453267807572893,0.12088690839903984,9.55961333558471
depolarizing_02,depolarizing,fixed_prior,3,4056,0.0981691933573573,0.10047546249594284,7.906429301482292
depolarizing_02,depolarizing,exact_qubo,0,384,0.12599736929844196,0.1832648935156388,
depolarizing_02,depolarizing,exact_qubo,1,1608,0.10977192772826692,0.163889751564969,11.265298281309557
depolarizing_02,depolarizing,exact_qubo,2,2832,0.09460979634711882,0.11622724262306341,9.381434623978803
depolarizing_02,depolarizing,exact_qubo,3,4056,0.06640320568079869,0.08446731691537805,8.18792276740931
depolarizing_02,depolarizing,random_qubo,0,384,0.12599736929844196,0.1832648935156388,
depolarizing_02,depolarizing,random_qubo,1,1608,0.10977192772826692,0.163889751564969,11.265298281309557
depolarizing_02,depolarizing,random_qubo,2,2832,0.09460979634711882,0.11622724262306341,9.381434623978803
depolarizing_02,depolarizing,random_qubo,3,4056,0.058822343453444316,0.07391898286283416,8.082468403513092
depolarizing_02,depolarizing,swap,0,384,0.12599736929844196,0.1832648935156388,
depolarizing_02,depolarizing,swap,1,1608,0.10977192772826692,0.163889751564969,11.265298281309557
depolarizing_02,depolarizing,swap,2,2832,0.09460979634711882,0.11622724262306341,9.381434623978803
depolarizing_02,depolarizing,swap,3,4056,0.06640320568079869,0.08446731691537805,8.18792276740931
depolarizing_02,depolarizing,qaoa_cold,0,384,0.12599736929844196,0.1832648935156388,
depolarizing_02,depolarizing,qaoa_cold,1,1608,0.1292285828567407,0.16248965746679606,11.155806078543403
depolarizing_02,depolarizing,qaoa_cold,2,2832,0.114331807934527,0.11790346863833126,8.94867677175438
depolarizing_02,depolarizing,qaoa_cold,3,4056,0.07141581869051121,0.0771182508375189,8.118718106452489
depolarizing_02,depolarizing,qaoa_transfer,0,384,0.12599736929844196,0.1832648935156388,
depolarizing_02,depolarizing,qaoa_transfer,1,1608,0.1292285828567407,0.16248965746679606,11.155806078543403
depolarizing_02,depolarizing,qaoa_transfer,2,2832,0.114331807934527,0.11790346863833126,8.94867677175438
depolarizing_02,depolarizing,qaoa_transfer,3,4056,0.056011713573822425,0.09215702987734078,8.236230571037282
depolarizing_03,depolarizing,greedy,0,384,0.10528413178446949,0.24845377085266676,
depolarizing_03,depolarizing,greedy,1,1608,0.10110348027245045,0.14058787509346363,10.866580728297965
depolarizing_03,depolarizing,greedy,2,2832,0.06677794618091373,0.11272014905783004,9.698940080114461
depolarizing_03,depolarizing,greedy,3,4056,0.06888716703841576,0.10966910557413331,6.550412619166697
depolarizing_03,depolarizing,fixed_prior,0,384,0.10528413178446949,0.24845377085266676,
depolarizing_03,depolarizing,fixed_prior,1,1608,0.10782191914235159,0.19359269434468468,8.259368278683667
depolarizing_03,depolarizing,fixed_prior,2,2832,0.06345401494220616,0.1425569600487141,8.13967938850925
depolarizing_03,depolarizing,fixed_prior,3,4056,0.046995202841146014,0.09377676422319167,3.756034038018304
depolarizing_03,depolarizing,exact_qubo,0,384,0.10528413178446949,0.24845377085266676,
depolarizing_03,depolarizing,exact_qubo,1,1608,0.10110348027245045,0.14058787509346363,10.866580728297965
depolarizing_03,depolarizing,exact_qubo,2,2832,0.06677794618091373,0.11272014905783004,9.698940080114461
depolarizing_03,depolarizing,exact_qubo,3,4056,0.06888716703841576,0.10966910557413331,6.550412619166697
depolarizing_03,depolarizing,random_qubo,0,384,0.10528413178446949,0.24845377085266676,
depolarizing_03,depolarizing,random_qubo,1,1608,0.10799715870349692,0.15815980220064407,10.828798189087154
depolarizing_03,depolarizing,random_qubo,2,2832,0.06558394285072994,0.11423689856806843,9.637283794878002
depolarizing_03,depolarizing,random_qubo,3,4056,0.0669066579917794,0.110144112686521,6.544815350238622
depolarizing_03,depolarizing,swap,0,384,0.10528413178446949,0.24845377085266676,
depolarizing_03,depolarizing,swap,1,1608,0.10110348027245045,0.14058787509346363,10.866580728297965
depolarizing_03,depolarizing,swap,2,2832,0.06677794618091373,0.11272014905783004,9.698940080114461
depolarizing_03,depolarizing,swap,3,4056,0.06888716703841576,0.10966910557413331,6.550412619166697
depolarizing_03,depolarizing,qaoa_cold,0,384,0.10528413178446949,0.24845377085266676,
depolarizing_03,depolarizing,qaoa_cold,1,1608,0.1126315822174085,0.22139318045879025,10.826036515158377
depolarizing_03,depolarizing,qaoa_cold,2,2832,0.0730168051243907,0.11862003974438842,9.907826689669257
depolarizing_03,depolarizing,qaoa_cold,3,4056,0.06332904967677332,0.08733879869635663,6.50002021582814
depolarizing_03,depolarizing,qaoa_transfer,0,384,0.10528413178446949,0.24845377085266676,
depolarizing_03,depolarizing,qaoa_transfer,1,1608,0.1126315822174085,0.22139318045879025,10.826036515158377
depolarizing_03,depolarizing,qaoa_transfer,2,2832,0.05734910375447294,0.11896055705219524,10.256158001195814
depolarizing_03,depolarizing,qaoa_transfer,3,4056,0.05980035360911877,0.11486541082211524,6.499942581269
depolarizing_04,depolarizing,greedy,0,384,0.14896070039029644,0.11722256419018467,
depolarizing_04,depolarizing,greedy,1,1608,0.13852415468849194,0.08021047845503829,11.235124918652835
depolarizing_04,depolarizing,greedy,2,2832,0.14168425300003185,0.07604628934503779,9.420908216168211
depolarizing_04,depolarizing,greedy,3,4056,0.05663794639300736,0.04671946835954137,7.838643612418466
depolarizing_04,depolarizing,fixed_prior,0,384,0.14896070039029644,0.11722256419018467,
depolarizing_04,depolarizing,fixed_prior,1,1608,0.11164662301198787,0.07977354748652252,10.533548663481952
depolarizing_04,depolarizing,fixed_prior,2,2832,0.12653970502494213,0.0975784057090707,9.315663500305206
depolarizing_04,depolarizing,fixed_prior,3,4056,0.11640498822487719,0.09394584468558573,5.636064661457818
depolarizing_04,depolarizing,exact_qubo,0,384,0.14896070039029644,0.11722256419018467,
depolarizing_04,depolarizing,exact_qubo,1,1608,0.13852415468849194,0.08021047845503829,11.235124918652835
depolarizing_04,depolarizing,exact_qubo,2,2832,0.14168425300003185,0.07604628934503779,9.420908216168211
depolarizing_04,depolarizing,exact_qubo,3,4056,0.06997096727875274,0.046796563897757985,7.844679651392298
depolarizing_04,depolarizing,random_qubo,0,384,0.14896070039029644,0.11722256419018467,
depolarizing_04,depolarizing,random_qubo,1,1608,0.13852415468849194,0.08021047845503829,11.235124918652835
depolarizing_04,depolarizing,random_qubo,2,2832,0.14168425300003185,0.07604628934503779,9.420908216168211
depolarizing_04,depolarizing,random_qubo,3,4056,0.06997096727875274,0.046796563897757985,7.844679651392298
depolarizing_04,depolarizing,swap,0,384,0.14896070039029644,0.11722256419018467,
depolarizing_04,depolarizing,swap,1,1608,0.13852415468849194,0.08021047845503829,11.235124918652835
depolarizing_04,depolarizing,swap,2,2832,0.14168425300003185,0.07604628934503779,9.420908216168211
depolarizing_04,depolarizing,swap,3,4056,0.06997096727875274,0.046796563897757985,7.844679651392298
depolarizing_04,depolarizing,qaoa_cold,0,384,0.14896070039029644,0.11722256419018467,
depolarizing_04,depolarizing,qaoa_cold,1,1608,0.13852415468849194,0.08021047845503829,11.235124918652835
depolarizing_04,depolarizing,qaoa_cold,2,2832,0.14063395124863884,0.07797862697009428,9.082295942416254
depolarizing_04,depolarizing,qaoa_cold,3,4056,0.06517090848832847,0.045376938516225845,7.634586270578319
depolarizing_04,depolarizing,qaoa_transfer,0,384,0.14896070039029644,0.11722256419018467,
depolarizing_04,depolarizing,qaoa_transfer,1,1608,0.13852415468849194,0.08021047845503829,11.235124918652835
depolarizing_04,depolarizing,qaoa_transfer,2,2832,0.13823326560503096,0.0777255440742905,9.018543385025044
depolarizing_04,depolarizing,qaoa_transfer,3,4056,0.06865753329524339,0.056344109824598074,7.647375507514893
