first,second,round,metric,mean,se,df,low,high,channels
qaoa_cold,exact_qubo,1,rmse,-0.004259379856490453,0.003957687571409871,14.173023394551322,-0.01273806396804543,0.0042193042550645226,30
qaoa_cold,greedy,1,rmse,-0.003977836581195508,0.003913953988852098,14.284674957113142,-0.012356765242550888,0.004401092080159873,30
greedy,fixed_prior,1,rmse,-0.004373833002018236,0.0061800230382852055,15.559065675741005,-0.017505136072602293,0.00875747006856582,30
qaoa_cold,exact_qubo,1,choi_distance,0.002028429297940754,0.004119296015599512,11.811049290690342,-0.006962696282203595,0.011019554878085102,30
qaoa_cold,greedy,1,choi_distance,0.001749951914559487,0.003924542606666892,11.290787030892767,-0.006860843697796503,0.010360747526915477,30
greedy,fixed_prior,1,choi_distance,-0.006387220743709073,0.0054694535085412594,18.43149568720235,-0.017858863911811764,0.0050844224243936165,30
qaoa_cold,exact_qubo,2,rmse,-0.0006836480571845724,0.002053772623562022,12.098161603428526,-0.0051544106925494595,0.0037871145781803147,30
qaoa_cold,greedy,2,rmse,0.0005062054109629496,0.0020108308592061944,14.824212924723101,-0.003784209947659614,0.004796620769585513,30
greedy,fixed_prior,2,rmse,-0.0024978089660165933,0.004145280106757236,14.327852750271711,-0.0113695024218196,0.006373884489786413,30
qaoa_cold,exact_qubo,2,choi_distance,-0.0014275743846871882,0.0026961514342773766,10.632696727520676,-0.007386870420145159,0.004531721650770783,30
qaoa_cold,greedy,2,choi_distance,-0.00036312590823306314,0.002057631119742122,9.075844882484565,-0.005011888159358724,0.004285636342892598,30
greedy,fixed_prior,2,choi_distance,-0.0029734571191712307,0.0035124473778310444,14.728225220456574,-0.010472111716324674,0.004525197477982213,30
qaoa_cold,exact_qubo,3,rmse,-0.00020372836175068933,0.002298601490158435,16.576408552022244,-0.00506281106486419,0.004655354341362811,30
qaoa_cold,greedy,3,rmse,-0.0006996629223976649,0.002270303419258948,14.992214516928348,-0.005538918990738986,0.004139593145943657,30
greedy,fixed_prior,3,rmse,-0.004534948321536804,0.005046116124294579,13.469554428382029,-0.015397913934937016,0.006328017291863409,30
qaoa_cold,exact_qubo,3,choi_distance,0.0022809522836126006,0.002835667809348026,13.893155416692302,-0.0038053412449542334,0.008367245812179434,30
qaoa_cold,greedy,3,choi_distance,-0.0006363127841249628,0.002287795919989141,17.106273271706048,-0.005460856983045468,0.004188231414795542,30
greedy,fixed_prior,3,choi_distance,-0.00279546726958283,0.004133165302658695,14.947745629216163,-0.011607783638626898,0.006016849099461239,30
