n,b,method,budget,mean,se,df,ci_low,ci_high,channels,optimal_fraction,mean_local_gain_regret
8,3,random,8,0.05148795059874245,0.0029158668912548083,15.477192233993884,0.045289575545612255,0.05768632565187264,30,0.08888888888888886,0.2538551628025358
8,3,random,32,0.012270680390202687,0.0012678833312755136,11.425687318459454,0.009492720610118854,0.01504864017028652,30,0.38333333333333325,0.06319328364751592
8,3,random,256,4.4476292258206005e-05,3.776334543281304e-05,4.32401421459455,-5.734457389777619e-05,0.0001462971584141882,30,0.9888888888888889,0.0018976310210338091
8,3,swap,20,0.0067274974372894215,0.001004044673437768,12.980652488515721,0.004558062102146595,0.008896932772432248,30,0.7444444444444446,0.040816211605592616
8,3,swap,80,2.4828132694481553e-06,2.4828132694481553e-06,4.0,-4.410581479631306e-06,9.376208018527616e-06,30,0.9944444444444446,0.002018890138021165
8,3,swap,256,0.0,0.0,29.0,0.0,0.0,30,1.0,0.0016616374714581255
10,3,random,8,0.054209503888392914,0.003241520982453564,17.59550897776452,0.047388081900219294,0.061030925876566534,30,0.07222222222222222,0.30785470249489594
10,3,random,32,0.016578635759597858,0.0013582838178552298,13.727519026962348,0.013659972384468276,0.01949729913472744,30,0.2777777777777778,0.09102892120826794
10,3,random,256,0.0009824146188115218,0.0002685505292748413,8.726645258284275,0.00037199792725044016,0.0015928313103726033,30,0.8722222222222221,0.008175168311772067
10,3,swap,20,0.015183708908304061,0.0019222324865231135,13.660307249904305,0.011051291262819781,0.01931612655378834,30,0.4111111111111111,0.0861088368440202
10,3,swap,80,0.00012937513903203647,0.00012306556557737042,4.02224390170262,-0.00021156571895015487,0.0004703159970142278,30,0.9833333333333333,0.0036333465162678
10,3,swap,256,0.0,0.0,29.0,0.0,0.0,30,1.0,0.0040833684461743696
12,3,random,8,0.06578274453683815,0.004366151078071549,13.81821119225883,0.056406710782216235,0.07515877829146006,30,0.03333333333333333,0.40099932940724076
12,3,random,32,0.0253505059374791,0.0020511225087336596,17.78179359690883,0.021037463894279615,0.029663547980678585,30,0.15555555555555559,0.15391344882012994
12,3,random,256,0.003198337059949133,0.0006679523423632257,7.796591963925658,0.0016510132627100536,0.004745660857188213,30,0.6777777777777777,0.020901546259970157
12,3,swap,20,0.022931083765468707,0.0023135686732416376,14.817057143439131,0.017994520658698786,0.027867646872238628,30,0.2833333333333333,0.12841579102139417
12,3,swap,80,0.00032738440926321767,0.0002007633340623959,5.1978743254521875,-0.0001828406393652371,0.0008376094578916725,30,0.9555555555555556,0.00448856432774507
12,3,swap,256,0.0,0.0,29.0,0.0,0.0,30,1.0,0.0017765383909634262
14,3,random,8,0.07153071148800293,0.0048513654256221225,10.697340140863291,0.06081595336609226,0.0822454696099136,30,0.0,0.4182107611832564
14,3,random,32,0.03028059715474865,0.0023010650021556053,15.378912368275257,0.02538649721702959,0.03517469709246771,30,0.08888888888888888,0.17517643365336114
14,3,random,256,0.00523980232825676,0.0006843697992647816,7.349311314823213,0.00363698746930558,0.006842617187207941,30,0.5166666666666667,0.03221543080997972
14,3,swap,20,0.03033107903541968,0.0025891907017960253,9.506276856956166,0.024521129696382163,0.0361410283744572,30,0.19444444444444445,0.17070865235453006
14,3,swap,80,0.0008311600122439763,0.00039734811016159887,4.879083489923247,-0.00019791667058209682,0.0018602366950700494,30,0.9166666666666667,0.007369694889276085
14,3,swap,256,5.070698628444033e-05,3.6859689188087446e-05,6.647433645447707,-3.739825820018315e-05,0.0001388122307690638,30,0.9888888888888889,0.0006725146529333278
14,5,random,8,0.07487866538987088,0.004573811055428986,10.091207583546007,0.06470005090271226,0.0850572798770295,30,0.01111111111111111,0.9369634077373284
14,5,random,32,0.037710545785260306,0.002322784252542958,18.556727180822858,0.03284103035748652,0.04258006121303409,30,0.01111111111111111,0.5403751068630319
14,5,random,256,0.011635765312966978,0.0010761926511642713,19.234497318526856,0.00938512542447072,0.013886405201463236,30,0.12777777777777777,0.24686938207366335
14,5,swap,20,0.032485675969158294,0.0032818647377276995,14.878087458961758,0.025485551259182556,0.03948580067913403,30,0.08333333333333331,0.48626168683190557
14,5,swap,80,0.0030486419790646054,0.0007225493247712385,6.50543335051933,0.0013133970948270017,0.004783886863302209,30,0.7166666666666667,0.1479824670518567
14,5,swap,256,0.00026314689716168594,0.00013343798953220471,7.529569790506559,-4.7940356388054815e-05,0.0005742341507114267,30,0.9666666666666667,0.11126902692826388
