n,b,depth,cap,initialization,optimum_mass,predicted_best256_success,uniform_optimum_mass,effective_support,feasible_batches,support_fraction,uniform_expected_normalized_regret,qaoa_expected_normalized_regret
8,3,1,20,cold,0.03249245339575471,0.5899946093491685,0.017857142857142856,13.84598888273383,56.0,0.9931547619047619,0.28873243123543685,0.20485333876854817
8,3,1,20,transfer,0.02793929888302959,0.5560170709058281,0.017857142857142856,15.07605617886045,56.0,0.9935515873015873,0.28873243123543685,0.20273335211593854
8,3,1,80,cold,0.024868372206821317,0.5922622744751271,0.017857142857142856,14.02369227630298,56.0,0.9943452380952381,0.28873243123543685,0.21308676038795182
8,3,1,80,transfer,0.02486779852129963,0.5929098373074213,0.017857142857142856,14.101442990035522,56.0,0.9943452380952381,0.28873243123543685,0.21042218404964727
8,3,2,20,cold,0.031681510900708074,0.6507015563308371,0.017857142857142856,16.91371195663619,56.0,0.9995039682539683,0.28873243123543685,0.20312147921380003
8,3,2,20,transfer,0.04206945365185474,0.6507132803861931,0.017857142857142856,17.332605869971953,56.0,1.0,0.28873243123543685,0.205626294484858
8,3,2,80,cold,0.0306591774216447,0.6499668221641264,0.017857142857142856,18.067512409518013,56.0,0.9998015873015873,0.28873243123543685,0.20247868840681582
8,3,2,80,transfer,0.0380883723387869,0.6128146526623589,0.017857142857142856,17.15765606809536,56.0,0.9994047619047619,0.28873243123543685,0.20691855926230432
10,3,1,20,cold,0.01541552411035013,0.3641886718313893,0.008333333333333333,20.173805314506613,120.0,0.9468055555555556,0.27304795554259714,0.21708396292686183
10,3,1,20,transfer,0.013033321039130701,0.35756833409690636,0.008333333333333333,21.46360923873422,120.0,0.9472222222222222,0.27304795554259714,0.2215279406300925
10,3,1,80,cold,0.010393967592836806,0.3448808142921513,0.008333333333333333,21.199771994106655,120.0,0.935324074074074,0.27304795554259714,0.20022303695161756
10,3,1,80,transfer,0.010745724170224888,0.36228169490293877,0.008333333333333333,22.07952159912843,120.0,0.9349537037037037,0.27304795554259714,0.20126312650928216
10,3,2,20,cold,0.011286979587490984,0.4886402263057759,0.008333333333333333,28.538422644168733,120.0,0.998287037037037,0.27304795554259714,0.1967890072565462
10,3,2,20,transfer,0.018614716593862386,0.5236733792068765,0.008333333333333333,31.962853337358162,120.0,0.9964351851851853,0.27304795554259714,0.2037404586895205
10,3,2,80,cold,0.013442723790577345,0.42454891296814207,0.008333333333333333,29.4006130433545,120.0,0.996712962962963,0.27304795554259714,0.2105928650914283
10,3,2,80,transfer,0.015919415139220166,0.44558353667493683,0.008333333333333333,28.956393828126828,120.0,0.9956481481481482,0.27304795554259714,0.2140698261490483
12,3,1,20,cold,0.006899214050978272,0.27876910830208557,0.004545454545454545,31.75648413406197,220.0,0.8556060606060606,0.27093580222858105,0.21794964938312456
12,3,1,20,transfer,0.006881876614817705,0.24288318835972925,0.004545454545454545,31.55182262820787,220.0,0.8554292929292929,0.27093580222858105,0.21611961694306872
12,3,1,80,cold,0.004376206598859968,0.2028932611096689,0.004545454545454545,30.376063441510887,220.0,0.8477272727272728,0.27093580222858105,0.20415398857985667
12,3,1,80,transfer,0.0027500552133389354,0.18617218157296647,0.004545454545454545,32.317506369182325,220.0,0.8477020202020202,0.27093580222858105,0.21089135068412454
12,3,2,20,cold,0.009012728922537658,0.31486835444856154,0.004545454545454545,42.24350913247432,220.0,0.9689646464646464,0.27093580222858105,0.21299579189508222
12,3,2,20,transfer,0.007265243978575671,0.26868401394816027,0.004545454545454545,44.013453033184156,220.0,0.9674494949494951,0.27093580222858105,0.2172759965406683
12,3,2,80,cold,0.007730470875594682,0.28852504645663474,0.004545454545454545,42.090319660268385,220.0,0.9690656565656566,0.27093580222858105,0.20513675594553157
12,3,2,80,transfer,0.007345778716951959,0.2764153520801265,0.004545454545454545,44.788336161165255,220.0,0.9705555555555556,0.27093580222858105,0.21198322587056803
14,3,1,20,cold,0.008271874919333786,0.137036380578014,0.0027472527472527475,35.603946139985624,364.0,0.7048076923076922,0.2619901384131033,0.21186100287092915
14,3,1,20,transfer,0.006424894735228295,0.14790489218010655,0.0027472527472527475,35.51340805800447,364.0,0.7039987789987789,0.2619901384131033,0.2141838809523785
14,3,1,80,cold,0.003905060100732774,0.18193892358272912,0.0027472527472527475,37.60865110341423,364.0,0.7407661782661783,0.2619901384131033,0.2102901955186897
14,3,1,80,transfer,0.0025237513663001333,0.13896818002898437,0.0027472527472527475,38.29319074262383,364.0,0.7413919413919414,0.2619901384131033,0.21384807839923947
14,3,2,20,cold,0.0035609749142671613,0.1739686990352572,0.0027472527472527475,55.40060887218469,364.0,0.9039072039072039,0.2619901384131033,0.21102288971587135
14,3,2,20,transfer,0.005674354744171384,0.19914687100839273,0.0027472527472527475,54.532660851866986,364.0,0.8991452991452991,0.2619901384131033,0.21060069912980092
14,3,2,80,cold,0.007256263123166316,0.2489749334615763,0.0027472527472527475,58.48154802173493,364.0,0.9128510378510378,0.2619901384131033,0.21262694388324732
14,3,2,80,transfer,0.009165398590971152,0.23221424540274846,0.0027472527472527475,55.316264203972906,364.0,0.9070665445665446,0.2619901384131033,0.20066580992219146
14,5,1,20,cold,0.00224024501884931,0.07826447782330917,0.0004995004995004995,157.04089290647474,2002.0,0.8510517260517261,0.2551030327711678,0.21050756971508303
14,5,1,20,transfer,0.0014087091224262425,0.09085077411507608,0.0004995004995004995,145.46213642032893,2002.0,0.8479742479742479,0.2551030327711678,0.21374751204029413
14,5,1,80,cold,0.00040233217271605525,0.06286037482635289,0.0004995004995004995,146.508031035648,2002.0,0.8605366855366856,0.2551030327711678,0.21588252849011286
14,5,1,80,transfer,0.0006438104552922509,0.0639676587050961,0.0004995004995004995,149.7250613175336,2002.0,0.8554362304362305,0.2551030327711678,0.21776666384318447
14,5,2,20,cold,0.0010909964467340253,0.11794057455153839,0.0004995004995004995,257.60034036053423,2002.0,0.9603146853146853,0.2551030327711678,0.2091773974936508
14,5,2,20,transfer,0.0010680230851138272,0.08302240778553699,0.0004995004995004995,249.51700791097738,2002.0,0.9622988122988123,0.2551030327711678,0.2104227293387188
14,5,2,80,cold,0.0017055743656316702,0.12074871048136558,0.0004995004995004995,272.43707916861996,2002.0,0.9746919746919747,0.2551030327711678,0.20819677670431633
14,5,2,80,transfer,0.0007694888063673638,0.10129842794307198,0.0004995004995004995,261.34153206699324,2002.0,0.974000999000999,0.2551030327711678,0.21520119232761653
