n,b,depth,cap,initialization,mean,se,df,ci_low,ci_high,channels
8,3,1,20,cold,0.2048533387685482,0.006438838422912197,16.68024882412103,0.19124871281996902,0.21845796471712736,30
8,3,1,20,transfer,0.20273335211593857,0.005917268276632706,16.812466935089205,0.19023839094353856,0.21522831328833858,30
8,3,1,80,cold,0.21308676038795182,0.007418675212446807,20.357837875537005,0.1976290945043238,0.22854442627157984,30
8,3,1,80,transfer,0.21042218404964727,0.006953057984695084,19.744256056417335,0.19590630627075517,0.22493806182853937,30
8,3,2,20,cold,0.2031214792138,0.007787419486652261,19.799819941482237,0.18686667186771289,0.2193762865598871,30
8,3,2,20,transfer,0.20562629448485795,0.007467656470846492,14.671733181587197,0.18967828768259812,0.22157430128711778,30
8,3,2,80,cold,0.20247868840681585,0.006761043195506312,20.672902831990594,0.1884047708759952,0.2165526059376365,30
8,3,2,80,transfer,0.20691855926230432,0.006482675154006429,21.4009443389971,0.19345246087866125,0.2203846576459474,30
10,3,1,20,cold,0.21708396292686183,0.007616827374670448,11.125141495672544,0.2003424176928373,0.23382550816088635,30
10,3,1,20,transfer,0.22152794063009254,0.0074633745752751115,11.36343667406506,0.2051650363979159,0.2378908448622692,30
10,3,1,80,cold,0.20022303695161756,0.0074673528194810395,15.76103549850818,0.18437342734800208,0.21607264655523303,30
10,3,1,80,transfer,0.20126312650928216,0.00845468937963673,9.129791068602067,0.18217865700004837,0.22034759601851595,30
10,3,2,20,cold,0.19678900725654616,0.006212379828599644,17.30900680080618,0.18369983339244184,0.2098781811206505,30
10,3,2,20,transfer,0.20374045868952054,0.005934713025744504,12.209306612526168,0.19083437259530242,0.21664654478373865,30
10,3,2,80,cold,0.21059286509142827,0.00736831153439875,11.90762011249245,0.194524868862971,0.22666086131988555,30
10,3,2,80,transfer,0.21406982614904832,0.007561724467457025,11.104814251011044,0.19744572864064958,0.23069392365744706,30
12,3,1,20,cold,0.21794964938312456,0.010686129822432135,14.578955172595503,0.19511527587672892,0.2407840228895202,30
12,3,1,20,transfer,0.21611961694306872,0.009340538415087599,16.362659097690038,0.1963541681687423,0.23588506571739515,30
12,3,1,80,cold,0.20415398857985667,0.0067610317569481585,17.534835439805754,0.18992252983929744,0.2183854473204159,30
12,3,1,80,transfer,0.21089135068412454,0.007120533953292435,19.60265764279181,0.19601885262867957,0.2257638487395695,30
12,3,2,20,cold,0.21299579189508222,0.007904202064044194,18.028497151594607,0.1963915608710214,0.22960002291914305,30
12,3,2,20,transfer,0.2172759965406683,0.008514145087223477,16.588176077570843,0.19927868871170487,0.2352733043696317,30
12,3,2,80,cold,0.20513675594553157,0.005218066060083603,14.941504553667881,0.19401091779859936,0.2162625940924638,30
12,3,2,80,transfer,0.21198322587056803,0.005687894624767364,14.36261207038477,0.19981273702678806,0.224153714714348,30
14,3,1,20,cold,0.2118610028709292,0.007386665841449929,18.28970008316858,0.19635979463103398,0.22736221111082444,30
14,3,1,20,transfer,0.2141838809523785,0.006842447281603108,15.335941587215183,0.1996273260784095,0.2287404358263475,30
14,3,1,80,cold,0.21029019551868966,0.006404969213454327,16.38059131526118,0.19673786165434753,0.22384252938303179,30
14,3,1,80,transfer,0.21384807839923944,0.006894546436738394,18.090951775234238,0.19936839194742287,0.22832776485105602,30
14,3,2,20,cold,0.21102288971587135,0.006111691850205576,16.869541774102792,0.19812074670839838,0.22392503272334432,30
14,3,2,20,transfer,0.21060069912980095,0.007685856183211242,13.51101415325583,0.19406002992001894,0.22714136833958296,30
14,3,2,80,cold,0.21262694388324732,0.0056925530173197484,17.167769986712468,0.20062564132604932,0.22462824644044532,30
14,3,2,80,transfer,0.2006658099221915,0.004847811443397703,22.241250935723823,0.19061838338959916,0.21071323645478382,30
14,5,1,20,cold,0.21050756971508303,0.005813976310383012,16.62447983978266,0.19822001113282622,0.22279512829733983,30
14,5,1,20,transfer,0.21374751204029416,0.005762342645864057,16.21134462988002,0.20154482148118114,0.22595020259940718,30
14,5,1,80,cold,0.21588252849011288,0.005416532415608268,19.72753776982314,0.2045738276223964,0.22719122935782937,30
14,5,1,80,transfer,0.21776666384318447,0.005484986592272665,20.978151696179825,0.2063592863861171,0.22917404130025182,30
14,5,2,20,cold,0.2091773974936508,0.004934593830218475,14.91770636223468,0.19865450394125778,0.21970029104604383,30
14,5,2,20,transfer,0.21042272933871883,0.005312591412467343,16.413352165109387,0.1991835457778582,0.22166191289957946,30
14,5,2,80,cold,0.20819677670431633,0.004513082453961114,15.972301454385034,0.19862812070130176,0.2177654327073309,30
14,5,2,80,transfer,0.2152011923276165,0.004098010103620881,14.347150279470442,0.2064317450403502,0.2239706396148828,30
