n,b,depth,cap,initialization,prefix,mean,se,df,ci_low,ci_high,channels,optimal_fraction,mean_local_gain_regret
8,3,1,20,cold,8,0.06347651950626058,0.006512900710229412,11.073501395004534,0.04915332186143267,0.0777997171510885,30,0.1388888888888889,0.3258528256255245
8,3,1,20,cold,32,0.027683185761645326,0.002802842246840248,13.044730067074932,0.021630123171757616,0.033736248351533035,30,0.29999999999999993,0.14434353645451367
8,3,1,20,cold,256,0.01075546314826866,0.0014025623723922138,8.80180079837775,0.007571722318415873,0.013939203978121446,30,0.5666666666666667,0.05503043598466819
8,3,1,20,transfer,8,0.05759408630422861,0.005349172418102732,12.61712683535159,0.04600215293879375,0.06918601966966346,30,0.13333333333333333,0.2846365725115684
8,3,1,20,transfer,32,0.02630695513644002,0.0022582894348096823,11.806135223337357,0.021377589147069078,0.03123632112581096,30,0.27777777777777773,0.13584403429513403
8,3,1,20,transfer,256,0.011480627657795776,0.0013075524951985783,17.568676946949143,0.008728719582012972,0.01423253573357858,30,0.5333333333333333,0.06045925096016893
8,3,1,80,cold,8,0.05399828576285735,0.00485002186758151,13.760204328246774,0.04357899087437218,0.06441758065134251,30,0.12777777777777774,0.2514792333078402
8,3,1,80,cold,32,0.030865337130079957,0.0037247570281321923,15.821286278619084,0.02296194981021563,0.03876872444994428,30,0.26666666666666666,0.14864341841704654
8,3,1,80,cold,256,0.012141603649109045,0.0017819839050081689,18.6159280591329,0.008406653470082103,0.015876553828135985,30,0.5944444444444444,0.05372952281043642
8,3,1,80,transfer,8,0.06211613346937379,0.0064835875642301624,16.890272873715492,0.04843018679292205,0.07580208014582553,30,0.13888888888888887,0.29882841567498214
8,3,1,80,transfer,32,0.030736884781461898,0.003994794065414239,17.96657836283609,0.022343014662037034,0.03913075490088676,30,0.2888888888888889,0.14360670944938195
8,3,1,80,transfer,256,0.01065557114925527,0.0016957620916023624,13.528824126532195,0.007006603530658956,0.014304538767851585,30,0.6166666666666667,0.051131969889796826
8,3,2,20,cold,8,0.048233017822813105,0.0050452474881598095,16.89309652863461,0.03758334244726866,0.05888269319835755,30,0.15555555555555556,0.236029493448
8,3,2,20,cold,32,0.01600966858817408,0.00177650942495938,18.58531683707578,0.012285768433364583,0.019733568742983577,30,0.3499999999999999,0.07897444649756126
8,3,2,20,cold,256,0.004584480656652194,0.0008635695324164237,13.884761550191893,0.002730865002089524,0.006438096311214864,30,0.6722222222222223,0.021443558452240264
8,3,2,20,transfer,8,0.044021253848594934,0.00516723324549794,16.728838128201687,0.03310586786810214,0.054936639829087724,30,0.16666666666666666,0.22336079863026198
8,3,2,20,transfer,32,0.01953280073695202,0.002457313047136854,14.799763501058536,0.014288983179900263,0.024776618294003776,30,0.3166666666666666,0.09824645534735638
8,3,2,20,transfer,256,0.006821101619485361,0.001431580729503015,14.402998801406563,0.0037587066907023856,0.009883496548268336,30,0.6444444444444444,0.03173141909699034
8,3,2,80,cold,8,0.04711404132948216,0.003609531293240403,18.56611764803217,0.03954723809780602,0.0546808445611583,30,0.17222222222222222,0.22605360339622846
8,3,2,80,cold,32,0.01851088436464676,0.002416032338857819,10.181642182090014,0.01314061831959661,0.02388115040969691,30,0.3611111111111111,0.08746042432567817
8,3,2,80,cold,256,0.006823063464651697,0.0012637263183437127,10.670679417420908,0.004031111461081623,0.009615015468221771,30,0.6611111111111113,0.031998581982670325
8,3,2,80,transfer,8,0.04678379724422053,0.0048195584203679686,19.802347175733807,0.03672393775511176,0.05684365673332929,30,0.18333333333333332,0.236555660529676
8,3,2,80,transfer,32,0.023805765376822618,0.002803862474950262,19.185314900265926,0.017941048051133775,0.02967048270251146,30,0.3166666666666666,0.11809379048402185
8,3,2,80,transfer,256,0.009740731985824563,0.0013445986969210914,17.474310195465332,0.006909731073710403,0.012571732897938724,30,0.5777777777777777,0.046647101287632206
10,3,1,20,cold,8,0.0685873158385125,0.006123856121683325,12.175182245473486,0.055265841016932014,0.08190879066009299,30,0.08333333333333331,0.406354010341699
10,3,1,20,cold,32,0.04007710570195086,0.005147414446788716,9.71805066186514,0.028562686862615295,0.051591524541286425,30,0.1722222222222222,0.2348171676437198
10,3,1,20,cold,256,0.017839842109138554,0.0019814644335037655,8.228591218699282,0.013292577616144618,0.02238710660213249,30,0.3555555555555555,0.09914326061711136
10,3,1,20,transfer,8,0.07140940889094077,0.004954382826185148,18.16523185923309,0.061007419191024384,0.08181139859085716,30,0.06111111111111111,0.41354346021225574
10,3,1,20,transfer,32,0.039866999159970606,0.004169675777741233,10.939175093699214,0.030683374967034972,0.04905062335290624,30,0.15555555555555553,0.2196753459884614
10,3,1,20,transfer,256,0.018735965144014294,0.0024821083319837107,9.156910630071483,0.013135678556094769,0.02433625173193382,30,0.3666666666666666,0.10423247915885848
10,3,1,80,cold,8,0.05937570788260937,0.004701752334434728,17.58841593493968,0.04948109768045644,0.06927031808476229,30,0.07777777777777777,0.35047630438862226
10,3,1,80,cold,32,0.03438375132089586,0.002741221207941155,15.626180275261907,0.028561303116353864,0.04020619952543786,30,0.16666666666666669,0.19896633261348604
10,3,1,80,cold,256,0.01865464625049925,0.001998375791660327,13.817493939771417,0.01436323922252619,0.02294605327847231,30,0.3388888888888888,0.10530778792135562
10,3,1,80,transfer,8,0.053834173515705484,0.0036945488061238744,18.839809093558888,0.04609694142945121,0.061571405601959756,30,0.07777777777777777,0.31741478066811296
10,3,1,80,transfer,32,0.034694218803890876,0.0020132869348511917,12.967373242820829,0.030343664113531354,0.039044773494250395,30,0.15555555555555556,0.20236539842185852
10,3,1,80,transfer,256,0.016380352721451955,0.0014590188845868487,18.265959990556045,0.013318263848075126,0.01944244159482878,30,0.38333333333333325,0.09169869649646291
10,3,2,20,cold,8,0.04669580104087367,0.003959952106499416,17.24447150701338,0.03835004590505213,0.055041556176695206,30,0.06666666666666667,0.2582997680201413
10,3,2,20,cold,32,0.023828722902005592,0.002403731909688833,13.35861462885307,0.018649911308774393,0.02900753449523679,30,0.15555555555555553,0.1308205639655713
10,3,2,20,cold,256,0.009238454510800857,0.0011519660838246093,15.647756064588789,0.006791920092347574,0.01168498892925414,30,0.5055555555555555,0.05322821998086233
10,3,2,20,transfer,8,0.05359344614596803,0.0030601116945925978,19.668062548065006,0.04720325165255732,0.05998364063937874,30,0.09444444444444443,0.30871212692463684
10,3,2,20,transfer,32,0.025297916821322,0.0021121389673824684,12.921588604657886,0.020732101687325366,0.029863731955318634,30,0.23888888888888887,0.139243226814782
10,3,2,20,transfer,256,0.011161281398319704,0.0018572936725217972,12.137289325893104,0.007119657013052563,0.015202905783586844,30,0.49999999999999994,0.06527834856429886
10,3,2,80,cold,8,0.06149264922836165,0.004559600769615334,11.116724528371282,0.05146987678911002,0.07151542166761328,30,0.05000000000000001,0.3524347671311923
10,3,2,80,cold,32,0.030620621863140598,0.0027825708987463276,11.001266307447166,0.02449631061555156,0.036744933110729634,30,0.18888888888888886,0.16990956749193672
10,3,2,80,cold,256,0.014221665488536164,0.0015679099647044651,13.569012273234137,0.010848784642175485,0.017594546334896845,30,0.4222222222222221,0.08130941615180141
10,3,2,80,transfer,8,0.056167147533066536,0.005562220945532879,16.8389213818328,0.044423329935184344,0.06791096513094873,30,0.07777777777777777,0.3165017197489927
10,3,2,80,transfer,32,0.033051820669421146,0.004608291698991221,12.502740770307945,0.023055811547094605,0.04304782979174769,30,0.19999999999999998,0.18712313216741688
10,3,2,80,transfer,256,0.013771254347595047,0.0018275226808027096,13.611154943141639,0.009841076678122325,0.017701432017067767,30,0.4444444444444445,0.08227831677884509
12,3,1,20,cold,8,0.07544709680606725,0.006637725366844611,16.140464677991826,0.0613856935530037,0.08950850005913079,30,0.06111111111111111,0.4273629462848216
12,3,1,20,cold,32,0.049140921937780864,0.005608589335268685,10.97169312203134,0.03679261321502246,0.06148923066053927,30,0.15555555555555553,0.2731311298667144
12,3,1,20,cold,256,0.03096659094912353,0.004639607309984977,9.51217098830593,0.020556585824119067,0.04137659607412799,30,0.3055555555555555,0.17554166308004351
12,3,1,20,transfer,8,0.07600878146830023,0.007748236563963953,16.402789543062664,0.05961597399764308,0.09240158893895738,30,0.05555555555555556,0.4318631707199366
12,3,1,20,transfer,32,0.05102561528409411,0.00604256487967145,9.883153095080278,0.03754033403898205,0.06451089652920618,30,0.11111111111111112,0.2800511577287377
12,3,1,20,transfer,256,0.034600161659004265,0.004744821790676762,8.799429106405258,0.023829218756440847,0.045371104561567684,30,0.2555555555555556,0.18866913892000423
12,3,1,80,cold,8,0.07129663790883883,0.005155399893077733,17.294480312175967,0.060433786119234244,0.08215948969844342,30,0.03333333333333333,0.4061237111242628
12,3,1,80,cold,32,0.048965995012912635,0.003906696036587919,13.06040415588425,0.040530057595521723,0.057401932430303546,30,0.07777777777777777,0.2754579006297883
12,3,1,80,cold,256,0.03126932432346045,0.0038415173204958053,12.438631386244406,0.022931995617986575,0.03960665302893432,30,0.18333333333333332,0.1779901049594417
12,3,1,80,transfer,8,0.07270620383984892,0.005822750408850271,16.32946058044797,0.06038273397976415,0.0850296736999337,30,0.01111111111111111,0.424118399257664
12,3,1,80,transfer,32,0.049675804132374345,0.004276124021646742,15.119551347152797,0.04056773440302057,0.05878387386172812,30,0.08888888888888888,0.2919395351342231
12,3,1,80,transfer,256,0.02896114502134973,0.003468765430652594,15.072818607810701,0.02157075631372478,0.036351533728974685,30,0.2333333333333333,0.1684764160539411
12,3,2,20,cold,8,0.07052388347859924,0.005652725421527824,14.897351247420152,0.05846814970751866,0.08257961724967983,30,0.02222222222222222,0.4142311271248805
12,3,2,20,cold,32,0.04225268074751972,0.003939610544012347,16.326612944190337,0.033914637423232294,0.05059072407180715,30,0.09444444444444443,0.23515515504191703
12,3,2,20,cold,256,0.021769682854199682,0.0026999933808869517,14.46965846750831,0.015996357371363235,0.02754300833703613,30,0.2777777777777778,0.12191545323160467
12,3,2,20,transfer,8,0.06999844582343683,0.005924619201768616,17.555809080859152,0.057528670034266316,0.08246822161260733,30,0.03888888888888888,0.41377447255554917
12,3,2,20,transfer,32,0.044158991884606695,0.004363772524666112,12.259319925856584,0.034673406376595106,0.053644577392618284,30,0.12777777777777774,0.25400530720942854
12,3,2,20,transfer,256,0.024051802098553215,0.003030106119214591,8.49531887345372,0.017134647519440854,0.030968956677665575,30,0.27777777777777773,0.13280322382256995
12,3,2,80,cold,8,0.06606219628745386,0.005772924890767005,12.20319987737726,0.05350726340356478,0.07861712917134293,30,0.04444444444444444,0.38166437993372637
12,3,2,80,cold,32,0.04042671858691823,0.0045273860743101245,10.467986157804738,0.030399870929418902,0.05045356624441756,30,0.13888888888888887,0.22700027491000213
12,3,2,80,cold,256,0.021732188157942853,0.0028831157814634403,11.004591751919628,0.015386816139991603,0.028077560175894103,30,0.3,0.1176341706847879
12,3,2,80,transfer,8,0.06530592298680343,0.005413134632519384,16.598824855566463,0.05386414435794,0.07674770161566687,30,0.02222222222222222,0.38827892292386496
12,3,2,80,transfer,32,0.04152932371995267,0.0041907894863375894,14.562665979608596,0.03257344655463398,0.05048520088527136,30,0.09999999999999996,0.23529599601521334
12,3,2,80,transfer,256,0.023813809266930858,0.003138286644897469,10.227452557079632,0.01684229279754135,0.030785325736320365,30,0.29444444444444445,0.13718695940750117
14,3,1,20,cold,8,0.08768368217438616,0.007237469925289171,20.91530800758095,0.07262882764179014,0.10273853670698217,30,0.027777777777777776,0.5356202314290059
14,3,1,20,cold,32,0.06160422084630333,0.005583701611492729,16.394524178770727,0.049790410449817746,0.07341803124278891,30,0.06111111111111111,0.3787187464108654
14,3,1,20,cold,256,0.04245592056378161,0.004472158847839078,19.66149109368313,0.033116853573556364,0.05179498755400686,30,0.12777777777777774,0.2565121648673611
14,3,1,20,transfer,8,0.08536904897299831,0.005899095861026069,17.45081981886529,0.07294749231573577,0.09779060563026085,30,0.03333333333333333,0.519619212306528
14,3,1,20,transfer,32,0.06007571114936571,0.004580401960625837,15.383888206564261,0.05033399149883405,0.06981743079989737,30,0.06666666666666667,0.3563738364309745
14,3,1,20,transfer,256,0.04270438140314573,0.00409000586447244,17.722349520683213,0.03410193824441253,0.05130682456187893,30,0.13888888888888887,0.25436465617849013
14,3,1,80,cold,8,0.07976393424203294,0.005190125108435747,18.64637605309989,0.06888691702029984,0.09064095146376605,30,0.03333333333333333,0.47692395732153936
14,3,1,80,cold,32,0.060893717474195426,0.004275580964483052,16.73324378589407,0.05186206318127912,0.06992537176711174,30,0.07222222222222222,0.3537991411162231
14,3,1,80,cold,256,0.039870804988769874,0.003834132560052521,16.664551444048602,0.03176907054006753,0.04797253943747222,30,0.15555555555555553,0.2362601859294218
14,3,1,80,transfer,8,0.08821159345771008,0.005999379837596635,20.164092519535934,0.07570363195936285,0.10071955495605732,30,0.02222222222222222,0.545051397944838
14,3,1,80,transfer,32,0.06037269175546046,0.003976208274479755,20.80984769609951,0.05209911080452127,0.06864627270639964,30,0.04444444444444444,0.36058111312650654
14,3,1,80,transfer,256,0.04036613214679138,0.003804009841956623,20.321929403230452,0.03243915740605177,0.04829310688753098,30,0.13333333333333333,0.23566571958891266
14,3,2,20,cold,8,0.0719029335113195,0.004377142889295712,19.280953614182867,0.0627504952247013,0.0810553717979377,30,0.01111111111111111,0.4375660487642579
14,3,2,20,cold,32,0.047390655137139304,0.004156675967450398,14.933868519258057,0.03852749168926696,0.05625381858501165,30,0.06111111111111111,0.28939398430936236
14,3,2,20,cold,256,0.027821858575764125,0.002836289047224854,15.862102509509693,0.02180494337336355,0.0338387737781647,30,0.1722222222222222,0.16025245847008535
14,3,2,20,transfer,8,0.08198074544903826,0.0066432085456647255,18.64894690958659,0.0680586136137089,0.09590287728436762,30,0.016666666666666666,0.5173759176754348
14,3,2,20,transfer,32,0.05399528595203257,0.004399270846397275,15.389099991680775,0.04463906932275822,0.06335150258130691,30,0.061111111111111116,0.32458649558190267
14,3,2,20,transfer,256,0.03230297991333912,0.0032473499828407568,14.00848814095364,0.025338502803453872,0.03926745702322437,30,0.17222222222222222,0.19596769616541193
14,3,2,80,cold,8,0.074594152350465,0.004646978726796342,20.736303645398266,0.06492274266493375,0.08426556203599625,30,0.05000000000000001,0.47375263456504835
14,3,2,80,cold,32,0.046637074016401076,0.0032616020786066344,13.429729592982921,0.03961366225697243,0.05366048577582972,30,0.10555555555555556,0.28569046536805665
14,3,2,80,cold,256,0.026764903327066315,0.002813404750537816,15.197059624710288,0.02077503844711752,0.03275476820701511,30,0.2611111111111111,0.16197609042197397
14,3,2,80,transfer,8,0.06402343217001176,0.005211344342627857,15.954346941849636,0.052973305902396114,0.0750735584376274,30,0.03888888888888888,0.3863243963333178
14,3,2,80,transfer,32,0.04670735522909073,0.004234313651218148,16.857016302493477,0.03776795848687067,0.05564675197131079,30,0.09999999999999999,0.27994307749305486
14,3,2,80,transfer,256,0.028514973224484,0.0033707075315687614,12.677749073444815,0.02121414175752568,0.03581580469144232,30,0.2055555555555556,0.17258611955553207
14,5,1,20,cold,8,0.07868366178797043,0.004332995060722093,21.208232181650597,0.0696780893801974,0.08768923419574345,30,0.01111111111111111,0.9569945416777887
14,5,1,20,cold,32,0.04850292317381883,0.0027148484927399263,10.405075146665661,0.0424856330826303,0.05452021326500736,30,0.02222222222222222,0.6412702790219961
14,5,1,20,cold,256,0.025789876613401094,0.002205559082105767,11.827260766002565,0.020976580449658635,0.030603172777143552,30,0.08888888888888886,0.4013717789461687
14,5,1,20,transfer,8,0.0867722107949589,0.005382014407324353,20.992501578203488,0.07557945568381444,0.09796496590610337,30,0.005555555555555555,1.0823210195489028
14,5,1,20,transfer,32,0.05158372650290813,0.0030408595854984777,18.092158113355758,0.04519744940251176,0.057970003603304496,30,0.03333333333333333,0.7095151578984672
14,5,1,20,transfer,256,0.025249549819434083,0.0017999260706691384,16.827328077212155,0.02144906716768297,0.029050032471185195,30,0.10555555555555554,0.41348324827922317
14,5,1,80,cold,8,0.08783775470201101,0.0050238033951334115,19.316091361519852,0.07733444728254056,0.09834106212148146,30,0.0,1.126124775796371
14,5,1,80,cold,32,0.05835297858863361,0.0032884571839674184,20.65122069779063,0.051507217928121934,0.06519873924914528,30,0.005555555555555555,0.7637544931963383
14,5,1,80,cold,256,0.030770450808682886,0.0023077158902097303,20.30445831595566,0.025961262982022296,0.035579638635343476,30,0.06666666666666667,0.42863744810045495
14,5,1,80,transfer,8,0.09064690469882775,0.004431691270621234,17.7790596338251,0.08132796634808709,0.0999658430495684,30,0.0,1.0892562116602669
14,5,1,80,transfer,32,0.05518866568938618,0.0026589079332588555,19.079656485238207,0.04962507956603297,0.06075225181273938,30,0.01111111111111111,0.7263965397190817
14,5,1,80,transfer,256,0.030551360149012625,0.002714312614459452,20.229216635040217,0.024893513269545198,0.03620920702848005,30,0.07777777777777777,0.44027034101357193
14,5,2,20,cold,8,0.07803950408894655,0.0038161161515930797,15.158355062105127,0.0699130396220633,0.08616596855582981,30,0.016666666666666666,0.9961105281921764
14,5,2,20,cold,32,0.045544504502767764,0.0035744635943729024,16.532302661627305,0.03798676075354461,0.05310224825199092,30,0.03333333333333333,0.6299442896037818
14,5,2,20,cold,256,0.021204766615184015,0.001981648175632281,15.14266124187475,0.016984446713858688,0.025425086516509342,30,0.10555555555555557,0.34207078705635846
14,5,2,20,transfer,8,0.07955163464740651,0.004275101234697701,17.289035776426363,0.07054343238997077,0.08855983690484226,30,0.016666666666666666,0.9751976033356892
14,5,2,20,transfer,32,0.04395186037431397,0.002210771715338109,18.778921076080387,0.039320972232340025,0.04858274851628792,30,0.03333333333333333,0.584636828929568
14,5,2,20,transfer,256,0.019729568787449484,0.001666698724631642,19.419386932908033,0.016246220313209662,0.023212917261689305,30,0.09444444444444443,0.34532792690012604
14,5,2,80,cold,8,0.06983959640692512,0.0035856816774705765,18.30342810973932,0.062315300362044315,0.07736389245180593,30,0.01111111111111111,0.9281826823467973
14,5,2,80,cold,32,0.040504803967677284,0.0033151034990532174,14.497990907501478,0.03341745852494161,0.04759214941041296,30,0.016666666666666666,0.5878085072737792
14,5,2,80,cold,256,0.01928521862638499,0.0015646042475202838,16.996309741613114,0.015984137613760878,0.0225862996390091,30,0.09444444444444443,0.3336587003907461
14,5,2,80,transfer,8,0.07615749985903512,0.003823962520712756,21.027758815410085,0.06820577362870775,0.0841092260893625,30,0.01111111111111111,0.9949238390944342
14,5,2,80,transfer,32,0.04175101553660967,0.0023917695695611515,17.291960825026663,0.03671130532381641,0.04679072574940293,30,0.027777777777777776,0.6070757867232398
14,5,2,80,transfer,256,0.01918390100522079,0.0016542496596244492,19.290293215632513,0.01572503986445265,0.022642762145988926,30,0.14444444444444446,0.32771678756916506
