id,family,policy,round,rmse,applications
amplitude_damping_00,amplitude_damping,greedy,0,0.15565874454128334,384
amplitude_damping_00,amplitude_damping,greedy,1,0.12012634024394142,1608
amplitude_damping_00,amplitude_damping,greedy,2,0.08662918582607773,2832
amplitude_damping_00,amplitude_damping,greedy,3,0.06042352574744034,4056
amplitude_damping_00,amplitude_damping,fixed_prior,0,0.15565874454128334,384
amplitude_damping_00,amplitude_damping,fixed_prior,1,0.10191912730085734,1608
amplitude_damping_00,amplitude_damping,fixed_prior,2,0.08536415162322185,2832
amplitude_damping_00,amplitude_damping,fixed_prior,3,0.05880683653938484,4056
amplitude_damping_00,amplitude_damping,exact_qubo,0,0.15565874454128334,384
amplitude_damping_00,amplitude_damping,exact_qubo,1,0.13384135277039416,1608
amplitude_damping_00,amplitude_damping,exact_qubo,2,0.11868262932626274,2832
amplitude_damping_00,amplitude_damping,exact_qubo,3,0.0584348434397596,4056
amplitude_damping_00,amplitude_damping,random_qubo,0,0.15565874454128334,384
amplitude_damping_00,amplitude_damping,random_qubo,1,0.131907932096929,1608
amplitude_damping_00,amplitude_damping,random_qubo,2,0.12396836061309752,2832
amplitude_damping_00,amplitude_damping,random_qubo,3,0.06597017425042853,4056
amplitude_damping_00,amplitude_damping,swap,0,0.15565874454128334,384
amplitude_damping_00,amplitude_damping,swap,1,0.13384135277039416,1608
amplitude_damping_00,amplitude_damping,swap,2,0.11868262932626274,2832
amplitude_damping_00,amplitude_damping,swap,3,0.0584348434397596,4056
amplitude_damping_00,amplitude_damping,qaoa_cold,0,0.15565874454128334,384
amplitude_damping_00,amplitude_damping,qaoa_cold,1,0.13384135277039416,1608
amplitude_damping_00,amplitude_damping,qaoa_cold,2,0.10326613178945616,2832
amplitude_damping_00,amplitude_damping,qaoa_cold,3,0.09211820122296217,4056
amplitude_damping_00,amplitude_damping,qaoa_transfer,0,0.15565874454128334,384
amplitude_damping_00,amplitude_damping,qaoa_transfer,1,0.13384135277039416,1608
amplitude_damping_00,amplitude_damping,qaoa_transfer,2,0.13135671151361883,2832
amplitude_damping_00,amplitude_damping,qaoa_transfer,3,0.12568652167561087,4056
amplitude_damping_01,amplitude_damping,greedy,0,0.17528539978063729,384
amplitude_damping_01,amplitude_damping,greedy,1,0.08497234520593953,1608
amplitude_damping_01,amplitude_damping,greedy,2,0.05756128394132537,2832
amplitude_damping_01,amplitude_damping,greedy,3,0.040685992697260684,4056
amplitude_damping_01,amplitude_damping,fixed_prior,0,0.17528539978063729,384
amplitude_damping_01,amplitude_damping,fixed_prior,1,0.07916886886217757,1608
amplitude_damping_01,amplitude_damping,fixed_prior,2,0.057356933007722696,2832
amplitude_damping_01,amplitude_damping,fixed_prior,3,0.04095575091329335,4056
amplitude_damping_01,amplitude_damping,exact_qubo,0,0.17528539978063729,384
amplitude_damping_01,amplitude_damping,exact_qubo,1,0.08931459804779712,1608
amplitude_damping_01,amplitude_damping,exact_qubo,2,0.07547210720103235,2832
amplitude_damping_01,amplitude_damping,exact_qubo,3,0.0395058330100366,4056
amplitude_damping_01,amplitude_damping,random_qubo,0,0.17528539978063729,384
amplitude_damping_01,amplitude_damping,random_qubo,1,0.08931459804779712,1608
amplitude_damping_01,amplitude_damping,random_qubo,2,0.07838224210262142,2832
amplitude_damping_01,amplitude_damping,random_qubo,3,0.040787682072639955,4056
amplitude_damping_01,amplitude_damping,swap,0,0.17528539978063729,384
amplitude_damping_01,amplitude_damping,swap,1,0.08931459804779712,1608
amplitude_damping_01,amplitude_damping,swap,2,0.07547210720103235,2832
amplitude_damping_01,amplitude_damping,swap,3,0.0395058330100366,4056
amplitude_damping_01,amplitude_damping,qaoa_cold,0,0.17528539978063729,384
amplitude_damping_01,amplitude_damping,qaoa_cold,1,0.09241412330670463,1608
amplitude_damping_01,amplitude_damping,qaoa_cold,2,0.06348828240727648,2832
amplitude_damping_01,amplitude_damping,qaoa_cold,3,0.039704093736151566,4056
amplitude_damping_01,amplitude_damping,qaoa_transfer,0,0.17528539978063729,384
amplitude_damping_01,amplitude_damping,qaoa_transfer,1,0.09241412330670463,1608
amplitude_damping_01,amplitude_damping,qaoa_transfer,2,0.0486732259298634,2832
amplitude_damping_01,amplitude_damping,qaoa_transfer,3,0.040824984150621045,4056
amplitude_damping_02,amplitude_damping,greedy,0,0.10378168481730361,384
amplitude_damping_02,amplitude_damping,greedy,1,0.09515387716280937,1608
amplitude_damping_02,amplitude_damping,greedy,2,0.04420298150271309,2832
amplitude_damping_02,amplitude_damping,greedy,3,0.04714225000614494,4056
amplitude_damping_02,amplitude_damping,fixed_prior,0,0.10378168481730361,384
amplitude_damping_02,amplitude_damping,fixed_prior,1,0.12055220067414583,1608
amplitude_damping_02,amplitude_damping,fixed_prior,2,0.07338599565439508,2832
amplitude_damping_02,amplitude_damping,fixed_prior,3,0.0468542722907176,4056
amplitude_damping_02,amplitude_damping,exact_qubo,0,0.10378168481730361,384
amplitude_damping_02,amplitude_damping,exact_qubo,1,0.09515387716280937,1608
amplitude_damping_02,amplitude_damping,exact_qubo,2,0.04420298150271309,2832
amplitude_damping_02,amplitude_damping,exact_qubo,3,0.04714225000614494,4056
amplitude_damping_02,amplitude_damping,random_qubo,0,0.10378168481730361,384
amplitude_damping_02,amplitude_damping,random_qubo,1,0.09515387716280937,1608
amplitude_damping_02,amplitude_damping,random_qubo,2,0.07461497563765992,2832
amplitude_damping_02,amplitude_damping,random_qubo,3,0.0673530352387003,4056
amplitude_damping_02,amplitude_damping,swap,0,0.10378168481730361,384
amplitude_damping_02,amplitude_damping,swap,1,0.09515387716280937,1608
amplitude_damping_02,amplitude_damping,swap,2,0.04420298150271309,2832
amplitude_damping_02,amplitude_damping,swap,3,0.04714225000614494,4056
amplitude_damping_02,amplitude_damping,qaoa_cold,0,0.10378168481730361,384
amplitude_damping_02,amplitude_damping,qaoa_cold,1,0.09531597086980195,1608
amplitude_damping_02,amplitude_damping,qaoa_cold,2,0.06479731374706986,2832
amplitude_damping_02,amplitude_damping,qaoa_cold,3,0.06172894465189635,4056
amplitude_damping_02,amplitude_damping,qaoa_transfer,0,0.10378168481730361,384
amplitude_damping_02,amplitude_damping,qaoa_transfer,1,0.09531597086980195,1608
amplitude_damping_02,amplitude_damping,qaoa_transfer,2,0.07818120741501794,2832
amplitude_damping_02,amplitude_damping,qaoa_transfer,3,0.057637059260104595,4056
amplitude_damping_03,amplitude_damping,greedy,0,0.16134658836174598,384
amplitude_damping_03,amplitude_damping,greedy,1,0.17746919747560502,1608
amplitude_damping_03,amplitude_damping,greedy,2,0.07034138193168445,2832
amplitude_damping_03,amplitude_damping,greedy,3,0.0444749472128987,4056
amplitude_damping_03,amplitude_damping,fixed_prior,0,0.16134658836174598,384
amplitude_damping_03,amplitude_damping,fixed_prior,1,0.10184976058141,1608
amplitude_damping_03,amplitude_damping,fixed_prior,2,0.07741192395276889,2832
amplitude_damping_03,amplitude_damping,fixed_prior,3,0.03622661792980889,4056
amplitude_damping_03,amplitude_damping,exact_qubo,0,0.16134658836174598,384
amplitude_damping_03,amplitude_damping,exact_qubo,1,0.17746919747560502,1608
amplitude_damping_03,amplitude_damping,exact_qubo,2,0.07034138193168445,2832
amplitude_damping_03,amplitude_damping,exact_qubo,3,0.0444749472128987,4056
amplitude_damping_03,amplitude_damping,random_qubo,0,0.16134658836174598,384
amplitude_damping_03,amplitude_damping,random_qubo,1,0.17746919747560502,1608
amplitude_damping_03,amplitude_damping,random_qubo,2,0.07034138193168445,2832
amplitude_damping_03,amplitude_damping,random_qubo,3,0.04015760149010023,4056
amplitude_damping_03,amplitude_damping,swap,0,0.16134658836174598,384
amplitude_damping_03,amplitude_damping,swap,1,0.17746919747560502,1608
amplitude_damping_03,amplitude_damping,swap,2,0.07034138193168445,2832
amplitude_damping_03,amplitude_damping,swap,3,0.0444749472128987,4056
amplitude_damping_03,amplitude_damping,qaoa_cold,0,0.16134658836174598,384
amplitude_damping_03,amplitude_damping,qaoa_cold,1,0.14035881174841044,1608
amplitude_damping_03,amplitude_damping,qaoa_cold,2,0.06046747072225855,2832
amplitude_damping_03,amplitude_damping,qaoa_cold,3,0.04319128472901517,4056
amplitude_damping_03,amplitude_damping,qaoa_transfer,0,0.16134658836174598,384
amplitude_damping_03,amplitude_damping,qaoa_transfer,1,0.14035881174841044,1608
amplitude_damping_03,amplitude_damping,qaoa_transfer,2,0.05186972901906826,2832
amplitude_damping_03,amplitude_damping,qaoa_transfer,3,0.04192688091414901,4056
amplitude_damping_04,amplitude_damping,greedy,0,0.16993307177321565,384
amplitude_damping_04,amplitude_damping,greedy,1,0.12875956104956013,1608
amplitude_damping_04,amplitude_damping,greedy,2,0.058256432950372694,2832
amplitude_damping_04,amplitude_damping,greedy,3,0.021884011994261682,4056
amplitude_damping_04,amplitude_damping,fixed_prior,0,0.16993307177321565,384
amplitude_damping_04,amplitude_damping,fixed_prior,1,0.07193493449303022,1608
amplitude_damping_04,amplitude_damping,fixed_prior,2,0.07489337550144548,2832
amplitude_damping_04,amplitude_damping,fixed_prior,3,0.03393040446646009,4056
amplitude_damping_04,amplitude_damping,exact_qubo,0,0.16993307177321565,384
amplitude_damping_04,amplitude_damping,exact_qubo,1,0.12875956104956013,1608
amplitude_damping_04,amplitude_damping,exact_qubo,2,0.058256432950372694,2832
amplitude_damping_04,amplitude_damping,exact_qubo,3,0.021884011994261682,4056
amplitude_damping_04,amplitude_damping,random_qubo,0,0.16993307177321565,384
amplitude_damping_04,amplitude_damping,random_qubo,1,0.12875956104956013,1608
amplitude_damping_04,amplitude_damping,random_qubo,2,0.05794549107872275,2832
amplitude_damping_04,amplitude_damping,random_qubo,3,0.027027168489905516,4056
amplitude_damping_04,amplitude_damping,swap,0,0.16993307177321565,384
amplitude_damping_04,amplitude_damping,swap,1,0.12875956104956013,1608
amplitude_damping_04,amplitude_damping,swap,2,0.058256432950372694,2832
amplitude_damping_04,amplitude_damping,swap,3,0.021884011994261682,4056
amplitude_damping_04,amplitude_damping,qaoa_cold,0,0.16993307177321565,384
amplitude_damping_04,amplitude_damping,qaoa_cold,1,0.13389319800387953,1608
amplitude_damping_04,amplitude_damping,qaoa_cold,2,0.046107207893574434,2832
amplitude_damping_04,amplitude_damping,qaoa_cold,3,0.014539258621814185,4056
amplitude_damping_04,amplitude_damping,qaoa_transfer,0,0.16993307177321565,384
amplitude_damping_04,amplitude_damping,qaoa_transfer,1,0.13389319800387953,1608
amplitude_damping_04,amplitude_damping,qaoa_transfer,2,0.06817148064953495,2832
amplitude_damping_04,amplitude_damping,qaoa_transfer,3,0.025743121434042913,4056
thermal_relaxation_00,thermal_relaxation,greedy,0,0.1832993157410857,384
thermal_relaxation_00,thermal_relaxation,greedy,1,0.15378897367951683,1608
thermal_relaxation_00,thermal_relaxation,greedy,2,0.11906405151532633,2832
thermal_relaxation_00,thermal_relaxation,greedy,3,0.07208511077309615,4056
thermal_relaxation_00,thermal_relaxation,fixed_prior,0,0.1832993157410857,384
thermal_relaxation_00,thermal_relaxation,fixed_prior,1,0.11590479535151266,1608
thermal_relaxation_00,thermal_relaxation,fixed_prior,2,0.0751161737160154,2832
thermal_relaxation_00,thermal_relaxation,fixed_prior,3,0.0737497637313325,4056
thermal_relaxation_00,thermal_relaxation,exact_qubo,0,0.1832993157410857,384
thermal_relaxation_00,thermal_relaxation,exact_qubo,1,0.15378897367951683,1608
thermal_relaxation_00,thermal_relaxation,exact_qubo,2,0.11906405151532633,2832
thermal_relaxation_00,thermal_relaxation,exact_qubo,3,0.07208511077309615,4056
thermal_relaxation_00,thermal_relaxation,random_qubo,0,0.1832993157410857,384
thermal_relaxation_00,thermal_relaxation,random_qubo,1,0.15806000889391744,1608
thermal_relaxation_00,thermal_relaxation,random_qubo,2,0.08297967452238317,2832
thermal_relaxation_00,thermal_relaxation,random_qubo,3,0.07513742124178482,4056
thermal_relaxation_00,thermal_relaxation,swap,0,0.1832993157410857,384
thermal_relaxation_00,thermal_relaxation,swap,1,0.15378897367951683,1608
thermal_relaxation_00,thermal_relaxation,swap,2,0.11906405151532633,2832
thermal_relaxation_00,thermal_relaxation,swap,3,0.07208511077309615,4056
thermal_relaxation_00,thermal_relaxation,qaoa_cold,0,0.1832993157410857,384
thermal_relaxation_00,thermal_relaxation,qaoa_cold,1,0.14123145071016246,1608
thermal_relaxation_00,thermal_relaxation,qaoa_cold,2,0.11743663271863654,2832
thermal_relaxation_00,thermal_relaxation,qaoa_cold,3,0.06803174286084482,4056
thermal_relaxation_00,thermal_relaxation,qaoa_transfer,0,0.1832993157410857,384
thermal_relaxation_00,thermal_relaxation,qaoa_transfer,1,0.14123145071016246,1608
thermal_relaxation_00,thermal_relaxation,qaoa_transfer,2,0.11973081850091224,2832
thermal_relaxation_00,thermal_relaxation,qaoa_transfer,3,0.07376049312170754,4056
thermal_relaxation_01,thermal_relaxation,greedy,0,0.1223859262645219,384
thermal_relaxation_01,thermal_relaxation,greedy,1,0.10477900213678744,1608
thermal_relaxation_01,thermal_relaxation,greedy,2,0.04156614285811567,2832
thermal_relaxation_01,thermal_relaxation,greedy,3,0.05285145247799444,4056
thermal_relaxation_01,thermal_relaxation,fixed_prior,0,0.1223859262645219,384
thermal_relaxation_01,thermal_relaxation,fixed_prior,1,0.13727001715526396,1608
thermal_relaxation_01,thermal_relaxation,fixed_prior,2,0.03999236327708494,2832
thermal_relaxation_01,thermal_relaxation,fixed_prior,3,0.04585033928158825,4056
thermal_relaxation_01,thermal_relaxation,exact_qubo,0,0.1223859262645219,384
thermal_relaxation_01,thermal_relaxation,exact_qubo,1,0.10335329281574811,1608
thermal_relaxation_01,thermal_relaxation,exact_qubo,2,0.044833871319628446,2832
thermal_relaxation_01,thermal_relaxation,exact_qubo,3,0.04898029930705739,4056
thermal_relaxation_01,thermal_relaxation,random_qubo,0,0.1223859262645219,384
thermal_relaxation_01,thermal_relaxation,random_qubo,1,0.10335329281574811,1608
thermal_relaxation_01,thermal_relaxation,random_qubo,2,0.04317196093013429,2832
thermal_relaxation_01,thermal_relaxation,random_qubo,3,0.05593670063844437,4056
thermal_relaxation_01,thermal_relaxation,swap,0,0.1223859262645219,384
thermal_relaxation_01,thermal_relaxation,swap,1,0.10335329281574811,1608
thermal_relaxation_01,thermal_relaxation,swap,2,0.044833871319628446,2832
thermal_relaxation_01,thermal_relaxation,swap,3,0.04898029930705739,4056
thermal_relaxation_01,thermal_relaxation,qaoa_cold,0,0.1223859262645219,384
thermal_relaxation_01,thermal_relaxation,qaoa_cold,1,0.09677146514445202,1608
thermal_relaxation_01,thermal_relaxation,qaoa_cold,2,0.03989045656503674,2832
thermal_relaxation_01,thermal_relaxation,qaoa_cold,3,0.050846521015713665,4056
thermal_relaxation_01,thermal_relaxation,qaoa_transfer,0,0.1223859262645219,384
thermal_relaxation_01,thermal_relaxation,qaoa_transfer,1,0.09677146514445202,1608
thermal_relaxation_01,thermal_relaxation,qaoa_transfer,2,0.03746059806708485,2832
thermal_relaxation_01,thermal_relaxation,qaoa_transfer,3,0.04348272869798509,4056
thermal_relaxation_02,thermal_relaxation,greedy,0,0.11025573908216178,384
thermal_relaxation_02,thermal_relaxation,greedy,1,0.08638021472832444,1608
thermal_relaxation_02,thermal_relaxation,greedy,2,0.09605648602458375,2832
thermal_relaxation_02,thermal_relaxation,greedy,3,0.07160863490442936,4056
thermal_relaxation_02,thermal_relaxation,fixed_prior,0,0.11025573908216178,384
thermal_relaxation_02,thermal_relaxation,fixed_prior,1,0.10871420857268285,1608
thermal_relaxation_02,thermal_relaxation,fixed_prior,2,0.07872718454243625,2832
thermal_relaxation_02,thermal_relaxation,fixed_prior,3,0.06062499165774606,4056
thermal_relaxation_02,thermal_relaxation,exact_qubo,0,0.11025573908216178,384
thermal_relaxation_02,thermal_relaxation,exact_qubo,1,0.08638021472832444,1608
thermal_relaxation_02,thermal_relaxation,exact_qubo,2,0.09097477003049709,2832
thermal_relaxation_02,thermal_relaxation,exact_qubo,3,0.0734352840593257,4056
thermal_relaxation_02,thermal_relaxation,random_qubo,0,0.11025573908216178,384
thermal_relaxation_02,thermal_relaxation,random_qubo,1,0.10974585029487838,1608
thermal_relaxation_02,thermal_relaxation,random_qubo,2,0.09854962852086717,2832
thermal_relaxation_02,thermal_relaxation,random_qubo,3,0.06704489802466526,4056
thermal_relaxation_02,thermal_relaxation,swap,0,0.11025573908216178,384
thermal_relaxation_02,thermal_relaxation,swap,1,0.08638021472832444,1608
thermal_relaxation_02,thermal_relaxation,swap,2,0.09097477003049709,2832
thermal_relaxation_02,thermal_relaxation,swap,3,0.0734352840593257,4056
thermal_relaxation_02,thermal_relaxation,qaoa_cold,0,0.11025573908216178,384
thermal_relaxation_02,thermal_relaxation,qaoa_cold,1,0.12325478436451894,1608
thermal_relaxation_02,thermal_relaxation,qaoa_cold,2,0.1000279498407691,2832
thermal_relaxation_02,thermal_relaxation,qaoa_cold,3,0.05701776707354017,4056
thermal_relaxation_02,thermal_relaxation,qaoa_transfer,0,0.11025573908216178,384
thermal_relaxation_02,thermal_relaxation,qaoa_transfer,1,0.12325478436451894,1608
thermal_relaxation_02,thermal_relaxation,qaoa_transfer,2,0.1041970852900226,2832
thermal_relaxation_02,thermal_relaxation,qaoa_transfer,3,0.09030641483578354,4056
thermal_relaxation_03,thermal_relaxation,greedy,0,0.15059006269714306,384
thermal_relaxation_03,thermal_relaxation,greedy,1,0.09638611621568509,1608
thermal_relaxation_03,thermal_relaxation,greedy,2,0.06757985875926896,2832
thermal_relaxation_03,thermal_relaxation,greedy,3,0.03833947470475846,4056
thermal_relaxation_03,thermal_relaxation,fixed_prior,0,0.15059006269714306,384
thermal_relaxation_03,thermal_relaxation,fixed_prior,1,0.1044936830384663,1608
thermal_relaxation_03,thermal_relaxation,fixed_prior,2,0.0862510159172028,2832
thermal_relaxation_03,thermal_relaxation,fixed_prior,3,0.07618143253779215,4056
thermal_relaxation_03,thermal_relaxation,exact_qubo,0,0.15059006269714306,384
thermal_relaxation_03,thermal_relaxation,exact_qubo,1,0.09638611621568509,1608
thermal_relaxation_03,thermal_relaxation,exact_qubo,2,0.06757985875926896,2832
thermal_relaxation_03,thermal_relaxation,exact_qubo,3,0.03019109714848897,4056
thermal_relaxation_03,thermal_relaxation,random_qubo,0,0.15059006269714306,384
thermal_relaxation_03,thermal_relaxation,random_qubo,1,0.09638611621568509,1608
thermal_relaxation_03,thermal_relaxation,random_qubo,2,0.06757985875926896,2832
thermal_relaxation_03,thermal_relaxation,random_qubo,3,0.03019109714848897,4056
thermal_relaxation_03,thermal_relaxation,swap,0,0.15059006269714306,384
thermal_relaxation_03,thermal_relaxation,swap,1,0.09638611621568509,1608
thermal_relaxation_03,thermal_relaxation,swap,2,0.06757985875926896,2832
thermal_relaxation_03,thermal_relaxation,swap,3,0.03019109714848897,4056
thermal_relaxation_03,thermal_relaxation,qaoa_cold,0,0.15059006269714306,384
thermal_relaxation_03,thermal_relaxation,qaoa_cold,1,0.09638611621568509,1608
thermal_relaxation_03,thermal_relaxation,qaoa_cold,2,0.06757985875926896,2832
thermal_relaxation_03,thermal_relaxation,qaoa_cold,3,0.029219591724777852,4056
thermal_relaxation_03,thermal_relaxation,qaoa_transfer,0,0.15059006269714306,384
thermal_relaxation_03,thermal_relaxation,qaoa_transfer,1,0.09638611621568509,1608
thermal_relaxation_03,thermal_relaxation,qaoa_transfer,2,0.07250895428015552,2832
thermal_relaxation_03,thermal_relaxation,qaoa_transfer,3,0.04255166070407686,4056
thermal_relaxation_04,thermal_relaxation,greedy,0,0.15867756243307063,384
thermal_relaxation_04,thermal_relaxation,greedy,1,0.12014001814593321,1608
thermal_relaxation_04,thermal_relaxation,greedy,2,0.08522277879626598,2832
thermal_relaxation_04,thermal_relaxation,greedy,3,0.058388581763766594,4056
thermal_relaxation_04,thermal_relaxation,fixed_prior,0,0.15867756243307063,384
thermal_relaxation_04,thermal_relaxation,fixed_prior,1,0.12514668223766418,1608
thermal_relaxation_04,thermal_relaxation,fixed_prior,2,0.10724875626099496,2832
thermal_relaxation_04,thermal_relaxation,fixed_prior,3,0.10687380014508567,4056
thermal_relaxation_04,thermal_relaxation,exact_qubo,0,0.15867756243307063,384
thermal_relaxation_04,thermal_relaxation,exact_qubo,1,0.12014001814593321,1608
thermal_relaxation_04,thermal_relaxation,exact_qubo,2,0.08522277879626598,2832
thermal_relaxation_04,thermal_relaxation,exact_qubo,3,0.058388581763766594,4056
thermal_relaxation_04,thermal_relaxation,random_qubo,0,0.15867756243307063,384
thermal_relaxation_04,thermal_relaxation,random_qubo,1,0.12404649668733463,1608
thermal_relaxation_04,thermal_relaxation,random_qubo,2,0.08867320035033614,2832
thermal_relaxation_04,thermal_relaxation,random_qubo,3,0.0760977760778928,4056
thermal_relaxation_04,thermal_relaxation,swap,0,0.15867756243307063,384
thermal_relaxation_04,thermal_relaxation,swap,1,0.12014001814593321,1608
thermal_relaxation_04,thermal_relaxation,swap,2,0.08522277879626598,2832
thermal_relaxation_04,thermal_relaxation,swap,3,0.058388581763766594,4056
thermal_relaxation_04,thermal_relaxation,qaoa_cold,0,0.15867756243307063,384
thermal_relaxation_04,thermal_relaxation,qaoa_cold,1,0.12057349689592449,1608
thermal_relaxation_04,thermal_relaxation,qaoa_cold,2,0.08649103081962754,2832
thermal_relaxation_04,thermal_relaxation,qaoa_cold,3,0.06728896059332615,4056
thermal_relaxation_04,thermal_relaxation,qaoa_transfer,0,0.15867756243307063,384
thermal_relaxation_04,thermal_relaxation,qaoa_transfer,1,0.12057349689592449,1608
thermal_relaxation_04,thermal_relaxation,qaoa_transfer,2,0.09146954782346679,2832
thermal_relaxation_04,thermal_relaxation,qaoa_transfer,3,0.08307679373373265,4056
dephasing_00,dephasing,greedy,0,0.14414223417691524,384
dephasing_00,dephasing,greedy,1,0.12361071019890511,1608
dephasing_00,dephasing,greedy,2,0.09946875381601165,2832
dephasing_00,dephasing,greedy,3,0.09266734575604357,4056
dephasing_00,dephasing,fixed_prior,0,0.14414223417691524,384
dephasing_00,dephasing,fixed_prior,1,0.13233391053000093,1608
dephasing_00,dephasing,fixed_prior,2,0.09583891591762832,2832
dephasing_00,dephasing,fixed_prior,3,0.03156039731941087,4056
dephasing_00,dephasing,exact_qubo,0,0.14414223417691524,384
dephasing_00,dephasing,exact_qubo,1,0.12066579110206917,1608
dephasing_00,dephasing,exact_qubo,2,0.08930376646108124,2832
dephasing_00,dephasing,exact_qubo,3,0.07824343580773843,4056
dephasing_00,dephasing,random_qubo,0,0.14414223417691524,384
dephasing_00,dephasing,random_qubo,1,0.11447603256158213,1608
dephasing_00,dephasing,random_qubo,2,0.07396082594565877,2832
dephasing_00,dephasing,random_qubo,3,0.0654410298528315,4056
dephasing_00,dephasing,swap,0,0.14414223417691524,384
dephasing_00,dephasing,swap,1,0.12066579110206917,1608
dephasing_00,dephasing,swap,2,0.08930376646108124,2832
dephasing_00,dephasing,swap,3,0.07824343580773843,4056
dephasing_00,dephasing,qaoa_cold,0,0.14414223417691524,384
dephasing_00,dephasing,qaoa_cold,1,0.11447603256158213,1608
dephasing_00,dephasing,qaoa_cold,2,0.09383617201838894,2832
dephasing_00,dephasing,qaoa_cold,3,0.07185861806775352,4056
dephasing_00,dephasing,qaoa_transfer,0,0.14414223417691524,384
dephasing_00,dephasing,qaoa_transfer,1,0.11447603256158213,1608
dephasing_00,dephasing,qaoa_transfer,2,0.09383617201838894,2832
dephasing_00,dephasing,qaoa_transfer,3,0.0771003518867225,4056
dephasing_01,dephasing,greedy,0,0.10976954408644446,384
dephasing_01,dephasing,greedy,1,0.025533935791951304,1608
dephasing_01,dephasing,greedy,2,0.03517458546504203,2832
dephasing_01,dephasing,greedy,3,0.047422977541539534,4056
dephasing_01,dephasing,fixed_prior,0,0.10976954408644446,384
dephasing_01,dephasing,fixed_prior,1,0.09071617346604095,1608
dephasing_01,dephasing,fixed_prior,2,0.048798834767350564,2832
dephasing_01,dephasing,fixed_prior,3,0.03590911934888924,4056
dephasing_01,dephasing,exact_qubo,0,0.10976954408644446,384
dephasing_01,dephasing,exact_qubo,1,0.025533935791951304,1608
dephasing_01,dephasing,exact_qubo,2,0.03517458546504203,2832
dephasing_01,dephasing,exact_qubo,3,0.047422977541539534,4056
dephasing_01,dephasing,random_qubo,0,0.10976954408644446,384
dephasing_01,dephasing,random_qubo,1,0.025533935791951304,1608
dephasing_01,dephasing,random_qubo,2,0.03517458546504203,2832
dephasing_01,dephasing,random_qubo,3,0.047422977541539534,4056
dephasing_01,dephasing,swap,0,0.10976954408644446,384
dephasing_01,dephasing,swap,1,0.025533935791951304,1608
dephasing_01,dephasing,swap,2,0.03517458546504203,2832
dephasing_01,dephasing,swap,3,0.047422977541539534,4056
dephasing_01,dephasing,qaoa_cold,0,0.10976954408644446,384
dephasing_01,dephasing,qaoa_cold,1,0.03311711805384785,1608
dephasing_01,dephasing,qaoa_cold,2,0.03492823740278958,2832
dephasing_01,dephasing,qaoa_cold,3,0.041856788894730414,4056
dephasing_01,dephasing,qaoa_transfer,0,0.10976954408644446,384
dephasing_01,dephasing,qaoa_transfer,1,0.03311711805384785,1608
dephasing_01,dephasing,qaoa_transfer,2,0.03492823740278958,2832
dephasing_01,dephasing,qaoa_transfer,3,0.04545871295658245,4056
dephasing_02,dephasing,greedy,0,0.1114292060477138,384
dephasing_02,dephasing,greedy,1,0.06291136922551073,1608
dephasing_02,dephasing,greedy,2,0.035509387876682744,2832
dephasing_02,dephasing,greedy,3,0.03646606681623965,4056
dephasing_02,dephasing,fixed_prior,0,0.1114292060477138,384
dephasing_02,dephasing,fixed_prior,1,0.1034430759692793,1608
dephasing_02,dephasing,fixed_prior,2,0.10659483691579213,2832
dephasing_02,dephasing,fixed_prior,3,0.07782018617080126,4056
dephasing_02,dephasing,exact_qubo,0,0.1114292060477138,384
dephasing_02,dephasing,exact_qubo,1,0.06291136922551073,1608
dephasing_02,dephasing,exact_qubo,2,0.035509387876682744,2832
dephasing_02,dephasing,exact_qubo,3,0.03349872562150466,4056
dephasing_02,dephasing,random_qubo,0,0.1114292060477138,384
dephasing_02,dephasing,random_qubo,1,0.08088377537771234,1608
dephasing_02,dephasing,random_qubo,2,0.051739486683862204,2832
dephasing_02,dephasing,random_qubo,3,0.05406855953002694,4056
dephasing_02,dephasing,swap,0,0.1114292060477138,384
dephasing_02,dephasing,swap,1,0.06291136922551073,1608
dephasing_02,dephasing,swap,2,0.035509387876682744,2832
dephasing_02,dephasing,swap,3,0.03349872562150466,4056
dephasing_02,dephasing,qaoa_cold,0,0.1114292060477138,384
dephasing_02,dephasing,qaoa_cold,1,0.048967374247198145,1608
dephasing_02,dephasing,qaoa_cold,2,0.040992837532332384,2832
dephasing_02,dephasing,qaoa_cold,3,0.04414888085692373,4056
dephasing_02,dephasing,qaoa_transfer,0,0.1114292060477138,384
dephasing_02,dephasing,qaoa_transfer,1,0.048967374247198145,1608
dephasing_02,dephasing,qaoa_transfer,2,0.04365270239176852,2832
dephasing_02,dephasing,qaoa_transfer,3,0.039876457097312204,4056
dephasing_03,dephasing,greedy,0,0.15920517417798677,384
dephasing_03,dephasing,greedy,1,0.11235593899110359,1608
dephasing_03,dephasing,greedy,2,0.07531592958596596,2832
dephasing_03,dephasing,greedy,3,0.05084264863173619,4056
dephasing_03,dephasing,fixed_prior,0,0.15920517417798677,384
dephasing_03,dephasing,fixed_prior,1,0.16932263709243248,1608
dephasing_03,dephasing,fixed_prior,2,0.12100510621055557,2832
dephasing_03,dephasing,fixed_prior,3,0.10186728314957941,4056
dephasing_03,dephasing,exact_qubo,0,0.15920517417798677,384
dephasing_03,dephasing,exact_qubo,1,0.12106618034583468,1608
dephasing_03,dephasing,exact_qubo,2,0.0968266901603786,2832
dephasing_03,dephasing,exact_qubo,3,0.09658197652426291,4056
dephasing_03,dephasing,random_qubo,0,0.15920517417798677,384
dephasing_03,dephasing,random_qubo,1,0.11235593899110359,1608
dephasing_03,dephasing,random_qubo,2,0.08247799762000561,2832
dephasing_03,dephasing,random_qubo,3,0.07663970150394148,4056
dephasing_03,dephasing,swap,0,0.15920517417798677,384
dephasing_03,dephasing,swap,1,0.12106618034583468,1608
dephasing_03,dephasing,swap,2,0.0968266901603786,2832
dephasing_03,dephasing,swap,3,0.09658197652426291,4056
dephasing_03,dephasing,qaoa_cold,0,0.15920517417798677,384
dephasing_03,dephasing,qaoa_cold,1,0.10103715732338019,1608
dephasing_03,dephasing,qaoa_cold,2,0.057984035810874725,2832
dephasing_03,dephasing,qaoa_cold,3,0.060510880308172726,4056
dephasing_03,dephasing,qaoa_transfer,0,0.15920517417798677,384
dephasing_03,dephasing,qaoa_transfer,1,0.10103715732338019,1608
dephasing_03,dephasing,qaoa_transfer,2,0.0875729831032983,2832
dephasing_03,dephasing,qaoa_transfer,3,0.0657186963712903,4056
dephasing_04,dephasing,greedy,0,0.11863244584468863,384
dephasing_04,dephasing,greedy,1,0.09237570422206527,1608
dephasing_04,dephasing,greedy,2,0.06869067639595289,2832
dephasing_04,dephasing,greedy,3,0.05266425179772833,4056
dephasing_04,dephasing,fixed_prior,0,0.11863244584468863,384
dephasing_04,dephasing,fixed_prior,1,0.08158315035761587,1608
dephasing_04,dephasing,fixed_prior,2,0.0904157575041885,2832
dephasing_04,dephasing,fixed_prior,3,0.04017603442545679,4056
dephasing_04,dephasing,exact_qubo,0,0.11863244584468863,384
dephasing_04,dephasing,exact_qubo,1,0.09237570422206527,1608
dephasing_04,dephasing,exact_qubo,2,0.06321966195118828,2832
dephasing_04,dephasing,exact_qubo,3,0.06735780909732496,4056
dephasing_04,dephasing,random_qubo,0,0.11863244584468863,384
dephasing_04,dephasing,random_qubo,1,0.09237570422206527,1608
dephasing_04,dephasing,random_qubo,2,0.06321966195118828,2832
dephasing_04,dephasing,random_qubo,3,0.06032713479354399,4056
dephasing_04,dephasing,swap,0,0.11863244584468863,384
dephasing_04,dephasing,swap,1,0.09237570422206527,1608
dephasing_04,dephasing,swap,2,0.06321966195118828,2832
dephasing_04,dephasing,swap,3,0.06735780909732496,4056
dephasing_04,dephasing,qaoa_cold,0,0.11863244584468863,384
dephasing_04,dephasing,qaoa_cold,1,0.07615349800855532,1608
dephasing_04,dephasing,qaoa_cold,2,0.04472314289223167,2832
dephasing_04,dephasing,qaoa_cold,3,0.05152782218232454,4056
dephasing_04,dephasing,qaoa_transfer,0,0.11863244584468863,384
dephasing_04,dephasing,qaoa_transfer,1,0.07615349800855532,1608
dephasing_04,dephasing,qaoa_transfer,2,0.04472314289223167,2832
dephasing_04,dephasing,qaoa_transfer,3,0.04708424536769166,4056
coherent_rotation_00,coherent_rotation,greedy,0,0.21856485585977778,384
coherent_rotation_00,coherent_rotation,greedy,1,0.19900994808699843,1608
coherent_rotation_00,coherent_rotation,greedy,2,0.05331164449374791,2832
coherent_rotation_00,coherent_rotation,greedy,3,0.02644224399878909,4056
coherent_rotation_00,coherent_rotation,fixed_prior,0,0.21856485585977778,384
coherent_rotation_00,coherent_rotation,fixed_prior,1,0.20686793197837997,1608
coherent_rotation_00,coherent_rotation,fixed_prior,2,0.07498217237693787,2832
coherent_rotation_00,coherent_rotation,fixed_prior,3,0.05239021663369229,4056
coherent_rotation_00,coherent_rotation,exact_qubo,0,0.21856485585977778,384
coherent_rotation_00,coherent_rotation,exact_qubo,1,0.19900994808699843,1608
coherent_rotation_00,coherent_rotation,exact_qubo,2,0.05331164449374791,2832
coherent_rotation_00,coherent_rotation,exact_qubo,3,0.02751456713135676,4056
coherent_rotation_00,coherent_rotation,random_qubo,0,0.21856485585977778,384
coherent_rotation_00,coherent_rotation,random_qubo,1,0.19900994808699843,1608
coherent_rotation_00,coherent_rotation,random_qubo,2,0.05331164449374791,2832
coherent_rotation_00,coherent_rotation,random_qubo,3,0.02644224399878909,4056
coherent_rotation_00,coherent_rotation,swap,0,0.21856485585977778,384
coherent_rotation_00,coherent_rotation,swap,1,0.19900994808699843,1608
coherent_rotation_00,coherent_rotation,swap,2,0.05331164449374791,2832
coherent_rotation_00,coherent_rotation,swap,3,0.02751456713135676,4056
coherent_rotation_00,coherent_rotation,qaoa_cold,0,0.21856485585977778,384
coherent_rotation_00,coherent_rotation,qaoa_cold,1,0.12195203371007572,1608
coherent_rotation_00,coherent_rotation,qaoa_cold,2,0.06759001051653811,2832
coherent_rotation_00,coherent_rotation,qaoa_cold,3,0.02872629716825399,4056
coherent_rotation_00,coherent_rotation,qaoa_transfer,0,0.21856485585977778,384
coherent_rotation_00,coherent_rotation,qaoa_transfer,1,0.12195203371007572,1608
coherent_rotation_00,coherent_rotation,qaoa_transfer,2,0.10455767036114856,2832
coherent_rotation_00,coherent_rotation,qaoa_transfer,3,0.06620385001797578,4056
coherent_rotation_01,coherent_rotation,greedy,0,0.15546193977820583,384
coherent_rotation_01,coherent_rotation,greedy,1,0.08995098043599695,1608
coherent_rotation_01,coherent_rotation,greedy,2,0.045673419213006494,2832
coherent_rotation_01,coherent_rotation,greedy,3,0.0561682510015648,4056
coherent_rotation_01,coherent_rotation,fixed_prior,0,0.15546193977820583,384
coherent_rotation_01,coherent_rotation,fixed_prior,1,0.12527639681159142,1608
coherent_rotation_01,coherent_rotation,fixed_prior,2,0.07817454033440357,2832
coherent_rotation_01,coherent_rotation,fixed_prior,3,0.039383191365328064,4056
coherent_rotation_01,coherent_rotation,exact_qubo,0,0.15546193977820583,384
coherent_rotation_01,coherent_rotation,exact_qubo,1,0.08995098043599695,1608
coherent_rotation_01,coherent_rotation,exact_qubo,2,0.045673419213006494,2832
coherent_rotation_01,coherent_rotation,exact_qubo,3,0.0561682510015648,4056
coherent_rotation_01,coherent_rotation,random_qubo,0,0.15546193977820583,384
coherent_rotation_01,coherent_rotation,random_qubo,1,0.08995098043599695,1608
coherent_rotation_01,coherent_rotation,random_qubo,2,0.045673419213006494,2832
coherent_rotation_01,coherent_rotation,random_qubo,3,0.03816615095936481,4056
coherent_rotation_01,coherent_rotation,swap,0,0.15546193977820583,384
coherent_rotation_01,coherent_rotation,swap,1,0.08995098043599695,1608
coherent_rotation_01,coherent_rotation,swap,2,0.045673419213006494,2832
coherent_rotation_01,coherent_rotation,swap,3,0.0561682510015648,4056
coherent_rotation_01,coherent_rotation,qaoa_cold,0,0.15546193977820583,384
coherent_rotation_01,coherent_rotation,qaoa_cold,1,0.08995098043599695,1608
coherent_rotation_01,coherent_rotation,qaoa_cold,2,0.04680285201972816,2832
coherent_rotation_01,coherent_rotation,qaoa_cold,3,0.056168079866547684,4056
coherent_rotation_01,coherent_rotation,qaoa_transfer,0,0.15546193977820583,384
coherent_rotation_01,coherent_rotation,qaoa_transfer,1,0.08995098043599695,1608
coherent_rotation_01,coherent_rotation,qaoa_transfer,2,0.04076888140030536,2832
coherent_rotation_01,coherent_rotation,qaoa_transfer,3,0.007652158079394397,4056
coherent_rotation_02,coherent_rotation,greedy,0,0.1963443029044883,384
coherent_rotation_02,coherent_rotation,greedy,1,0.1070721544524537,1608
coherent_rotation_02,coherent_rotation,greedy,2,0.03405548000065374,2832
coherent_rotation_02,coherent_rotation,greedy,3,0.019789945956402617,4056
coherent_rotation_02,coherent_rotation,fixed_prior,0,0.1963443029044883,384
coherent_rotation_02,coherent_rotation,fixed_prior,1,0.1995679193329421,1608
coherent_rotation_02,coherent_rotation,fixed_prior,2,0.023045530859293294,2832
coherent_rotation_02,coherent_rotation,fixed_prior,3,0.03774129964036336,4056
coherent_rotation_02,coherent_rotation,exact_qubo,0,0.1963443029044883,384
coherent_rotation_02,coherent_rotation,exact_qubo,1,0.11118349299026781,1608
coherent_rotation_02,coherent_rotation,exact_qubo,2,0.04386688764336969,2832
coherent_rotation_02,coherent_rotation,exact_qubo,3,0.027278595525631926,4056
coherent_rotation_02,coherent_rotation,random_qubo,0,0.1963443029044883,384
coherent_rotation_02,coherent_rotation,random_qubo,1,0.12020756345347772,1608
coherent_rotation_02,coherent_rotation,random_qubo,2,0.037453840304221504,2832
coherent_rotation_02,coherent_rotation,random_qubo,3,0.012772923058918367,4056
coherent_rotation_02,coherent_rotation,swap,0,0.1963443029044883,384
coherent_rotation_02,coherent_rotation,swap,1,0.11118349299026781,1608
coherent_rotation_02,coherent_rotation,swap,2,0.04386688764336969,2832
coherent_rotation_02,coherent_rotation,swap,3,0.027278595525631926,4056
coherent_rotation_02,coherent_rotation,qaoa_cold,0,0.1963443029044883,384
coherent_rotation_02,coherent_rotation,qaoa_cold,1,0.11473171529299739,1608
coherent_rotation_02,coherent_rotation,qaoa_cold,2,0.039362764133166236,2832
coherent_rotation_02,coherent_rotation,qaoa_cold,3,0.039471399166205096,4056
coherent_rotation_02,coherent_rotation,qaoa_transfer,0,0.1963443029044883,384
coherent_rotation_02,coherent_rotation,qaoa_transfer,1,0.11473171529299739,1608
coherent_rotation_02,coherent_rotation,qaoa_transfer,2,0.03091368049139374,2832
coherent_rotation_02,coherent_rotation,qaoa_transfer,3,0.03946751422144728,4056
coherent_rotation_03,coherent_rotation,greedy,0,0.2011612811076546,384
coherent_rotation_03,coherent_rotation,greedy,1,0.07283542664168317,1608
coherent_rotation_03,coherent_rotation,greedy,2,0.03445834083334846,2832
coherent_rotation_03,coherent_rotation,greedy,3,0.028438276902449305,4056
coherent_rotation_03,coherent_rotation,fixed_prior,0,0.2011612811076546,384
coherent_rotation_03,coherent_rotation,fixed_prior,1,0.14114953471150316,1608
coherent_rotation_03,coherent_rotation,fixed_prior,2,0.04231387120588788,2832
coherent_rotation_03,coherent_rotation,fixed_prior,3,0.0342962494927912,4056
coherent_rotation_03,coherent_rotation,exact_qubo,0,0.2011612811076546,384
coherent_rotation_03,coherent_rotation,exact_qubo,1,0.07283542664168317,1608
coherent_rotation_03,coherent_rotation,exact_qubo,2,0.03445834083334846,2832
coherent_rotation_03,coherent_rotation,exact_qubo,3,0.036291057307717124,4056
coherent_rotation_03,coherent_rotation,random_qubo,0,0.2011612811076546,384
coherent_rotation_03,coherent_rotation,random_qubo,1,0.07283542664168317,1608
coherent_rotation_03,coherent_rotation,random_qubo,2,0.03255277325630737,2832
coherent_rotation_03,coherent_rotation,random_qubo,3,0.02844295328268636,4056
coherent_rotation_03,coherent_rotation,swap,0,0.2011612811076546,384
coherent_rotation_03,coherent_rotation,swap,1,0.07283542664168317,1608
coherent_rotation_03,coherent_rotation,swap,2,0.03445834083334846,2832
coherent_rotation_03,coherent_rotation,swap,3,0.036291057307717124,4056
coherent_rotation_03,coherent_rotation,qaoa_cold,0,0.2011612811076546,384
coherent_rotation_03,coherent_rotation,qaoa_cold,1,0.07283542664168317,1608
coherent_rotation_03,coherent_rotation,qaoa_cold,2,0.03445834083334846,2832
coherent_rotation_03,coherent_rotation,qaoa_cold,3,0.032789397824013106,4056
coherent_rotation_03,coherent_rotation,qaoa_transfer,0,0.2011612811076546,384
coherent_rotation_03,coherent_rotation,qaoa_transfer,1,0.07283542664168317,1608
coherent_rotation_03,coherent_rotation,qaoa_transfer,2,0.03445834083334846,2832
coherent_rotation_03,coherent_rotation,qaoa_transfer,3,0.032789397824013106,4056
coherent_rotation_04,coherent_rotation,greedy,0,0.09165656734111177,384
coherent_rotation_04,coherent_rotation,greedy,1,0.11721101179888363,1608
coherent_rotation_04,coherent_rotation,greedy,2,0.08630479209620355,2832
coherent_rotation_04,coherent_rotation,greedy,3,0.06763796580514704,4056
coherent_rotation_04,coherent_rotation,fixed_prior,0,0.09165656734111177,384
coherent_rotation_04,coherent_rotation,fixed_prior,1,0.07576001213370823,1608
coherent_rotation_04,coherent_rotation,fixed_prior,2,0.03202210113778738,2832
coherent_rotation_04,coherent_rotation,fixed_prior,3,0.04697775709711597,4056
coherent_rotation_04,coherent_rotation,exact_qubo,0,0.09165656734111177,384
coherent_rotation_04,coherent_rotation,exact_qubo,1,0.09237572889177613,1608
coherent_rotation_04,coherent_rotation,exact_qubo,2,0.058164009073463786,2832
coherent_rotation_04,coherent_rotation,exact_qubo,3,0.02127689839810798,4056
coherent_rotation_04,coherent_rotation,random_qubo,0,0.09165656734111177,384
coherent_rotation_04,coherent_rotation,random_qubo,1,0.09237572889177613,1608
coherent_rotation_04,coherent_rotation,random_qubo,2,0.08019540748607443,2832
coherent_rotation_04,coherent_rotation,random_qubo,3,0.07016190251818276,4056
coherent_rotation_04,coherent_rotation,swap,0,0.09165656734111177,384
coherent_rotation_04,coherent_rotation,swap,1,0.09237572889177613,1608
coherent_rotation_04,coherent_rotation,swap,2,0.058164009073463786,2832
coherent_rotation_04,coherent_rotation,swap,3,0.02127689839810798,4056
coherent_rotation_04,coherent_rotation,qaoa_cold,0,0.09165656734111177,384
coherent_rotation_04,coherent_rotation,qaoa_cold,1,0.09237572889177613,1608
coherent_rotation_04,coherent_rotation,qaoa_cold,2,0.058164009073463786,2832
coherent_rotation_04,coherent_rotation,qaoa_cold,3,0.03499676735844587,4056
coherent_rotation_04,coherent_rotation,qaoa_transfer,0,0.09165656734111177,384
coherent_rotation_04,coherent_rotation,qaoa_transfer,1,0.09237572889177613,1608
coherent_rotation_04,coherent_rotation,qaoa_transfer,2,0.0628376164772868,2832
coherent_rotation_04,coherent_rotation,qaoa_transfer,3,0.03407289151886258,4056
driven_dissipation_00,driven_dissipation,greedy,0,0.0683663205772852,384
driven_dissipation_00,driven_dissipation,greedy,1,0.07103488122980903,1608
driven_dissipation_00,driven_dissipation,greedy,2,0.06724674710748152,2832
driven_dissipation_00,driven_dissipation,greedy,3,0.06954626765533509,4056
driven_dissipation_00,driven_dissipation,fixed_prior,0,0.0683663205772852,384
driven_dissipation_00,driven_dissipation,fixed_prior,1,0.06726794865126598,1608
driven_dissipation_00,driven_dissipation,fixed_prior,2,0.06711360794898825,2832
driven_dissipation_00,driven_dissipation,fixed_prior,3,0.05271975810176145,4056
driven_dissipation_00,driven_dissipation,exact_qubo,0,0.0683663205772852,384
driven_dissipation_00,driven_dissipation,exact_qubo,1,0.07103488122980903,1608
driven_dissipation_00,driven_dissipation,exact_qubo,2,0.06724674710748152,2832
driven_dissipation_00,driven_dissipation,exact_qubo,3,0.06954626765533509,4056
driven_dissipation_00,driven_dissipation,random_qubo,0,0.0683663205772852,384
driven_dissipation_00,driven_dissipation,random_qubo,1,0.07103488122980903,1608
driven_dissipation_00,driven_dissipation,random_qubo,2,0.0686154356891313,2832
driven_dissipation_00,driven_dissipation,random_qubo,3,0.07449229075934448,4056
driven_dissipation_00,driven_dissipation,swap,0,0.0683663205772852,384
driven_dissipation_00,driven_dissipation,swap,1,0.07103488122980903,1608
driven_dissipation_00,driven_dissipation,swap,2,0.06724674710748152,2832
driven_dissipation_00,driven_dissipation,swap,3,0.06954626765533509,4056
driven_dissipation_00,driven_dissipation,qaoa_cold,0,0.0683663205772852,384
driven_dissipation_00,driven_dissipation,qaoa_cold,1,0.05457915021308347,1608
driven_dissipation_00,driven_dissipation,qaoa_cold,2,0.07240308043070579,2832
driven_dissipation_00,driven_dissipation,qaoa_cold,3,0.06451499193560169,4056
driven_dissipation_00,driven_dissipation,qaoa_transfer,0,0.0683663205772852,384
driven_dissipation_00,driven_dissipation,qaoa_transfer,1,0.05457915021308347,1608
driven_dissipation_00,driven_dissipation,qaoa_transfer,2,0.06861665085028842,2832
driven_dissipation_00,driven_dissipation,qaoa_transfer,3,0.07191847759885156,4056
driven_dissipation_01,driven_dissipation,greedy,0,0.11155337712955671,384
driven_dissipation_01,driven_dissipation,greedy,1,0.07910880419491016,1608
driven_dissipation_01,driven_dissipation,greedy,2,0.06294778225674595,2832
driven_dissipation_01,driven_dissipation,greedy,3,0.04768644529865505,4056
driven_dissipation_01,driven_dissipation,fixed_prior,0,0.11155337712955671,384
driven_dissipation_01,driven_dissipation,fixed_prior,1,0.0819033731235545,1608
driven_dissipation_01,driven_dissipation,fixed_prior,2,0.03801330365224419,2832
driven_dissipation_01,driven_dissipation,fixed_prior,3,0.03242567611383857,4056
driven_dissipation_01,driven_dissipation,exact_qubo,0,0.11155337712955671,384
driven_dissipation_01,driven_dissipation,exact_qubo,1,0.07910880419491016,1608
driven_dissipation_01,driven_dissipation,exact_qubo,2,0.06294778225674595,2832
driven_dissipation_01,driven_dissipation,exact_qubo,3,0.04768644529865505,4056
driven_dissipation_01,driven_dissipation,random_qubo,0,0.11155337712955671,384
driven_dissipation_01,driven_dissipation,random_qubo,1,0.09298689290171988,1608
driven_dissipation_01,driven_dissipation,random_qubo,2,0.06294778225674595,2832
driven_dissipation_01,driven_dissipation,random_qubo,3,0.04768644529865505,4056
driven_dissipation_01,driven_dissipation,swap,0,0.11155337712955671,384
driven_dissipation_01,driven_dissipation,swap,1,0.07910880419491016,1608
driven_dissipation_01,driven_dissipation,swap,2,0.06294778225674595,2832
driven_dissipation_01,driven_dissipation,swap,3,0.04768644529865505,4056
driven_dissipation_01,driven_dissipation,qaoa_cold,0,0.11155337712955671,384
driven_dissipation_01,driven_dissipation,qaoa_cold,1,0.08617995604845784,1608
driven_dissipation_01,driven_dissipation,qaoa_cold,2,0.06963469726274546,2832
driven_dissipation_01,driven_dissipation,qaoa_cold,3,0.05327105110525835,4056
driven_dissipation_01,driven_dissipation,qaoa_transfer,0,0.11155337712955671,384
driven_dissipation_01,driven_dissipation,qaoa_transfer,1,0.08617995604845784,1608
driven_dissipation_01,driven_dissipation,qaoa_transfer,2,0.06963469726274546,2832
driven_dissipation_01,driven_dissipation,qaoa_transfer,3,0.041916378783348786,4056
driven_dissipation_02,driven_dissipation,greedy,0,0.12394295385969446,384
driven_dissipation_02,driven_dissipation,greedy,1,0.09636654150404325,1608
driven_dissipation_02,driven_dissipation,greedy,2,0.0883998837427033,2832
driven_dissipation_02,driven_dissipation,greedy,3,0.0681712687958061,4056
driven_dissipation_02,driven_dissipation,fixed_prior,0,0.12394295385969446,384
driven_dissipation_02,driven_dissipation,fixed_prior,1,0.1124855051484843,1608
driven_dissipation_02,driven_dissipation,fixed_prior,2,0.08684862984006325,2832
driven_dissipation_02,driven_dissipation,fixed_prior,3,0.07258781466709921,4056
driven_dissipation_02,driven_dissipation,exact_qubo,0,0.12394295385969446,384
driven_dissipation_02,driven_dissipation,exact_qubo,1,0.09636654150404325,1608
driven_dissipation_02,driven_dissipation,exact_qubo,2,0.0883998837427033,2832
driven_dissipation_02,driven_dissipation,exact_qubo,3,0.04022761490875751,4056
driven_dissipation_02,driven_dissipation,random_qubo,0,0.12394295385969446,384
driven_dissipation_02,driven_dissipation,random_qubo,1,0.09636654150404325,1608
driven_dissipation_02,driven_dissipation,random_qubo,2,0.0883998837427033,2832
driven_dissipation_02,driven_dissipation,random_qubo,3,0.03348716914361107,4056
driven_dissipation_02,driven_dissipation,swap,0,0.12394295385969446,384
driven_dissipation_02,driven_dissipation,swap,1,0.09636654150404325,1608
driven_dissipation_02,driven_dissipation,swap,2,0.0883998837427033,2832
driven_dissipation_02,driven_dissipation,swap,3,0.04022761490875751,4056
driven_dissipation_02,driven_dissipation,qaoa_cold,0,0.12394295385969446,384
driven_dissipation_02,driven_dissipation,qaoa_cold,1,0.1013495005424824,1608
driven_dissipation_02,driven_dissipation,qaoa_cold,2,0.09010966510142694,2832
driven_dissipation_02,driven_dissipation,qaoa_cold,3,0.06495283052673527,4056
driven_dissipation_02,driven_dissipation,qaoa_transfer,0,0.12394295385969446,384
driven_dissipation_02,driven_dissipation,qaoa_transfer,1,0.1013495005424824,1608
driven_dissipation_02,driven_dissipation,qaoa_transfer,2,0.09010966510142694,2832
driven_dissipation_02,driven_dissipation,qaoa_transfer,3,0.06495283052673527,4056
driven_dissipation_03,driven_dissipation,greedy,0,0.16072842623762837,384
driven_dissipation_03,driven_dissipation,greedy,1,0.06757494199273129,1608
driven_dissipation_03,driven_dissipation,greedy,2,0.052017603054217806,2832
driven_dissipation_03,driven_dissipation,greedy,3,0.06422220459853331,4056
driven_dissipation_03,driven_dissipation,fixed_prior,0,0.16072842623762837,384
driven_dissipation_03,driven_dissipation,fixed_prior,1,0.04974874612858271,1608
driven_dissipation_03,driven_dissipation,fixed_prior,2,0.03499573131675063,2832
driven_dissipation_03,driven_dissipation,fixed_prior,3,0.0342003955376575,4056
driven_dissipation_03,driven_dissipation,exact_qubo,0,0.16072842623762837,384
driven_dissipation_03,driven_dissipation,exact_qubo,1,0.07434830631570688,1608
driven_dissipation_03,driven_dissipation,exact_qubo,2,0.05201754447663155,2832
driven_dissipation_03,driven_dissipation,exact_qubo,3,0.06422220459853331,4056
driven_dissipation_03,driven_dissipation,random_qubo,0,0.16072842623762837,384
driven_dissipation_03,driven_dissipation,random_qubo,1,0.07434830631570688,1608
driven_dissipation_03,driven_dissipation,random_qubo,2,0.05001557581892743,2832
driven_dissipation_03,driven_dissipation,random_qubo,3,0.05298973461006487,4056
driven_dissipation_03,driven_dissipation,swap,0,0.16072842623762837,384
driven_dissipation_03,driven_dissipation,swap,1,0.07434830631570688,1608
driven_dissipation_03,driven_dissipation,swap,2,0.05201754447663155,2832
driven_dissipation_03,driven_dissipation,swap,3,0.06422220459853331,4056
driven_dissipation_03,driven_dissipation,qaoa_cold,0,0.16072842623762837,384
driven_dissipation_03,driven_dissipation,qaoa_cold,1,0.029986346968770738,1608
driven_dissipation_03,driven_dissipation,qaoa_cold,2,0.059203022615009794,2832
driven_dissipation_03,driven_dissipation,qaoa_cold,3,0.05339280751509259,4056
driven_dissipation_03,driven_dissipation,qaoa_transfer,0,0.16072842623762837,384
driven_dissipation_03,driven_dissipation,qaoa_transfer,1,0.029986346968770738,1608
driven_dissipation_03,driven_dissipation,qaoa_transfer,2,0.04586607707905671,2832
driven_dissipation_03,driven_dissipation,qaoa_transfer,3,0.04881785646988289,4056
driven_dissipation_04,driven_dissipation,greedy,0,0.09387339472218215,384
driven_dissipation_04,driven_dissipation,greedy,1,0.04313639016457967,1608
driven_dissipation_04,driven_dissipation,greedy,2,0.052455022229064556,2832
driven_dissipation_04,driven_dissipation,greedy,3,0.0348668106683879,4056
driven_dissipation_04,driven_dissipation,fixed_prior,0,0.09387339472218215,384
driven_dissipation_04,driven_dissipation,fixed_prior,1,0.04618990854426534,1608
driven_dissipation_04,driven_dissipation,fixed_prior,2,0.04649256758620909,2832
driven_dissipation_04,driven_dissipation,fixed_prior,3,0.038895992841303656,4056
driven_dissipation_04,driven_dissipation,exact_qubo,0,0.09387339472218215,384
driven_dissipation_04,driven_dissipation,exact_qubo,1,0.04313639016457967,1608
driven_dissipation_04,driven_dissipation,exact_qubo,2,0.052455022229064556,2832
driven_dissipation_04,driven_dissipation,exact_qubo,3,0.0348668106683879,4056
driven_dissipation_04,driven_dissipation,random_qubo,0,0.09387339472218215,384
driven_dissipation_04,driven_dissipation,random_qubo,1,0.03877329440708578,1608
driven_dissipation_04,driven_dissipation,random_qubo,2,0.04814065957636086,2832
driven_dissipation_04,driven_dissipation,random_qubo,3,0.044820360257045076,4056
driven_dissipation_04,driven_dissipation,swap,0,0.09387339472218215,384
driven_dissipation_04,driven_dissipation,swap,1,0.04313639016457967,1608
driven_dissipation_04,driven_dissipation,swap,2,0.052455022229064556,2832
driven_dissipation_04,driven_dissipation,swap,3,0.0348668106683879,4056
driven_dissipation_04,driven_dissipation,qaoa_cold,0,0.09387339472218215,384
driven_dissipation_04,driven_dissipation,qaoa_cold,1,0.06828452616334076,1608
driven_dissipation_04,driven_dissipation,qaoa_cold,2,0.05047893692342204,2832
driven_dissipation_04,driven_dissipation,qaoa_cold,3,0.02538274867278804,4056
driven_dissipation_04,driven_dissipation,qaoa_transfer,0,0.09387339472218215,384
driven_dissipation_04,driven_dissipation,qaoa_transfer,1,0.06828452616334076,1608
driven_dissipation_04,driven_dissipation,qaoa_transfer,2,0.03898027468046704,2832
driven_dissipation_04,driven_dissipation,qaoa_transfer,3,0.04391394426828871,4056
depolarizing_00,depolarizing,greedy,0,0.12416373346268739,384
depolarizing_00,depolarizing,greedy,1,0.11785969514197342,1608
depolarizing_00,depolarizing,greedy,2,0.10085714743293676,2832
depolarizing_00,depolarizing,greedy,3,0.08907766284925293,4056
depolarizing_00,depolarizing,fixed_prior,0,0.12416373346268739,384
depolarizing_00,depolarizing,fixed_prior,1,0.10140087829908763,1608
depolarizing_00,depolarizing,fixed_prior,2,0.08662294178438716,2832
depolarizing_00,depolarizing,fixed_prior,3,0.08465751248580235,4056
depolarizing_00,depolarizing,exact_qubo,0,0.12416373346268739,384
depolarizing_00,depolarizing,exact_qubo,1,0.11785969514197342,1608
depolarizing_00,depolarizing,exact_qubo,2,0.10085714743293676,2832
depolarizing_00,depolarizing,exact_qubo,3,0.08907766284925293,4056
depolarizing_00,depolarizing,random_qubo,0,0.12416373346268739,384
depolarizing_00,depolarizing,random_qubo,1,0.11798102947291221,1608
depolarizing_00,depolarizing,random_qubo,2,0.10177697546196629,2832
depolarizing_00,depolarizing,random_qubo,3,0.07222556108303879,4056
depolarizing_00,depolarizing,swap,0,0.12416373346268739,384
depolarizing_00,depolarizing,swap,1,0.11785969514197342,1608
depolarizing_00,depolarizing,swap,2,0.10085714743293676,2832
depolarizing_00,depolarizing,swap,3,0.08907766284925293,4056
depolarizing_00,depolarizing,qaoa_cold,0,0.12416373346268739,384
depolarizing_00,depolarizing,qaoa_cold,1,0.11561023455304376,1608
depolarizing_00,depolarizing,qaoa_cold,2,0.09824348998238316,2832
depolarizing_00,depolarizing,qaoa_cold,3,0.08314707959515942,4056
depolarizing_00,depolarizing,qaoa_transfer,0,0.12416373346268739,384
depolarizing_00,depolarizing,qaoa_transfer,1,0.11561023455304376,1608
depolarizing_00,depolarizing,qaoa_transfer,2,0.09824348998238316,2832
depolarizing_00,depolarizing,qaoa_transfer,3,0.08314707959515942,4056
depolarizing_01,depolarizing,greedy,0,0.17633971953714994,384
depolarizing_01,depolarizing,greedy,1,0.2005019141368091,1608
depolarizing_01,depolarizing,greedy,2,0.13206220345663758,2832
depolarizing_01,depolarizing,greedy,3,0.06654146839226281,4056
depolarizing_01,depolarizing,fixed_prior,0,0.17633971953714994,384
depolarizing_01,depolarizing,fixed_prior,1,0.14609247419504423,1608
depolarizing_01,depolarizing,fixed_prior,2,0.11488352681606587,2832
depolarizing_01,depolarizing,fixed_prior,3,0.09928037519876949,4056
depolarizing_01,depolarizing,exact_qubo,0,0.17633971953714994,384
depolarizing_01,depolarizing,exact_qubo,1,0.2005019141368091,1608
depolarizing_01,depolarizing,exact_qubo,2,0.13206220345663758,2832
depolarizing_01,depolarizing,exact_qubo,3,0.06654146839226281,4056
depolarizing_01,depolarizing,random_qubo,0,0.17633971953714994,384
depolarizing_01,depolarizing,random_qubo,1,0.2005019141368091,1608
depolarizing_01,depolarizing,random_qubo,2,0.13216597053935916,2832
depolarizing_01,depolarizing,random_qubo,3,0.0661841395080267,4056
depolarizing_01,depolarizing,swap,0,0.17633971953714994,384
depolarizing_01,depolarizing,swap,1,0.2005019141368091,1608
depolarizing_01,depolarizing,swap,2,0.13206220345663758,2832
depolarizing_01,depolarizing,swap,3,0.06654146839226281,4056
depolarizing_01,depolarizing,qaoa_cold,0,0.17633971953714994,384
depolarizing_01,depolarizing,qaoa_cold,1,0.20045859005900757,1608
depolarizing_01,depolarizing,qaoa_cold,2,0.13223794690000365,2832
depolarizing_01,depolarizing,qaoa_cold,3,0.0671559320585554,4056
depolarizing_01,depolarizing,qaoa_transfer,0,0.17633971953714994,384
depolarizing_01,depolarizing,qaoa_transfer,1,0.20045859005900757,1608
depolarizing_01,depolarizing,qaoa_transfer,2,0.13223794690000365,2832
depolarizing_01,depolarizing,qaoa_transfer,3,0.06472825278779869,4056
depolarizing_02,depolarizing,greedy,0,0.12599736929844196,384
depolarizing_02,depolarizing,greedy,1,0.10977192772826692,1608
depolarizing_02,depolarizing,greedy,2,0.09460979634711882,2832
depolarizing_02,depolarizing,greedy,3,0.06640320568079869,4056
depolarizing_02,depolarizing,fixed_prior,0,0.12599736929844196,384
depolarizing_02,depolarizing,fixed_prior,1,0.1094881501089372,1608
depolarizing_02,depolarizing,fixed_prior,2,0.09453267807572893,2832
depolarizing_02,depolarizing,fixed_prior,3,0.0981691933573573,4056
depolarizing_02,depolarizing,exact_qubo,0,0.12599736929844196,384
depolarizing_02,depolarizing,exact_qubo,1,0.10977192772826692,1608
depolarizing_02,depolarizing,exact_qubo,2,0.09460979634711882,2832
depolarizing_02,depolarizing,exact_qubo,3,0.06640320568079869,4056
depolarizing_02,depolarizing,random_qubo,0,0.12599736929844196,384
depolarizing_02,depolarizing,random_qubo,1,0.10977192772826692,1608
depolarizing_02,depolarizing,random_qubo,2,0.09460979634711882,2832
depolarizing_02,depolarizing,random_qubo,3,0.058822343453444316,4056
depolarizing_02,depolarizing,swap,0,0.12599736929844196,384
depolarizing_02,depolarizing,swap,1,0.10977192772826692,1608
depolarizing_02,depolarizing,swap,2,0.09460979634711882,2832
depolarizing_02,depolarizing,swap,3,0.06640320568079869,4056
depolarizing_02,depolarizing,qaoa_cold,0,0.12599736929844196,384
depolarizing_02,depolarizing,qaoa_cold,1,0.1292285828567407,1608
depolarizing_02,depolarizing,qaoa_cold,2,0.114331807934527,2832
depolarizing_02,depolarizing,qaoa_cold,3,0.07141581869051121,4056
depolarizing_02,depolarizing,qaoa_transfer,0,0.12599736929844196,384
depolarizing_02,depolarizing,qaoa_transfer,1,0.1292285828567407,1608
depolarizing_02,depolarizing,qaoa_transfer,2,0.114331807934527,2832
depolarizing_02,depolarizing,qaoa_transfer,3,0.056011713573822425,4056
depolarizing_03,depolarizing,greedy,0,0.10528413178446949,384
depolarizing_03,depolarizing,greedy,1,0.10110348027245045,1608
depolarizing_03,depolarizing,greedy,2,0.06677794618091373,2832
depolarizing_03,depolarizing,greedy,3,0.06888716703841576,4056
depolarizing_03,depolarizing,fixed_prior,0,0.10528413178446949,384
depolarizing_03,depolarizing,fixed_prior,1,0.10782191914235159,1608
depolarizing_03,depolarizing,fixed_prior,2,0.06345401494220616,2832
depolarizing_03,depolarizing,fixed_prior,3,0.046995202841146014,4056
depolarizing_03,depolarizing,exact_qubo,0,0.10528413178446949,384
depolarizing_03,depolarizing,exact_qubo,1,0.10110348027245045,1608
depolarizing_03,depolarizing,exact_qubo,2,0.06677794618091373,2832
depolarizing_03,depolarizing,exact_qubo,3,0.06888716703841576,4056
depolarizing_03,depolarizing,random_qubo,0,0.10528413178446949,384
depolarizing_03,depolarizing,random_qubo,1,0.10799715870349692,1608
depolarizing_03,depolarizing,random_qubo,2,0.06558394285072994,2832
depolarizing_03,depolarizing,random_qubo,3,0.0669066579917794,4056
depolarizing_03,depolarizing,swap,0,0.10528413178446949,384
depolarizing_03,depolarizing,swap,1,0.10110348027245045,1608
depolarizing_03,depolarizing,swap,2,0.06677794618091373,2832
depolarizing_03,depolarizing,swap,3,0.06888716703841576,4056
depolarizing_03,depolarizing,qaoa_cold,0,0.10528413178446949,384
depolarizing_03,depolarizing,qaoa_cold,1,0.1126315822174085,1608
depolarizing_03,depolarizing,qaoa_cold,2,0.0730168051243907,2832
depolarizing_03,depolarizing,qaoa_cold,3,0.06332904967677332,4056
depolarizing_03,depolarizing,qaoa_transfer,0,0.10528413178446949,384
depolarizing_03,depolarizing,qaoa_transfer,1,0.1126315822174085,1608
depolarizing_03,depolarizing,qaoa_transfer,2,0.05734910375447294,2832
depolarizing_03,depolarizing,qaoa_transfer,3,0.05980035360911877,4056
depolarizing_04,depolarizing,greedy,0,0.14896070039029644,384
depolarizing_04,depolarizing,greedy,1,0.13852415468849194,1608
depolarizing_04,depolarizing,greedy,2,0.14168425300003185,2832
depolarizing_04,depolarizing,greedy,3,0.05663794639300736,4056
depolarizing_04,depolarizing,fixed_prior,0,0.14896070039029644,384
depolarizing_04,depolarizing,fixed_prior,1,0.11164662301198787,1608
depolarizing_04,depolarizing,fixed_prior,2,0.12653970502494213,2832
depolarizing_04,depolarizing,fixed_prior,3,0.11640498822487719,4056
depolarizing_04,depolarizing,exact_qubo,0,0.14896070039029644,384
depolarizing_04,depolarizing,exact_qubo,1,0.13852415468849194,1608
depolarizing_04,depolarizing,exact_qubo,2,0.14168425300003185,2832
depolarizing_04,depolarizing,exact_qubo,3,0.06997096727875274,4056
depolarizing_04,depolarizing,random_qubo,0,0.14896070039029644,384
depolarizing_04,depolarizing,random_qubo,1,0.13852415468849194,1608
depolarizing_04,depolarizing,random_qubo,2,0.14168425300003185,2832
depolarizing_04,depolarizing,random_qubo,3,0.06997096727875274,4056
depolarizing_04,depolarizing,swap,0,0.14896070039029644,384
depolarizing_04,depolarizing,swap,1,0.13852415468849194,1608
depolarizing_04,depolarizing,swap,2,0.14168425300003185,2832
depolarizing_04,depolarizing,swap,3,0.06997096727875274,4056
depolarizing_04,depolarizing,qaoa_cold,0,0.14896070039029644,384
depolarizing_04,depolarizing,qaoa_cold,1,0.13852415468849194,1608
depolarizing_04,depolarizing,qaoa_cold,2,0.14063395124863884,2832
depolarizing_04,depolarizing,qaoa_cold,3,0.06517090848832847,4056
depolarizing_04,depolarizing,qaoa_transfer,0,0.14896070039029644,384
depolarizing_04,depolarizing,qaoa_transfer,1,0.13852415468849194,1608
depolarizing_04,depolarizing,qaoa_transfer,2,0.13823326560503096,2832
depolarizing_04,depolarizing,qaoa_transfer,3,0.06865753329524339,4056
