first,second,mean,se,df,ci_low,ci_high,channels
qaoa_transfer,qaoa_cold,0.0028936946063046584,0.0029789091686654276,10.258069131327037,-0.0037211639459942725,0.00950855315860359,30
qaoa_transfer,greedy,0.002194031683906994,0.003821687061427877,10.939631721864446,-0.0062231114700391655,0.010611174837853154,30
qaoa_cold,greedy,-0.0006996629223976649,0.002270303419258948,14.992214516928348,-0.005538918990738986,0.004139593145943657,30
qaoa_transfer,exact_qubo,0.002689966244553969,0.0037330473741597303,13.151020212048335,-0.005365388117538684,0.010745320606646623,30
qaoa_transfer,swap,0.002689966244553969,0.0037330473741597303,13.151020212048335,-0.005365388117538684,0.010745320606646623,30
qaoa_transfer,random_qubo,0.00237035177602394,0.0037392081571370095,12.531811835498043,-0.005738502357753154,0.010479205909801035,30
qaoa_transfer,fixed_prior,-0.0023409166376298102,0.004618477520762344,17.969632499007428,-0.01204515335407763,0.007363320078818009,30
greedy,fixed_prior,-0.004534948321536804,0.005046116124294579,13.469554428382029,-0.015397913934937016,0.006328017291863409,30
exact_qubo,greedy,-0.0004959345606469755,0.0026555427914742025,10.947888866899648,-0.0063441409463555615,0.00535227182506161,30
