id,family,instance,policy,rmse,channel_applications,characterization_shots,objective_shots,sample_shots,gradient_evaluations,total_shots,stationary,material_refit,refit_gain,gradient_norm
amplitude_damping_00,amplitude_damping,0,greedy,0.06042352574744034,4056,3036,0,0,5245,3036,True,False,0.0,9.592440691005747e-07
amplitude_damping_00,amplitude_damping,0,fixed_prior,0.05880683653938484,4056,1506,0,0,7265,1506,True,False,0.0,2.168129434597772e-07
amplitude_damping_00,amplitude_damping,0,exact_qubo,0.0584348434397596,4056,2934,0,0,8700,2934,True,False,2.183808689437683e-12,9.867756615306934e-07
amplitude_damping_00,amplitude_damping,0,random_qubo,0.06597017425042853,4056,2832,0,0,9761,2832,True,False,0.0,9.644324345617331e-07
amplitude_damping_00,amplitude_damping,0,swap,0.0584348434397596,4056,2934,0,0,8700,2934,True,False,2.183808689437683e-12,9.867756615306934e-07
amplitude_damping_00,amplitude_damping,0,qaoa_cold,0.09211820122296217,4056,3291,7680,768,5112,11739,True,False,0.0,9.940176579916136e-07
amplitude_damping_00,amplitude_damping,0,qaoa_transfer,0.12568652167561087,4056,3342,9472,768,16147,13582,True,False,0.0,9.92234269285872e-07
amplitude_damping_01,amplitude_damping,1,greedy,0.040685992697260684,4056,1523,0,0,8513,1523,True,False,0.0,9.714326619360137e-07
amplitude_damping_01,amplitude_damping,1,fixed_prior,0.04095575091329335,4056,1506,0,0,6446,1506,True,False,0.0,8.149020474779011e-07
amplitude_damping_01,amplitude_damping,1,exact_qubo,0.0395058330100366,4056,1506,0,0,5366,1506,True,False,0.0,8.232114409851132e-07
amplitude_damping_01,amplitude_damping,1,random_qubo,0.040787682072639955,4056,1489,0,0,6268,1489,True,False,0.0,8.186300037041329e-07
amplitude_damping_01,amplitude_damping,1,swap,0.0395058330100366,4056,1506,0,0,5366,1506,True,False,0.0,8.232114409851132e-07
amplitude_damping_01,amplitude_damping,1,qaoa_cold,0.039704093736151566,4056,1302,8064,768,10764,10134,True,False,0.0,7.270935535776765e-07
amplitude_damping_01,amplitude_damping,1,qaoa_transfer,0.040824984150621045,4056,1234,7808,768,14188,9810,True,False,0.0,8.930492834326057e-07
amplitude_damping_02,amplitude_damping,2,greedy,0.04714225000614494,4056,1557,0,0,6872,1557,True,False,0.0,9.420691149643007e-07
amplitude_damping_02,amplitude_damping,2,fixed_prior,0.0468542722907176,4056,1506,0,0,7535,1506,True,False,0.0,8.023730649196701e-07
amplitude_damping_02,amplitude_damping,2,exact_qubo,0.04714225000614494,4056,1557,0,0,6872,1557,True,False,0.0,9.420691149643007e-07
amplitude_damping_02,amplitude_damping,2,random_qubo,0.0673530352387003,4056,1829,0,0,4001,1829,True,False,0.0,9.059676076387555e-07
amplitude_damping_02,amplitude_damping,2,swap,0.04714225000614494,4056,1557,0,0,6872,1557,True,False,0.0,9.420691149643007e-07
amplitude_damping_02,amplitude_damping,2,qaoa_cold,0.06172894465189635,4056,1574,8064,768,5599,10406,True,False,0.0,7.567430821670445e-07
amplitude_damping_02,amplitude_damping,2,qaoa_transfer,0.057637059260104595,4056,1319,8320,768,7301,10407,True,False,0.0,9.682521811362e-07
amplitude_damping_03,amplitude_damping,3,greedy,0.0444749472128987,4056,1200,0,0,19404,1200,True,False,0.0,9.836765560621886e-07
amplitude_damping_03,amplitude_damping,3,fixed_prior,0.03622661792980889,4056,1506,0,0,5873,1506,True,False,0.0,9.73068346068486e-07
amplitude_damping_03,amplitude_damping,3,exact_qubo,0.0444749472128987,4056,1200,0,0,19404,1200,True,False,0.0,9.836765560621886e-07
amplitude_damping_03,amplitude_damping,3,random_qubo,0.04015760149010023,4056,1149,0,0,18487,1149,True,False,0.0,8.866040600020557e-07
amplitude_damping_03,amplitude_damping,3,swap,0.0444749472128987,4056,1200,0,0,19404,1200,True,False,0.0,9.836765560621886e-07
amplitude_damping_03,amplitude_damping,3,qaoa_cold,0.04319128472901517,4056,1608,9344,768,14391,11720,True,False,1.2383997161080629e-08,2.4777299715360772e-05
amplitude_damping_03,amplitude_damping,3,qaoa_transfer,0.04192688091414901,4056,1642,8704,768,15022,11114,True,False,1.2054914733106159e-08,1.1811097810540833e-05
amplitude_damping_04,amplitude_damping,4,greedy,0.021884011994261682,4056,2118,0,0,10978,2118,True,False,2.3487106259878487e-08,3.822918314452668e-05
amplitude_damping_04,amplitude_damping,4,fixed_prior,0.03393040446646009,4056,1506,0,0,4256,1506,True,False,0.0,9.652074247857187e-07
amplitude_damping_04,amplitude_damping,4,exact_qubo,0.021884011994261682,4056,2118,0,0,10978,2118,True,False,2.3487106259878487e-08,3.822918314452668e-05
amplitude_damping_04,amplitude_damping,4,random_qubo,0.027027168489905516,4056,2220,0,0,5626,2220,True,False,0.0,8.706720623396069e-07
amplitude_damping_04,amplitude_damping,4,swap,0.021884011994261682,4056,2118,0,0,10978,2118,True,False,2.3487106259878487e-08,3.822918314452668e-05
amplitude_damping_04,amplitude_damping,4,qaoa_cold,0.014539258621814185,4056,2254,8576,768,6430,11598,True,False,0.0,9.496072252576743e-07
amplitude_damping_04,amplitude_damping,4,qaoa_transfer,0.025743121434042913,4056,2441,8064,768,9970,11273,True,False,0.0,9.430798334323313e-07
thermal_relaxation_00,thermal_relaxation,0,greedy,0.07208511077309615,4056,1319,0,0,14198,1319,True,False,0.0,9.628578820899348e-07
thermal_relaxation_00,thermal_relaxation,0,fixed_prior,0.0737497637313325,4056,1506,0,0,13194,1506,True,False,0.0,9.114678208365964e-07
thermal_relaxation_00,thermal_relaxation,0,exact_qubo,0.07208511077309615,4056,1319,0,0,14198,1319,True,False,0.0,9.628578820899348e-07
thermal_relaxation_00,thermal_relaxation,0,random_qubo,0.07513742124178482,4056,1421,0,0,17479,1421,True,False,0.0,9.631932647428622e-07
thermal_relaxation_00,thermal_relaxation,0,swap,0.07208511077309615,4056,1319,0,0,14198,1319,True,False,0.0,9.628578820899348e-07
thermal_relaxation_00,thermal_relaxation,0,qaoa_cold,0.06803174286084482,4056,1557,7936,768,17362,10261,True,False,0.0,9.951295303549127e-07
thermal_relaxation_00,thermal_relaxation,0,qaoa_transfer,0.07376049312170754,4056,1200,8192,768,14383,10160,True,False,0.0,9.910889101563967e-07
thermal_relaxation_01,thermal_relaxation,1,greedy,0.05285145247799444,4056,1217,0,0,15252,1217,True,False,0.0,9.77314743608527e-07
thermal_relaxation_01,thermal_relaxation,1,fixed_prior,0.04585033928158825,4056,1506,0,0,7726,1506,True,False,0.0,8.896129065551218e-07
thermal_relaxation_01,thermal_relaxation,1,exact_qubo,0.04898029930705739,4056,1234,0,0,9432,1234,True,False,0.0,8.673099164979296e-07
thermal_relaxation_01,thermal_relaxation,1,random_qubo,0.05593670063844437,4056,1149,0,0,12910,1149,True,False,2.7538060720644353e-10,7.638758248570352e-06
thermal_relaxation_01,thermal_relaxation,1,swap,0.04898029930705739,4056,1234,0,0,9432,1234,True,False,0.0,8.673099164979296e-07
thermal_relaxation_01,thermal_relaxation,1,qaoa_cold,0.050846521015713665,4056,1234,9600,768,13618,11602,True,False,0.0,9.70524599708687e-07
thermal_relaxation_01,thermal_relaxation,1,qaoa_transfer,0.04348272869798509,4056,1183,7808,768,12085,9759,True,False,0.0,9.193897985036918e-07
thermal_relaxation_02,thermal_relaxation,2,greedy,0.07160863490442936,4056,1234,0,0,13887,1234,True,False,0.0,9.99730330489485e-07
thermal_relaxation_02,thermal_relaxation,2,fixed_prior,0.06062499165774606,4056,1506,0,0,11973,1506,True,False,0.0,9.41096259077394e-07
thermal_relaxation_02,thermal_relaxation,2,exact_qubo,0.0734352840593257,4056,1336,0,0,13726,1336,True,False,0.0,9.777901194129915e-07
thermal_relaxation_02,thermal_relaxation,2,random_qubo,0.06704489802466526,4056,1438,0,0,9235,1438,True,False,0.0,9.905902987400263e-07
thermal_relaxation_02,thermal_relaxation,2,swap,0.0734352840593257,4056,1336,0,0,13726,1336,True,False,0.0,9.777901194129915e-07
thermal_relaxation_02,thermal_relaxation,2,qaoa_cold,0.05701776707354017,4056,1421,7296,768,18640,9485,True,False,0.0,9.535505774420337e-07
thermal_relaxation_02,thermal_relaxation,2,qaoa_transfer,0.09030641483578354,4056,1523,7808,768,21103,10099,True,False,0.0,9.442815431086114e-07
thermal_relaxation_03,thermal_relaxation,3,greedy,0.03833947470475846,4056,2373,0,0,7729,2373,True,False,0.0,9.75115581956589e-07
thermal_relaxation_03,thermal_relaxation,3,fixed_prior,0.07618143253779215,4056,1506,0,0,5341,1506,True,False,0.0,9.99730296538294e-07
thermal_relaxation_03,thermal_relaxation,3,exact_qubo,0.03019109714848897,4056,2067,0,0,10732,2067,True,False,0.0,9.978953973140505e-07
thermal_relaxation_03,thermal_relaxation,3,random_qubo,0.03019109714848897,4056,2067,0,0,10732,2067,True,False,0.0,9.978953973140505e-07
thermal_relaxation_03,thermal_relaxation,3,swap,0.03019109714848897,4056,2067,0,0,10732,2067,True,False,0.0,9.978953973140505e-07
thermal_relaxation_03,thermal_relaxation,3,qaoa_cold,0.029219591724777852,4056,1965,7936,768,11525,10669,True,False,5.89069726331104e-09,8.28785874319032e-06
thermal_relaxation_03,thermal_relaxation,3,qaoa_transfer,0.04255166070407686,4056,1948,7936,768,9931,10652,True,False,0.0,9.634006553880094e-07
thermal_relaxation_04,thermal_relaxation,4,greedy,0.058388581763766594,4056,2084,0,0,5965,2084,True,False,0.0,5.357830440893069e-07
thermal_relaxation_04,thermal_relaxation,4,fixed_prior,0.10687380014508567,4056,1506,0,0,3660,1506,True,False,0.0,8.853525141469321e-07
thermal_relaxation_04,thermal_relaxation,4,exact_qubo,0.058388581763766594,4056,2084,0,0,5965,2084,True,False,0.0,5.357830440893069e-07
thermal_relaxation_04,thermal_relaxation,4,random_qubo,0.0760977760778928,4056,1948,0,0,6971,1948,True,False,0.0,6.741795125070283e-07
thermal_relaxation_04,thermal_relaxation,4,swap,0.058388581763766594,4056,2084,0,0,5965,2084,True,False,0.0,5.357830440893069e-07
thermal_relaxation_04,thermal_relaxation,4,qaoa_cold,0.06728896059332615,4056,2033,8832,768,6609,11633,True,False,0.0,6.949340280231535e-07
thermal_relaxation_04,thermal_relaxation,4,qaoa_transfer,0.08307679373373265,4056,1761,8448,768,7960,10977,True,False,0.0,8.568508528014066e-07
dephasing_00,dephasing,0,greedy,0.09266734575604357,4056,2050,0,0,7245,2050,True,False,0.0,9.833265594143732e-07
dephasing_00,dephasing,0,fixed_prior,0.03156039731941087,4056,1506,0,0,8904,1506,True,False,0.0,9.88945085119189e-07
dephasing_00,dephasing,0,exact_qubo,0.07824343580773843,4056,1727,0,0,3834,1727,True,False,4.419797861032748e-13,8.068988200897576e-07
dephasing_00,dephasing,0,random_qubo,0.0654410298528315,4056,2016,0,0,3515,2016,True,False,0.0,7.732441703331938e-07
dephasing_00,dephasing,0,swap,0.07824343580773843,4056,1727,0,0,3834,1727,True,False,4.419797861032748e-13,8.068988200897576e-07
dephasing_00,dephasing,0,qaoa_cold,0.07185861806775352,4056,1829,7936,768,4807,10533,True,False,0.0,9.666095494925118e-07
dephasing_00,dephasing,0,qaoa_transfer,0.0771003518867225,4056,1795,8704,768,9967,11267,True,False,7.748434116550129e-10,3.6504508161607435e-06
dephasing_01,dephasing,1,greedy,0.047422977541539534,4056,1608,0,0,4184,1608,True,False,6.944445019030354e-13,9.781037322904542e-07
dephasing_01,dephasing,1,fixed_prior,0.03590911934888924,4056,1506,0,0,9130,1506,True,False,0.0,9.890115808764045e-07
dephasing_01,dephasing,1,exact_qubo,0.047422977541539534,4056,1608,0,0,4184,1608,True,False,6.944445019030354e-13,9.781037322904542e-07
dephasing_01,dephasing,1,random_qubo,0.047422977541539534,4056,1608,0,0,4184,1608,True,False,6.944445019030354e-13,9.781037322904542e-07
dephasing_01,dephasing,1,swap,0.047422977541539534,4056,1608,0,0,4184,1608,True,False,6.944445019030354e-13,9.781037322904542e-07
dephasing_01,dephasing,1,qaoa_cold,0.041856788894730414,4056,1914,8704,768,4358,11386,True,False,0.0,9.29430672390831e-07
dephasing_01,dephasing,1,qaoa_transfer,0.04545871295658245,4056,1710,8960,768,9330,11438,True,False,5.129940916503983e-11,1.3709834874806681e-06
dephasing_02,dephasing,2,greedy,0.03646606681623965,4056,2322,0,0,5829,2322,True,False,0.0,8.507718811418055e-07
dephasing_02,dephasing,2,fixed_prior,0.07782018617080126,4056,1506,0,0,4798,1506,True,False,4.2743586448068527e-13,9.793149016714617e-07
dephasing_02,dephasing,2,exact_qubo,0.03349872562150466,4056,2322,0,0,5772,2322,True,False,0.0,8.701480065689357e-07
dephasing_02,dephasing,2,random_qubo,0.05406855953002694,4056,2407,0,0,7857,2407,True,False,1.511013536514838e-13,8.790276912310803e-07
dephasing_02,dephasing,2,swap,0.03349872562150466,4056,2322,0,0,5772,2322,True,False,0.0,8.701480065689357e-07
dephasing_02,dephasing,2,qaoa_cold,0.04414888085692373,4056,2118,8448,768,6887,11334,True,False,0.0,9.981873953354004e-07
dephasing_02,dephasing,2,qaoa_transfer,0.039876457097312204,4056,2118,7680,768,6589,10566,True,False,0.0,9.802770075892455e-07
dephasing_03,dephasing,3,greedy,0.05084264863173619,4056,860,0,0,18458,860,True,False,0.0,9.9785573030085e-07
dephasing_03,dephasing,3,fixed_prior,0.10186728314957941,4056,1506,0,0,10537,1506,True,False,0.0,9.453626438501998e-07
dephasing_03,dephasing,3,exact_qubo,0.09658197652426291,4056,877,0,0,21280,877,True,False,2.2177149006097352e-11,1.4102395705931262e-06
dephasing_03,dephasing,3,random_qubo,0.07663970150394148,4056,860,0,0,21085,860,True,False,0.0,9.482636648963407e-07
dephasing_03,dephasing,3,swap,0.09658197652426291,4056,877,0,0,21280,877,True,False,2.2177149006097352e-11,1.4102395705931262e-06
dephasing_03,dephasing,3,qaoa_cold,0.060510880308172726,4056,962,7296,768,18854,9026,True,False,0.0,9.372632186213357e-07
dephasing_03,dephasing,3,qaoa_transfer,0.0657186963712903,4056,979,7680,768,18753,9427,True,False,0.0,9.844799195648303e-07
dephasing_04,dephasing,4,greedy,0.05266425179772833,4056,1234,0,0,8400,1234,True,False,0.0,9.75601996898151e-07
dephasing_04,dephasing,4,fixed_prior,0.04017603442545679,4056,1506,0,0,7617,1506,True,False,0.0,9.067706031943848e-07
dephasing_04,dephasing,4,exact_qubo,0.06735780909732496,4056,1285,0,0,12514,1285,True,False,0.0,9.77108701825006e-07
dephasing_04,dephasing,4,random_qubo,0.06032713479354399,4056,1149,0,0,6112,1149,True,False,3.647082635893639e-13,9.107421966133257e-07
dephasing_04,dephasing,4,swap,0.06735780909732496,4056,1285,0,0,12514,1285,True,False,0.0,9.77108701825006e-07
dephasing_04,dephasing,4,qaoa_cold,0.05152782218232454,4056,1319,8448,768,6384,10535,True,False,0.0,9.69856973840776e-07
dephasing_04,dephasing,4,qaoa_transfer,0.04708424536769166,4056,1421,8704,768,5977,10893,True,False,0.0,9.812679453105523e-07
coherent_rotation_00,coherent_rotation,0,greedy,0.02644224399878909,4056,2339,0,0,13677,2339,True,False,0.0,9.104628297985532e-07
coherent_rotation_00,coherent_rotation,0,fixed_prior,0.05239021663369229,4056,1506,0,0,17119,1506,True,False,0.0,9.693566897204027e-07
coherent_rotation_00,coherent_rotation,0,exact_qubo,0.02751456713135676,4056,2339,0,0,13344,2339,True,False,0.0,9.874872957610915e-07
coherent_rotation_00,coherent_rotation,0,random_qubo,0.02644224399878909,4056,2339,0,0,13677,2339,True,False,0.0,9.104628297985532e-07
coherent_rotation_00,coherent_rotation,0,swap,0.02751456713135676,4056,2339,0,0,13344,2339,True,False,0.0,9.874872957610915e-07
coherent_rotation_00,coherent_rotation,0,qaoa_cold,0.02872629716825399,4056,2322,8064,768,13297,11154,True,False,0.0,9.917544563525746e-07
coherent_rotation_00,coherent_rotation,0,qaoa_transfer,0.06620385001797578,4056,2322,8576,768,14040,11666,True,False,0.0,9.850890005128698e-07
coherent_rotation_01,coherent_rotation,1,greedy,0.0561682510015648,4056,1591,0,0,8574,1591,True,False,0.0,6.847760053533742e-07
coherent_rotation_01,coherent_rotation,1,fixed_prior,0.039383191365328064,4056,1506,0,0,12569,1506,True,False,0.0,9.383108704333102e-07
coherent_rotation_01,coherent_rotation,1,exact_qubo,0.0561682510015648,4056,1591,0,0,8574,1591,True,False,0.0,6.847760053533742e-07
coherent_rotation_01,coherent_rotation,1,random_qubo,0.03816615095936481,4056,1608,0,0,8406,1608,True,False,0.0,9.505084744451821e-07
coherent_rotation_01,coherent_rotation,1,swap,0.0561682510015648,4056,1591,0,0,8574,1591,True,False,0.0,6.847760053533742e-07
coherent_rotation_01,coherent_rotation,1,qaoa_cold,0.056168079866547684,4056,1591,7936,768,9110,10295,True,False,0.0,7.111545802021031e-07
coherent_rotation_01,coherent_rotation,1,qaoa_transfer,0.007652158079394397,4056,1625,7936,768,13503,10329,True,False,0.0,9.960812509446908e-07
coherent_rotation_02,coherent_rotation,2,greedy,0.019789945956402617,4056,860,0,0,16326,860,True,False,0.0,9.68428171855373e-07
coherent_rotation_02,coherent_rotation,2,fixed_prior,0.03774129964036336,4056,1506,0,0,12706,1506,True,False,0.0,9.72897711142977e-07
coherent_rotation_02,coherent_rotation,2,exact_qubo,0.027278595525631926,4056,843,0,0,16217,843,True,False,0.0,9.532538154809907e-07
coherent_rotation_02,coherent_rotation,2,random_qubo,0.012772923058918367,4056,860,0,0,14578,860,True,False,0.0,6.221269928392445e-07
coherent_rotation_02,coherent_rotation,2,swap,0.027278595525631926,4056,843,0,0,16217,843,True,False,0.0,9.532538154809907e-07
coherent_rotation_02,coherent_rotation,2,qaoa_cold,0.039471399166205096,4056,911,8064,768,17716,9743,True,False,0.0,2.9271575201868686e-07
coherent_rotation_02,coherent_rotation,2,qaoa_transfer,0.03946751422144728,4056,945,7808,768,10268,9521,True,False,0.0,9.508915007055058e-07
coherent_rotation_03,coherent_rotation,3,greedy,0.028438276902449305,4056,1132,0,0,3057,1132,True,False,0.0,7.949360838097478e-07
coherent_rotation_03,coherent_rotation,3,fixed_prior,0.0342962494927912,4056,1506,0,0,8781,1506,True,False,0.0,9.157317989048918e-07
coherent_rotation_03,coherent_rotation,3,exact_qubo,0.036291057307717124,4056,1132,0,0,3535,1132,True,False,0.0,9.629366093244463e-07
coherent_rotation_03,coherent_rotation,3,random_qubo,0.02844295328268636,4056,1115,0,0,5111,1115,True,False,0.0,8.761842353159021e-07
coherent_rotation_03,coherent_rotation,3,swap,0.036291057307717124,4056,1132,0,0,3535,1132,True,False,0.0,9.629366093244463e-07
coherent_rotation_03,coherent_rotation,3,qaoa_cold,0.032789397824013106,4056,1132,9344,768,3360,11244,True,False,0.0,8.666567487917341e-07
coherent_rotation_03,coherent_rotation,3,qaoa_transfer,0.032789397824013106,4056,1132,8448,768,3360,10348,True,False,0.0,8.666567487917341e-07
coherent_rotation_04,coherent_rotation,4,greedy,0.06763796580514704,4056,1472,0,0,7524,1472,True,False,0.0,9.965597560250856e-07
coherent_rotation_04,coherent_rotation,4,fixed_prior,0.04697775709711597,4056,1506,0,0,19163,1506,True,False,3.0944048434733418e-09,8.385969068104913e-06
coherent_rotation_04,coherent_rotation,4,exact_qubo,0.02127689839810798,4056,1166,0,0,8554,1166,True,False,0.0,9.984345436452812e-07
coherent_rotation_04,coherent_rotation,4,random_qubo,0.07016190251818276,4056,1234,0,0,7110,1234,True,False,0.0,9.503258245021206e-07
coherent_rotation_04,coherent_rotation,4,swap,0.02127689839810798,4056,1166,0,0,8554,1166,True,False,0.0,9.984345436452812e-07
coherent_rotation_04,coherent_rotation,4,qaoa_cold,0.03499676735844587,4056,1268,8320,768,7826,10356,True,False,0.0,9.739882516397953e-07
coherent_rotation_04,coherent_rotation,4,qaoa_transfer,0.03407289151886258,4056,1166,8576,768,9111,10510,True,False,0.0,8.758866579720531e-07
driven_dissipation_00,driven_dissipation,0,greedy,0.06954626765533509,4056,2424,0,0,10630,2424,True,False,0.0,9.955597784040977e-07
driven_dissipation_00,driven_dissipation,0,fixed_prior,0.05271975810176145,4056,1506,0,0,7419,1506,True,False,0.0,9.467650677411154e-07
driven_dissipation_00,driven_dissipation,0,exact_qubo,0.06954626765533509,4056,2424,0,0,10630,2424,True,False,0.0,9.955597784040977e-07
driven_dissipation_00,driven_dissipation,0,random_qubo,0.07449229075934448,4056,2220,0,0,10352,2220,True,False,0.0,9.92495933754759e-07
driven_dissipation_00,driven_dissipation,0,swap,0.06954626765533509,4056,2424,0,0,10630,2424,True,False,0.0,9.955597784040977e-07
driven_dissipation_00,driven_dissipation,0,qaoa_cold,0.06451499193560169,4056,2628,8192,768,8175,11588,True,False,0.0,9.959238038694079e-07
driven_dissipation_00,driven_dissipation,0,qaoa_transfer,0.07191847759885156,4056,2322,8320,768,6837,11410,True,False,0.0,9.833726001182095e-07
driven_dissipation_01,driven_dissipation,1,greedy,0.04768644529865505,4056,3444,0,0,12134,3444,True,False,0.0,9.90721035318581e-07
driven_dissipation_01,driven_dissipation,1,fixed_prior,0.03242567611383857,4056,1506,0,0,16714,1506,True,False,0.0,9.456517074503964e-07
driven_dissipation_01,driven_dissipation,1,exact_qubo,0.04768644529865505,4056,3444,0,0,12134,3444,True,False,0.0,9.90721035318581e-07
driven_dissipation_01,driven_dissipation,1,random_qubo,0.04768644529865505,4056,3444,0,0,12536,3444,True,False,0.0,9.90721035318581e-07
driven_dissipation_01,driven_dissipation,1,swap,0.04768644529865505,4056,3444,0,0,12134,3444,True,False,0.0,9.90721035318581e-07
driven_dissipation_01,driven_dissipation,1,qaoa_cold,0.05327105110525835,4056,3036,7552,768,14349,11356,True,False,0.0,9.944447736563515e-07
driven_dissipation_01,driven_dissipation,1,qaoa_transfer,0.041916378783348786,4056,2832,7680,768,13791,11280,True,False,0.0,9.873575695026255e-07
driven_dissipation_02,driven_dissipation,2,greedy,0.0681712687958061,4056,2271,0,0,13322,2271,True,False,0.0,9.880950437086397e-07
driven_dissipation_02,driven_dissipation,2,fixed_prior,0.07258781466709921,4056,1506,0,0,12446,1506,True,False,0.0,9.654205372935708e-07
driven_dissipation_02,driven_dissipation,2,exact_qubo,0.04022761490875751,4056,2679,0,0,11706,2679,True,False,0.0,9.676547332533474e-07
driven_dissipation_02,driven_dissipation,2,random_qubo,0.03348716914361107,4056,2679,0,0,14052,2679,True,False,0.0,9.90439276038642e-07
driven_dissipation_02,driven_dissipation,2,swap,0.04022761490875751,4056,2679,0,0,11706,2679,True,False,0.0,9.676547332533474e-07
driven_dissipation_02,driven_dissipation,2,qaoa_cold,0.06495283052673527,4056,2679,8320,768,12384,11767,True,False,0.0,9.821985823261103e-07
driven_dissipation_02,driven_dissipation,2,qaoa_transfer,0.06495283052673527,4056,2679,8320,768,12384,11767,True,False,0.0,9.821985823261103e-07
driven_dissipation_03,driven_dissipation,3,greedy,0.06422220459853331,4056,2628,0,0,9666,2628,True,False,0.0,9.947030295222406e-07
driven_dissipation_03,driven_dissipation,3,fixed_prior,0.0342003955376575,4056,1506,0,0,14040,1506,True,False,4.3822612205701716e-11,1.7230542311125384e-06
driven_dissipation_03,driven_dissipation,3,exact_qubo,0.06422220459853331,4056,2628,0,0,9629,2628,True,False,0.0,9.947030295222406e-07
driven_dissipation_03,driven_dissipation,3,random_qubo,0.05298973461006487,4056,2832,0,0,9150,2832,True,False,0.0,9.97599457184354e-07
driven_dissipation_03,driven_dissipation,3,swap,0.06422220459853331,4056,2628,0,0,9629,2628,True,False,0.0,9.947030295222406e-07
driven_dissipation_03,driven_dissipation,3,qaoa_cold,0.05339280751509259,4056,2526,7808,768,9424,11102,True,False,0.0,9.814767013078703e-07
driven_dissipation_03,driven_dissipation,3,qaoa_transfer,0.04881785646988289,4056,2832,7808,768,11272,11408,True,False,0.0,9.956107356523946e-07
driven_dissipation_04,driven_dissipation,4,greedy,0.0348668106683879,4056,2832,0,0,9325,2832,True,False,0.0,9.964635220017442e-07
driven_dissipation_04,driven_dissipation,4,fixed_prior,0.038895992841303656,4056,1506,0,0,4434,1506,True,False,0.0,9.186572329498595e-07
driven_dissipation_04,driven_dissipation,4,exact_qubo,0.0348668106683879,4056,2832,0,0,9325,2832,True,False,0.0,9.964635220017442e-07
driven_dissipation_04,driven_dissipation,4,random_qubo,0.044820360257045076,4056,3036,0,0,12537,3036,True,False,0.0,9.996599170475947e-07
driven_dissipation_04,driven_dissipation,4,swap,0.0348668106683879,4056,2832,0,0,9325,2832,True,False,0.0,9.964635220017442e-07
driven_dissipation_04,driven_dissipation,4,qaoa_cold,0.02538274867278804,4056,2832,8192,768,10796,11792,True,False,0.0,9.949251901317902e-07
driven_dissipation_04,driven_dissipation,4,qaoa_transfer,0.04391394426828871,4056,2730,8832,768,7224,12330,True,False,0.0,9.934195934568878e-07
depolarizing_00,depolarizing,0,greedy,0.08907766284925293,4056,2424,0,0,20584,2424,True,False,0.0,9.906886464916863e-07
depolarizing_00,depolarizing,0,fixed_prior,0.08465751248580235,4056,1506,0,0,21396,1506,True,False,0.0,9.932525284363338e-07
depolarizing_00,depolarizing,0,exact_qubo,0.08907766284925293,4056,2424,0,0,20584,2424,True,False,0.0,9.906886464916863e-07
depolarizing_00,depolarizing,0,random_qubo,0.07222556108303879,4056,3036,0,0,20218,3036,True,False,0.0,9.934293312406447e-07
depolarizing_00,depolarizing,0,swap,0.08907766284925293,4056,2424,0,0,20584,2424,True,False,0.0,9.906886464916863e-07
depolarizing_00,depolarizing,0,qaoa_cold,0.08314707959515942,4056,2934,8320,768,20490,12022,True,False,0.0,9.863676802227329e-07
depolarizing_00,depolarizing,0,qaoa_transfer,0.08314707959515942,4056,2934,7680,768,20490,11382,True,False,0.0,9.863676802227329e-07
depolarizing_01,depolarizing,1,greedy,0.06654146839226281,4056,1472,0,0,8741,1472,True,False,0.0,9.83282319517295e-07
depolarizing_01,depolarizing,1,fixed_prior,0.09928037519876949,4056,1506,0,0,8864,1506,True,False,0.0,9.159696815283135e-07
depolarizing_01,depolarizing,1,exact_qubo,0.06654146839226281,4056,1472,0,0,8741,1472,True,False,0.0,9.83282319517295e-07
depolarizing_01,depolarizing,1,random_qubo,0.0661841395080267,4056,1540,0,0,8541,1540,True,False,0.0,9.336767076429942e-07
depolarizing_01,depolarizing,1,swap,0.06654146839226281,4056,1472,0,0,8741,1472,True,False,0.0,9.83282319517295e-07
depolarizing_01,depolarizing,1,qaoa_cold,0.0671559320585554,4056,1863,7808,768,14592,10439,True,False,0.0,9.834083411695619e-07
depolarizing_01,depolarizing,1,qaoa_transfer,0.06472825278779869,4056,1761,8320,768,10101,10849,True,False,0.0,9.694251210953003e-07
depolarizing_02,depolarizing,2,greedy,0.06640320568079869,4056,2271,0,0,10539,2271,True,False,0.0,9.914730586874651e-07
depolarizing_02,depolarizing,2,fixed_prior,0.0981691933573573,4056,1506,0,0,11343,1506,True,False,0.0,8.370822065565243e-07
depolarizing_02,depolarizing,2,exact_qubo,0.06640320568079869,4056,2271,0,0,10539,2271,True,False,0.0,9.914730586874651e-07
depolarizing_02,depolarizing,2,random_qubo,0.058822343453444316,4056,2373,0,0,11680,2373,True,False,0.0,9.917869572206853e-07
depolarizing_02,depolarizing,2,swap,0.06640320568079869,4056,2271,0,0,10539,2271,True,False,0.0,9.914730586874651e-07
depolarizing_02,depolarizing,2,qaoa_cold,0.07141581869051121,4056,2271,8960,768,12945,11999,True,False,0.0,9.911619971210148e-07
depolarizing_02,depolarizing,2,qaoa_transfer,0.056011713573822425,4056,2186,7936,768,13173,10890,True,False,0.0,9.876523181917923e-07
depolarizing_03,depolarizing,3,greedy,0.06888716703841576,4056,3648,0,0,10163,3648,True,False,0.0,9.9343957359227e-07
depolarizing_03,depolarizing,3,fixed_prior,0.046995202841146014,4056,1506,0,0,6753,1506,True,False,0.0,9.815786014764847e-07
depolarizing_03,depolarizing,3,exact_qubo,0.06888716703841576,4056,3648,0,0,10163,3648,True,False,0.0,9.9343957359227e-07
depolarizing_03,depolarizing,3,random_qubo,0.0669066579917794,4056,3852,0,0,10497,3852,True,False,0.0,9.946389854493432e-07
depolarizing_03,depolarizing,3,swap,0.06888716703841576,4056,3648,0,0,10163,3648,True,False,0.0,9.9343957359227e-07
depolarizing_03,depolarizing,3,qaoa_cold,0.06332904967677332,4056,3648,7552,768,14238,11968,True,False,0.0,9.938477564181367e-07
depolarizing_03,depolarizing,3,qaoa_transfer,0.05980035360911877,4056,3240,7552,768,12261,11560,True,False,0.0,9.9281322272336e-07
depolarizing_04,depolarizing,4,greedy,0.05663794639300736,4056,2033,0,0,17322,2033,True,False,0.0,9.880104516527026e-07
depolarizing_04,depolarizing,4,fixed_prior,0.11640498822487719,4056,1506,0,0,11344,1506,True,False,0.0,9.822626133924188e-07
depolarizing_04,depolarizing,4,exact_qubo,0.06997096727875274,4056,2067,0,0,16755,2067,True,False,1.9115820037995945e-12,9.862977529609365e-07
depolarizing_04,depolarizing,4,random_qubo,0.06997096727875274,4056,2067,0,0,16755,2067,True,False,1.9115820037995945e-12,9.862977529609365e-07
depolarizing_04,depolarizing,4,swap,0.06997096727875274,4056,2067,0,0,16755,2067,True,False,1.9115820037995945e-12,9.862977529609365e-07
depolarizing_04,depolarizing,4,qaoa_cold,0.06517090848832847,4056,2169,7936,768,17556,10873,True,False,0.0,9.875369380536627e-07
depolarizing_04,depolarizing,4,qaoa_transfer,0.06865753329524339,4056,1948,8576,768,17794,11292,True,False,0.0,6.646572456310565e-07
