n,b,depth,cap,mean,se,df,ci_low,ci_high,channels,primary
8,3,1,20,-0.0021199866526096576,0.0025819628768122592,17.83872667446009,-0.007548006732948344,0.003308033427729029,30,False
8,3,1,80,-0.002664576338304555,0.0022313437498391836,15.873871157240021,-0.007397870251166141,0.002068717574557031,30,False
8,3,2,20,0.002504815271057981,0.00421549137622515,17.181396621856663,-0.0063819465677388675,0.011391577109854828,30,False
8,3,2,80,0.004439870855488495,0.004825142382616528,13.694996616830158,-0.0059306951140625395,0.01481043682503953,30,False
10,3,1,20,0.004443977703230718,0.0018877205307814816,21.845312744257964,0.0005274770394358376,0.008360478367025598,30,False
10,3,1,80,0.001040089557664609,0.0037187744624007342,11.503559518334523,-0.007101375698104063,0.00918155481343328,30,False
10,3,2,20,0.006951451432974332,0.0038809157798725615,18.316415932574586,-0.0011919656004668938,0.015094868466415556,30,False
10,3,2,80,0.003476961057620031,0.004278569562317595,17.396956594102527,-0.005534366789735996,0.012488288904976058,30,False
12,3,1,20,-0.0018300324400558276,0.0024256104012753865,16.174833925568837,-0.006967583292928621,0.003307518412816966,30,False
12,3,1,80,0.006737362104267863,0.0028686722836842944,13.457500100918232,0.0005613213223002664,0.01291340288623546,30,False
12,3,2,20,0.004280204645586073,0.0035972390842851218,18.176059587409437,-0.00327207036636457,0.011832479657536716,30,False
12,3,2,80,0.006846469925036462,0.0028403373947903394,20.101863667664322,0.000923554069983513,0.012769385780089411,30,False
14,3,1,20,0.002322878081449344,0.0028316285201211286,13.871915013954586,-0.0037556261991313106,0.008401382362029999,30,True
14,3,1,80,0.0035578828805497755,0.0024920650432097105,18.343290317367025,-0.0016707369014384377,0.008786502662537988,30,False
14,3,2,20,-0.0004221905860704424,0.0035900516026975172,15.78027397016841,-0.00804138158496756,0.007197000412826676,30,False
14,3,2,80,-0.01196113396105585,0.0033190635611588006,21.46552449232123,-0.018854401112755513,-0.005067866809356186,30,False
14,5,1,20,0.0032399423252111054,0.0018138311493571047,16.78549378318114,-0.0005906356271407984,0.007070520277563009,30,False
14,5,1,80,0.0018841353530715968,0.0015467595389355555,18.854250848071686,-0.0013549642404605364,0.00512323494660373,30,False
14,5,2,20,0.0012453318450680374,0.0028949304879522532,21.79652639111838,-0.004761637673019889,0.0072523013631559646,30,False
14,5,2,80,0.007004415623300196,0.0023389847265147465,16.6779764210213,0.0020623209082939378,0.011946510338306454,30,False
