id,family,n,b,depth,cap,cold,transfer,difference
amplitude_damping_00,amplitude_damping,8,3,1,20,0.2329403549019665,0.22926804550733204,-0.0036723093946344487
amplitude_damping_00,amplitude_damping,8,3,1,80,0.22440441881343295,0.20173529992227857,-0.02266911889115439
amplitude_damping_00,amplitude_damping,8,3,2,20,0.22745277168192998,0.22585664432284513,-0.001596127359084848
amplitude_damping_00,amplitude_damping,8,3,2,80,0.2359255297017179,0.2284990937445133,-0.007426435957204602
amplitude_damping_00,amplitude_damping,10,3,1,20,0.20993221413718868,0.19954047118021181,-0.010391742956976868
amplitude_damping_00,amplitude_damping,10,3,1,80,0.1976863999040325,0.2097804047820917,0.0120940048780592
amplitude_damping_00,amplitude_damping,10,3,2,20,0.17627231410138547,0.17715143199345215,0.0008791178920666831
amplitude_damping_00,amplitude_damping,10,3,2,80,0.18969975392112634,0.1917520169907091,0.002052263069582755
amplitude_damping_00,amplitude_damping,12,3,1,20,0.19399876037794764,0.18994088004994847,-0.004057880327999169
amplitude_damping_00,amplitude_damping,12,3,1,80,0.21063959940485222,0.23598977303552393,0.025350173630671713
amplitude_damping_00,amplitude_damping,12,3,2,20,0.2434632808222348,0.22769008699536242,-0.015773193826872395
amplitude_damping_00,amplitude_damping,12,3,2,80,0.18577174493513804,0.19875752531305876,0.012985780377920725
amplitude_damping_00,amplitude_damping,14,3,1,20,0.21386704155457478,0.22109475926675062,0.007227717712175841
amplitude_damping_00,amplitude_damping,14,3,1,80,0.25478570553290075,0.2490807660029969,-0.005704939529903863
amplitude_damping_00,amplitude_damping,14,3,2,20,0.2312661812950656,0.2475261151943362,0.016259933899270607
amplitude_damping_00,amplitude_damping,14,3,2,80,0.23882425018148298,0.21730421231183328,-0.021520037869649705
amplitude_damping_00,amplitude_damping,14,5,1,20,0.14808534479649357,0.13942979043352008,-0.008655554362973494
amplitude_damping_00,amplitude_damping,14,5,1,80,0.15055745416746866,0.14975879531573397,-0.0007986588517346904
amplitude_damping_00,amplitude_damping,14,5,2,20,0.16992458426719623,0.1720134493645369,0.0020888650973406864
amplitude_damping_00,amplitude_damping,14,5,2,80,0.14144186935663644,0.1547299419920782,0.013288072635441767
amplitude_damping_01,amplitude_damping,8,3,1,20,0.17317174338578564,0.1786299285397135,0.005458185153927847
amplitude_damping_01,amplitude_damping,8,3,1,80,0.29164546434180066,0.2740958695902855,-0.017549594751515185
amplitude_damping_01,amplitude_damping,8,3,2,20,0.23493326510837723,0.22367332076058458,-0.01125994434779265
amplitude_damping_01,amplitude_damping,8,3,2,80,0.22394043536702965,0.2077226580489814,-0.016217777318048243
amplitude_damping_01,amplitude_damping,10,3,1,20,0.19978124939585484,0.21067714821975161,0.010895898823896771
amplitude_damping_01,amplitude_damping,10,3,1,80,0.18689543850709822,0.20829368620770697,0.021398247700608747
amplitude_damping_01,amplitude_damping,10,3,2,20,0.17041258860776812,0.1918240608585741,0.021411472250805974
amplitude_damping_01,amplitude_damping,10,3,2,80,0.17746222401706982,0.19957132974192068,0.022109105724850864
amplitude_damping_01,amplitude_damping,12,3,1,20,0.23642595398252494,0.25247164518076853,0.01604569119824359
amplitude_damping_01,amplitude_damping,12,3,1,80,0.19713884919417746,0.20743414321953738,0.010295294025359919
amplitude_damping_01,amplitude_damping,12,3,2,20,0.15754911540039437,0.18728614243990763,0.029737027039513253
amplitude_damping_01,amplitude_damping,12,3,2,80,0.18089664947604378,0.1787468553480296,-0.002149794128014193
amplitude_damping_01,amplitude_damping,14,3,1,20,0.25512506132844154,0.20215795877888576,-0.05296710254955578
amplitude_damping_01,amplitude_damping,14,3,1,80,0.19612680196988208,0.19441922669653358,-0.0017075752733484995
amplitude_damping_01,amplitude_damping,14,3,2,20,0.20399859920236027,0.2342286801932344,0.030230080990874125
amplitude_damping_01,amplitude_damping,14,3,2,80,0.24005196384199315,0.19762935723798533,-0.04242260660400782
amplitude_damping_01,amplitude_damping,14,5,1,20,0.16027515971887948,0.16559882280602126,0.005323663087141772
amplitude_damping_01,amplitude_damping,14,5,1,80,0.18828005617476865,0.18580270850687122,-0.0024773476678974227
amplitude_damping_01,amplitude_damping,14,5,2,20,0.1559396811395581,0.14369046160591795,-0.012249219533640165
amplitude_damping_01,amplitude_damping,14,5,2,80,0.18269864688354298,0.18361494057526315,0.0009162936917201658
amplitude_damping_02,amplitude_damping,8,3,1,20,0.1575241456267947,0.17680187289549723,0.019277727268702527
amplitude_damping_02,amplitude_damping,8,3,1,80,0.22972985237865728,0.20732790115110386,-0.022401951227553424
amplitude_damping_02,amplitude_damping,8,3,2,20,0.20971516048259176,0.19778870754960956,-0.011926452932982196
amplitude_damping_02,amplitude_damping,8,3,2,80,0.21856531459839781,0.2019637305039245,-0.01660158409447332
amplitude_damping_02,amplitude_damping,10,3,1,20,0.18090112268323924,0.1780286881323144,-0.0028724345509248406
amplitude_damping_02,amplitude_damping,10,3,1,80,0.18567240820974543,0.17243849669438693,-0.013233911515358493
amplitude_damping_02,amplitude_damping,10,3,2,20,0.1840920838601301,0.17513820703283486,-0.008953876827295232
amplitude_damping_02,amplitude_damping,10,3,2,80,0.19955656061101767,0.17431401481636133,-0.025242545794656346
amplitude_damping_02,amplitude_damping,12,3,1,20,0.13987042281294224,0.1441899943809868,0.004319571568044578
amplitude_damping_02,amplitude_damping,12,3,1,80,0.15223957305473956,0.1556316935215829,0.0033921204668433402
amplitude_damping_02,amplitude_damping,12,3,2,20,0.18215232484454677,0.15769106772403776,-0.024461257120509006
amplitude_damping_02,amplitude_damping,12,3,2,80,0.18590466995057964,0.185679317502187,-0.00022535244839264057
amplitude_damping_02,amplitude_damping,14,3,1,20,0.1856689152044554,0.18653346553497263,0.0008645503305172442
amplitude_damping_02,amplitude_damping,14,3,1,80,0.15290272016160522,0.1602141268942049,0.007311406732599668
amplitude_damping_02,amplitude_damping,14,3,2,20,0.17479528796817112,0.18622053316949247,0.011425245201321349
amplitude_damping_02,amplitude_damping,14,3,2,80,0.170218507069091,0.17619569880386818,0.005977191734777176
amplitude_damping_02,amplitude_damping,14,5,1,20,0.22263312529978105,0.23096497380014222,0.008331848500361172
amplitude_damping_02,amplitude_damping,14,5,1,80,0.21629194868983367,0.21309558041216337,-0.0031963682776703084
amplitude_damping_02,amplitude_damping,14,5,2,20,0.2349354659467903,0.21552205987201242,-0.019413406074777873
amplitude_damping_02,amplitude_damping,14,5,2,80,0.19454368618163018,0.19942638236535537,0.004882696183725194
amplitude_damping_03,amplitude_damping,8,3,1,20,0.16257575026598425,0.19409808881087331,0.03152233854488906
amplitude_damping_03,amplitude_damping,8,3,1,80,0.16221562916550727,0.16722679299761153,0.0050111638321042595
amplitude_damping_03,amplitude_damping,8,3,2,20,0.13770485118488723,0.15938167323393002,0.021676822049042782
amplitude_damping_03,amplitude_damping,8,3,2,80,0.13859680835336033,0.1581666166516406,0.019569808298280283
amplitude_damping_03,amplitude_damping,10,3,1,20,0.17041188280875819,0.18208771628914708,0.011675833480388892
amplitude_damping_03,amplitude_damping,10,3,1,80,0.16533840304605033,0.1521019617310048,-0.013236441315045533
amplitude_damping_03,amplitude_damping,10,3,2,20,0.14218916413291557,0.1424405314310809,0.0002513672981653281
amplitude_damping_03,amplitude_damping,10,3,2,80,0.18590763788851372,0.14311140032990952,-0.042796237558604205
amplitude_damping_03,amplitude_damping,12,3,1,20,0.1714701175620359,0.18051855221410332,0.009048434652067422
amplitude_damping_03,amplitude_damping,12,3,1,80,0.154458611717707,0.17851167508941504,0.02405306337170804
amplitude_damping_03,amplitude_damping,12,3,2,20,0.16485994777895144,0.1836760065874075,0.01881605880845605
amplitude_damping_03,amplitude_damping,12,3,2,80,0.16177836089766032,0.16236427804986428,0.000585917152203963
amplitude_damping_03,amplitude_damping,14,3,1,20,0.16719392128318325,0.1739719551242703,0.00677803384108705
amplitude_damping_03,amplitude_damping,14,3,1,80,0.17173204576414922,0.17360630605814095,0.0018742602939917363
amplitude_damping_03,amplitude_damping,14,3,2,20,0.1703863414221869,0.1624470896871023,-0.007939251735084585
amplitude_damping_03,amplitude_damping,14,3,2,80,0.1752577108204342,0.1701755484332127,-0.005082162387221506
amplitude_damping_03,amplitude_damping,14,5,1,20,0.2432712503403122,0.2438267680422889,0.0005555177019767044
amplitude_damping_03,amplitude_damping,14,5,1,80,0.21149117330170827,0.2126477828007178,0.001156609499009531
amplitude_damping_03,amplitude_damping,14,5,2,20,0.24526181079470244,0.2580833015607609,0.012821490766058485
amplitude_damping_03,amplitude_damping,14,5,2,80,0.22811768430018523,0.24291990499399904,0.014802220693813817
amplitude_damping_04,amplitude_damping,8,3,1,20,0.1677588214621997,0.16112804463410446,-0.006630776828095236
amplitude_damping_04,amplitude_damping,8,3,1,80,0.20046065505066646,0.17919217688675457,-0.02126847816391189
amplitude_damping_04,amplitude_damping,8,3,2,20,0.14893312542554435,0.1362886975826302,-0.012644427842914141
amplitude_damping_04,amplitude_damping,8,3,2,80,0.18402277167328754,0.19196824448444647,0.007945472811158927
amplitude_damping_04,amplitude_damping,10,3,1,20,0.1386649510831687,0.14502542927265802,0.006360478189489316
amplitude_damping_04,amplitude_damping,10,3,1,80,0.1664792869259487,0.18896819361240821,0.022488906686459503
amplitude_damping_04,amplitude_damping,10,3,2,20,0.15666540157429976,0.18452992970570767,0.027864528131407912
amplitude_damping_04,amplitude_damping,10,3,2,80,0.16942898983576438,0.17911525089296754,0.00968626105720316
amplitude_damping_04,amplitude_damping,12,3,1,20,0.14949447562185916,0.14932918927489863,-0.00016528634696053035
amplitude_damping_04,amplitude_damping,12,3,1,80,0.15255635458834713,0.14969750765243423,-0.002858846935912901
amplitude_damping_04,amplitude_damping,12,3,2,20,0.1757261759434411,0.21477838660398477,0.03905221066054368
amplitude_damping_04,amplitude_damping,12,3,2,80,0.1700365346039182,0.20576752460266326,0.03573098999874505
amplitude_damping_04,amplitude_damping,14,3,1,20,0.20678707095614046,0.1941621270373475,-0.012624943918792958
amplitude_damping_04,amplitude_damping,14,3,1,80,0.19259718692645603,0.1933004418347859,0.00070325490832987
amplitude_damping_04,amplitude_damping,14,3,2,20,0.22800838225005485,0.1903465621900092,-0.03766182006004565
amplitude_damping_04,amplitude_damping,14,3,2,80,0.21442792503664523,0.22687790280597664,0.012449977769331405
amplitude_damping_04,amplitude_damping,14,5,1,20,0.15702911408473322,0.16347200321488217,0.006442889130148954
amplitude_damping_04,amplitude_damping,14,5,1,80,0.2267257204767221,0.20906232487935292,-0.01766339559736918
amplitude_damping_04,amplitude_damping,14,5,2,20,0.16613698013502176,0.18110376782262835,0.014966787687606592
amplitude_damping_04,amplitude_damping,14,5,2,80,0.19290927153967322,0.19796914594777984,0.005059874408106624
coherent_rotation_00,coherent_rotation,8,3,1,20,0.2751831834357669,0.2755780526206262,0.0003948691848592589
coherent_rotation_00,coherent_rotation,8,3,1,80,0.23945797537325916,0.2371935315486986,-0.0022644438245605636
coherent_rotation_00,coherent_rotation,8,3,2,20,0.3081608749962595,0.2962690800848921,-0.011891794911367382
coherent_rotation_00,coherent_rotation,8,3,2,80,0.2930152498131991,0.3018833141871176,0.008868064373918516
coherent_rotation_00,coherent_rotation,10,3,1,20,0.23618145363912302,0.23481965003105332,-0.0013618036080697005
coherent_rotation_00,coherent_rotation,10,3,1,80,0.19828910947854994,0.20041146299009274,0.0021223535115428016
coherent_rotation_00,coherent_rotation,10,3,2,20,0.2095601431279843,0.18522472027023484,-0.02433542285774945
coherent_rotation_00,coherent_rotation,10,3,2,80,0.2788378767569225,0.2586786365752645,-0.02015924018165799
coherent_rotation_00,coherent_rotation,12,3,1,20,0.32544976955991683,0.3034478994058379,-0.02200187015407895
coherent_rotation_00,coherent_rotation,12,3,1,80,0.2762206765320383,0.27246867041924994,-0.003752006112788364
coherent_rotation_00,coherent_rotation,12,3,2,20,0.25004524403924133,0.26025495984913904,0.010209715809897713
coherent_rotation_00,coherent_rotation,12,3,2,80,0.2744722224883299,0.2714195794836009,-0.0030526430047290165
coherent_rotation_00,coherent_rotation,14,3,1,20,0.26048984160053007,0.25669754078796464,-0.00379230081256543
coherent_rotation_00,coherent_rotation,14,3,1,80,0.2663932142357458,0.2966648650305453,0.030271650794799487
coherent_rotation_00,coherent_rotation,14,3,2,20,0.22974970405362505,0.2201309966720532,-0.009618707381571862
coherent_rotation_00,coherent_rotation,14,3,2,80,0.2143201528906621,0.20739867603405196,-0.006921476856610154
coherent_rotation_00,coherent_rotation,14,5,1,20,0.23074096667634394,0.24044141849502365,0.009700451818679706
coherent_rotation_00,coherent_rotation,14,5,1,80,0.23087100089320126,0.238158416689862,0.007287415796660757
coherent_rotation_00,coherent_rotation,14,5,2,20,0.20942879788428806,0.22554753856760112,0.016118740683313065
coherent_rotation_00,coherent_rotation,14,5,2,80,0.23127185800465053,0.23780120521095927,0.006529347206308739
coherent_rotation_01,coherent_rotation,8,3,1,20,0.2241444111719868,0.19508679003611365,-0.029057621135873152
coherent_rotation_01,coherent_rotation,8,3,1,80,0.19630158271012,0.19070990073297814,-0.005591681977141855
coherent_rotation_01,coherent_rotation,8,3,2,20,0.19337398680884185,0.16558910289267634,-0.027784883916165515
coherent_rotation_01,coherent_rotation,8,3,2,80,0.19465439089408273,0.19852207433262112,0.003867683438538383
coherent_rotation_01,coherent_rotation,10,3,1,20,0.21804961538875137,0.21555372059252434,-0.0024958947962270273
coherent_rotation_01,coherent_rotation,10,3,1,80,0.2466525664702405,0.22097020941263382,-0.025682357057606686
coherent_rotation_01,coherent_rotation,10,3,2,20,0.2608282031024271,0.2591913123150355,-0.0016368907873915983
coherent_rotation_01,coherent_rotation,10,3,2,80,0.21140083660722334,0.228829238105792,0.01742840149856867
coherent_rotation_01,coherent_rotation,12,3,1,20,0.3099310243084928,0.3000098082251607,-0.009921216083332074
coherent_rotation_01,coherent_rotation,12,3,1,80,0.2323891581297769,0.2593248145864871,0.0269356564567102
coherent_rotation_01,coherent_rotation,12,3,2,20,0.26200213432675684,0.26894985438894325,0.006947720062186413
coherent_rotation_01,coherent_rotation,12,3,2,80,0.23526950402609118,0.22506546595315838,-0.010204038072932797
coherent_rotation_01,coherent_rotation,14,3,1,20,0.2564992726351645,0.2590867919972775,0.0025875193621130443
coherent_rotation_01,coherent_rotation,14,3,1,80,0.22736805203830765,0.22697500043324528,-0.0003930516050623667
coherent_rotation_01,coherent_rotation,14,3,2,20,0.24599087992408328,0.25014102618871464,0.004150146264631366
coherent_rotation_01,coherent_rotation,14,3,2,80,0.243145672504411,0.24895290131465064,0.005807228810239651
coherent_rotation_01,coherent_rotation,14,5,1,20,0.2138055661567989,0.22673514378276516,0.012929577625966249
coherent_rotation_01,coherent_rotation,14,5,1,80,0.21950110682341872,0.21787413583495174,-0.0016269709884669803
coherent_rotation_01,coherent_rotation,14,5,2,20,0.21215031038277754,0.2251784471622231,0.01302813677944556
coherent_rotation_01,coherent_rotation,14,5,2,80,0.1909469167999025,0.22283304108512378,0.03188612428522128
coherent_rotation_02,coherent_rotation,8,3,1,20,0.2293013974383363,0.22411570901547262,-0.005185688422863682
coherent_rotation_02,coherent_rotation,8,3,1,80,0.23427536687850828,0.23318808035578495,-0.0010872865227233297
coherent_rotation_02,coherent_rotation,8,3,2,20,0.21105383627517335,0.22592560846024431,0.014871772185070964
coherent_rotation_02,coherent_rotation,8,3,2,80,0.2082860810373112,0.20940159162484115,0.0011155105875299554
coherent_rotation_02,coherent_rotation,10,3,1,20,0.20532905701227597,0.2046443743546357,-0.0006846826576402676
coherent_rotation_02,coherent_rotation,10,3,1,80,0.1864124113268167,0.18640593615205714,-6.47517475957371e-06
coherent_rotation_02,coherent_rotation,10,3,2,20,0.1578331711787825,0.20623900157101627,0.048405830392233756
coherent_rotation_02,coherent_rotation,10,3,2,80,0.19793507788073025,0.18951805373867733,-0.00841702414205292
coherent_rotation_02,coherent_rotation,12,3,1,20,0.22009546870790528,0.22372815048786454,0.0036326817799592626
coherent_rotation_02,coherent_rotation,12,3,1,80,0.18653766924502604,0.1853229064753843,-0.0012147627696417473
coherent_rotation_02,coherent_rotation,12,3,2,20,0.19113601617791906,0.1974876780911041,0.006351661913185036
coherent_rotation_02,coherent_rotation,12,3,2,80,0.18726909979504078,0.19196330847282592,0.004694208677785139
coherent_rotation_02,coherent_rotation,14,3,1,20,0.1533021355303133,0.1502496648698416,-0.0030524706604717067
coherent_rotation_02,coherent_rotation,14,3,1,80,0.2003827676189495,0.19924602664261057,-0.0011367409763389236
coherent_rotation_02,coherent_rotation,14,3,2,20,0.16502036965548492,0.1466098454481337,-0.018410524207351203
coherent_rotation_02,coherent_rotation,14,3,2,80,0.19569710148396577,0.18121108649408466,-0.014486014989881113
coherent_rotation_02,coherent_rotation,14,5,1,20,0.21338739065173143,0.20446894665672966,-0.008918443995001774
coherent_rotation_02,coherent_rotation,14,5,1,80,0.20597388604890277,0.1967329485789903,-0.009240937469912475
coherent_rotation_02,coherent_rotation,14,5,2,20,0.19468862549219756,0.18730746413067542,-0.007381161361522143
coherent_rotation_02,coherent_rotation,14,5,2,80,0.20535357803460064,0.20490034826459128,-0.00045322977000936127
coherent_rotation_03,coherent_rotation,8,3,1,20,0.2039072737025264,0.21133903707140686,0.007431763368880462
coherent_rotation_03,coherent_rotation,8,3,1,80,0.15379142418195665,0.16289607549109683,0.009104651309140177
coherent_rotation_03,coherent_rotation,8,3,2,20,0.17423124278418364,0.19081688318307952,0.016585640398895873
coherent_rotation_03,coherent_rotation,8,3,2,80,0.18909629164168598,0.22548127419671662,0.03638498255503064
coherent_rotation_03,coherent_rotation,10,3,1,20,0.16467248737399964,0.15697580418716883,-0.0076966831868308105
coherent_rotation_03,coherent_rotation,10,3,1,80,0.1758901112235065,0.18680958163146313,0.010919470407956627
coherent_rotation_03,coherent_rotation,10,3,2,20,0.17079770763271354,0.16883575993499578,-0.001961947697717764
coherent_rotation_03,coherent_rotation,10,3,2,80,0.15061672485337163,0.14645613669668456,-0.004160588156687073
coherent_rotation_03,coherent_rotation,12,3,1,20,0.1521446677681898,0.14880651585987928,-0.0033381519083105216
coherent_rotation_03,coherent_rotation,12,3,1,80,0.17321512754271962,0.1792670033380105,0.006051875795290873
coherent_rotation_03,coherent_rotation,12,3,2,20,0.17932753219004008,0.1564458494845056,-0.02288168270553448
coherent_rotation_03,coherent_rotation,12,3,2,80,0.17996968720362097,0.1639059958338352,-0.016063691369785776
coherent_rotation_03,coherent_rotation,14,3,1,20,0.23388663349256458,0.2273925479260064,-0.006494085566558172
coherent_rotation_03,coherent_rotation,14,3,1,80,0.18957615056500787,0.19559372716935877,0.006017576604350899
coherent_rotation_03,coherent_rotation,14,3,2,20,0.19085318501169826,0.1839944916010037,-0.006858693410694561
coherent_rotation_03,coherent_rotation,14,3,2,80,0.188159134568346,0.20134188321381932,0.013182748645473336
coherent_rotation_03,coherent_rotation,14,5,1,20,0.18788667996789435,0.20264623029944104,0.01475955033154669
coherent_rotation_03,coherent_rotation,14,5,1,80,0.21755656058735548,0.2375513416759337,0.019994781088578217
coherent_rotation_03,coherent_rotation,14,5,2,20,0.2019998625249645,0.20974356205375047,0.00774369952878598
coherent_rotation_03,coherent_rotation,14,5,2,80,0.20033433969894446,0.20280413575957187,0.002469796060627416
coherent_rotation_04,coherent_rotation,8,3,1,20,0.24619595967092733,0.2727443800665338,0.026548420395606454
coherent_rotation_04,coherent_rotation,8,3,1,80,0.23074971081184048,0.23629899944482768,0.005549288632987204
coherent_rotation_04,coherent_rotation,8,3,2,20,0.2699470125311145,0.30277713344149754,0.03283012091038301
coherent_rotation_04,coherent_rotation,8,3,2,80,0.2731014626134552,0.26309383184609075,-0.01000763076736444
coherent_rotation_04,coherent_rotation,10,3,1,20,0.29620463863089463,0.3059430961403749,0.00973845750948027
coherent_rotation_04,coherent_rotation,10,3,1,80,0.2602771676058223,0.22973923370366664,-0.030537933902155673
coherent_rotation_04,coherent_rotation,10,3,2,20,0.23618416996453995,0.2738261719971479,0.03764200203260798
coherent_rotation_04,coherent_rotation,10,3,2,80,0.26984038612781486,0.27422981686267844,0.004389430734863586
coherent_rotation_04,coherent_rotation,12,3,1,20,0.2133875622908461,0.23003163189223078,0.016644069601384676
coherent_rotation_04,coherent_rotation,12,3,1,80,0.23838541102482103,0.23737157881545354,-0.0010138322093674879
coherent_rotation_04,coherent_rotation,12,3,2,20,0.2786403785505492,0.2592940346156694,-0.019346343934879773
coherent_rotation_04,coherent_rotation,12,3,2,80,0.24579959439694618,0.27622592669389734,0.03042633229695116
coherent_rotation_04,coherent_rotation,14,3,1,20,0.2316853140658646,0.2347538557595467,0.003068541693682092
coherent_rotation_04,coherent_rotation,14,3,1,80,0.21598371365531036,0.21654285541771764,0.0005591417624072892
coherent_rotation_04,coherent_rotation,14,3,2,20,0.20818315903740356,0.1805965414069782,-0.02758661763042536
coherent_rotation_04,coherent_rotation,14,3,2,80,0.21105457339539532,0.1996914558917605,-0.011363117503634834
coherent_rotation_04,coherent_rotation,14,5,1,20,0.26397161497813043,0.26567573225200797,0.0017041172738775368
coherent_rotation_04,coherent_rotation,14,5,1,80,0.2773005435313491,0.28040928973219326,0.00310874620084417
coherent_rotation_04,coherent_rotation,14,5,2,20,0.2219552913679043,0.2091614925425095,-0.012793798825394803
coherent_rotation_04,coherent_rotation,14,5,2,80,0.2120536692438938,0.2155928361037732,0.0035391668598794
dephasing_00,dephasing,8,3,1,20,0.1810989759363902,0.19249012537019727,0.011391149433807063
dephasing_00,dephasing,8,3,1,80,0.26705767905194044,0.2589857650548275,-0.008071913997112934
dephasing_00,dephasing,8,3,2,20,0.22643448743266106,0.18868716991479736,-0.0377473175178637
dephasing_00,dephasing,8,3,2,80,0.17261803377178075,0.1940726801077921,0.02145464633601135
dephasing_00,dephasing,10,3,1,20,0.17715888293473356,0.1945469961731584,0.017388113238424846
dephasing_00,dephasing,10,3,1,80,0.18605932047444126,0.17780249356313824,-0.008256826911303028
dephasing_00,dephasing,10,3,2,20,0.19197466597413163,0.19907073716692367,0.007096071192792042
dephasing_00,dephasing,10,3,2,80,0.18571895965880506,0.2266946732632181,0.040975713604413044
dephasing_00,dephasing,12,3,1,20,0.18481342686628466,0.17082221245765858,-0.01399121440862608
dephasing_00,dephasing,12,3,1,80,0.15671795214882797,0.15801110660603626,0.0012931544572082898
dephasing_00,dephasing,12,3,2,20,0.18353744585936418,0.18182095979894297,-0.0017164860604212129
dephasing_00,dephasing,12,3,2,80,0.1724124450447332,0.16437219067493372,-0.008040254369799466
dephasing_00,dephasing,14,3,1,20,0.17384679260314692,0.20415894956246838,0.030312156959321462
dephasing_00,dephasing,14,3,1,80,0.1469795953173207,0.14227101208232837,-0.0047085832349923196
dephasing_00,dephasing,14,3,2,20,0.19114054722968501,0.16569554194691055,-0.025445005282774463
dephasing_00,dephasing,14,3,2,80,0.1854506292467809,0.165836782692813,-0.019613846553967917
dephasing_00,dephasing,14,5,1,20,0.19260984214072904,0.19355421739231193,0.0009443752515828907
dephasing_00,dephasing,14,5,1,80,0.19488847395185374,0.19491768020959846,2.92062577447183e-05
dephasing_00,dephasing,14,5,2,20,0.2016975051968256,0.22078073308770832,0.01908322789088271
dephasing_00,dephasing,14,5,2,80,0.21572620881440377,0.21557153309299393,-0.00015467572140984154
dephasing_01,dephasing,8,3,1,20,0.2080926014428303,0.20636304494243637,-0.001729556500393914
dephasing_01,dephasing,8,3,1,80,0.22523067431713786,0.22341587479262306,-0.0018147995245147985
dephasing_01,dephasing,8,3,2,20,0.19727161963338388,0.19452939156396498,-0.0027422280694189005
dephasing_01,dephasing,8,3,2,80,0.22210249395548035,0.21253982393899365,-0.009562670016486696
dephasing_01,dephasing,10,3,1,20,0.29491246460846837,0.2828774618560978,-0.012035002752370572
dephasing_01,dephasing,10,3,1,80,0.20177391451551321,0.19393350008161447,-0.00784041443389874
dephasing_01,dephasing,10,3,2,20,0.2516164613888306,0.24919141592793234,-0.002425045460898251
dephasing_01,dephasing,10,3,2,80,0.2372459965203634,0.22232652519064425,-0.014919471329719158
dephasing_01,dephasing,12,3,1,20,0.19564483279664566,0.197212534340376,0.0015677015437303432
dephasing_01,dephasing,12,3,1,80,0.19620474786526368,0.17496582636005076,-0.02123892150521292
dephasing_01,dephasing,12,3,2,20,0.16791742377589622,0.1501489764809491,-0.017768447294947115
dephasing_01,dephasing,12,3,2,80,0.18877038023165937,0.19519285223236427,0.006422472000704893
dephasing_01,dephasing,14,3,1,20,0.13731011696899154,0.14278403834049747,0.00547392137150593
dephasing_01,dephasing,14,3,1,80,0.15793394637358066,0.15668060648590995,-0.001253339887670707
dephasing_01,dephasing,14,3,2,20,0.1965508332691225,0.2083319898220325,0.011781156552909983
dephasing_01,dephasing,14,3,2,80,0.16194675007258294,0.16251776910370985,0.0005710190311269125
dephasing_01,dephasing,14,5,1,20,0.19264215684681185,0.20634838088695653,0.013706224040144682
dephasing_01,dephasing,14,5,1,80,0.2170940196141331,0.20319758406576383,-0.01389643554836928
dephasing_01,dephasing,14,5,2,20,0.2125006875074659,0.21759449443587006,0.005093806928404165
dephasing_01,dephasing,14,5,2,80,0.20818117515445964,0.2146266243513929,0.006445449196933267
dephasing_02,dephasing,8,3,1,20,0.17352301145772717,0.17478299790354979,0.0012599864458226195
dephasing_02,dephasing,8,3,1,80,0.16657643609489484,0.17560687997493674,0.0090304438800419
dephasing_02,dephasing,8,3,2,20,0.19225668276216734,0.2046464695488263,0.012389786786658946
dephasing_02,dephasing,8,3,2,80,0.17833371728705968,0.26107695654755203,0.08274323926049235
dephasing_02,dephasing,10,3,1,20,0.30221314796724547,0.3108547611218861,0.008641613154640626
dephasing_02,dephasing,10,3,1,80,0.2893668922949182,0.3697096861522205,0.08034279385730231
dephasing_02,dephasing,10,3,2,20,0.24278169845354514,0.286917021897536,0.04413532344399085
dephasing_02,dephasing,10,3,2,80,0.3108993809588619,0.3542968863217308,0.043397505362868904
dephasing_02,dephasing,12,3,1,20,0.3603815367627697,0.3202051710180005,-0.04017636574476918
dephasing_02,dephasing,12,3,1,80,0.28515898149300417,0.28224406797378093,-0.002914913519223239
dephasing_02,dephasing,12,3,2,20,0.32041659276719386,0.3253463864689273,0.004929793701733409
dephasing_02,dephasing,12,3,2,80,0.2536098369856905,0.2562864694626039,0.0026766324769134098
dephasing_02,dephasing,14,3,1,20,0.2812319897933364,0.2877373270032273,0.006505337209890882
dephasing_02,dephasing,14,3,1,80,0.26454405486738175,0.24227035011378473,-0.022273704753597023
dephasing_02,dephasing,14,3,2,20,0.2812604457939966,0.3297299685045321,0.048469522710535506
dephasing_02,dephasing,14,3,2,80,0.267597071502137,0.2192806121711229,-0.04831645933101411
dephasing_02,dephasing,14,5,1,20,0.20054978465456472,0.22984294668852853,0.029293162033963815
dephasing_02,dephasing,14,5,1,80,0.17651259422697674,0.17860167480892042,0.002089080581943681
dephasing_02,dephasing,14,5,2,20,0.2850908900436833,0.27065437911830353,-0.014436510925379786
dephasing_02,dephasing,14,5,2,80,0.24486370143637703,0.225179573727497,-0.019684127708880034
dephasing_03,dephasing,8,3,1,20,0.18980338228220595,0.17386625981908366,-0.01593712246312229
dephasing_03,dephasing,8,3,1,80,0.17975357971611286,0.1712940590201207,-0.008459520695992151
dephasing_03,dephasing,8,3,2,20,0.1520101390751504,0.1715693267361724,0.019559187661021993
dephasing_03,dephasing,8,3,2,80,0.17731630594935407,0.1760562792827293,-0.0012600266666247806
dephasing_03,dephasing,10,3,1,20,0.12895496126177788,0.1339862254935311,0.0050312642317532075
dephasing_03,dephasing,10,3,1,80,0.13088423308472708,0.14015247750263055,0.00926824441790347
dephasing_03,dephasing,10,3,2,20,0.14485987901824068,0.1524953849235039,0.007635505905263212
dephasing_03,dephasing,10,3,2,80,0.129814394632526,0.14925641575486806,0.019442021122342057
dephasing_03,dephasing,12,3,1,20,0.11476702427894413,0.1192299949417256,0.004462970662781479
dephasing_03,dephasing,12,3,1,80,0.14407251306433985,0.14428083044006992,0.00020831737573007159
dephasing_03,dephasing,12,3,2,20,0.16750345353175486,0.15629809450503604,-0.01120535902671882
dephasing_03,dephasing,12,3,2,80,0.15661435567184337,0.1540439902930554,-0.0025703653787879643
dephasing_03,dephasing,14,3,1,20,0.17041284668820902,0.1703042655939452,-0.00010858109426381546
dephasing_03,dephasing,14,3,1,80,0.16233007969230354,0.14624478356425422,-0.01608529612804932
dephasing_03,dephasing,14,3,2,20,0.13586026684809852,0.14832770850639435,0.01246744165829583
dephasing_03,dephasing,14,3,2,80,0.15546745592298397,0.14561431810279682,-0.009853137820187152
dephasing_03,dephasing,14,5,1,20,0.28659939854267064,0.28058496842500014,-0.0060144301176704995
dephasing_03,dephasing,14,5,1,80,0.22216834596354304,0.22048117324968056,-0.0016871727138624837
dephasing_03,dephasing,14,5,2,20,0.23504980073091808,0.24730176529442535,0.012251964563507273
dephasing_03,dephasing,14,5,2,80,0.24438005142323826,0.2163355124056946,-0.028044539017543668
dephasing_04,dephasing,8,3,1,20,0.2132419330069568,0.18744309405700577,-0.025798838949951025
dephasing_04,dephasing,8,3,1,80,0.2181697328385903,0.2187846387829591,0.0006149059443687765
dephasing_04,dephasing,8,3,2,20,0.16563982174410533,0.20696923397745218,0.04132941223334685
dephasing_04,dephasing,8,3,2,80,0.20657260518265408,0.1880276097781324,-0.018544995404521675
dephasing_04,dephasing,10,3,1,20,0.20845286850633246,0.20733344649394073,-0.0011194220123917353
dephasing_04,dephasing,10,3,1,80,0.15932404784431023,0.17531159986185155,0.015987552017541318
dephasing_04,dephasing,10,3,2,20,0.19498257328925064,0.18508856146449928,-0.009894011824751359
dephasing_04,dephasing,10,3,2,80,0.18200354843004152,0.23709458201030356,0.055091033580262044
dephasing_04,dephasing,12,3,1,20,0.17628076561875183,0.18296633633380976,0.006685570715057931
dephasing_04,dephasing,12,3,1,80,0.19021065689372516,0.182428621685245,-0.0077820352084801425
dephasing_04,dephasing,12,3,2,20,0.18795331926247882,0.22413922492613125,0.03618590566365243
dephasing_04,dephasing,12,3,2,80,0.15696302788057007,0.18074029882864276,0.023777270948072693
dephasing_04,dephasing,14,3,1,20,0.2206873840561513,0.21871751699429212,-0.0019698670618591707
dephasing_04,dephasing,14,3,1,80,0.24004403670707697,0.25635556584789626,0.016311529140819292
dephasing_04,dephasing,14,3,2,20,0.20342105782222808,0.1857288275358436,-0.017692230286384475
dephasing_04,dephasing,14,3,2,80,0.21802486173400826,0.19668401748572398,-0.02134084424828428
dephasing_04,dephasing,14,5,1,20,0.22237215557282797,0.21710440506121054,-0.005267750511617431
dephasing_04,dephasing,14,5,1,80,0.23652888007440295,0.24248331051938274,0.005954430444979786
dephasing_04,dephasing,14,5,2,20,0.22374388335886883,0.20374532208421062,-0.01999856127465821
dephasing_04,dephasing,14,5,2,80,0.22006533842413714,0.23945633446628337,0.019390996042146225
depolarizing_00,depolarizing,8,3,1,20,0.26065689602389946,0.25154661692321556,-0.009110279100683905
depolarizing_00,depolarizing,8,3,1,80,0.21644884379909715,0.23990934021159158,0.023460496412494425
depolarizing_00,depolarizing,8,3,2,20,0.22045991577573154,0.24044415930631388,0.01998424353058234
depolarizing_00,depolarizing,8,3,2,80,0.2499597578406898,0.2552307221810452,0.0052709643403554
depolarizing_00,depolarizing,10,3,1,20,0.22148896895865897,0.24603888450353004,0.02454991554487107
depolarizing_00,depolarizing,10,3,1,80,0.2222958900078883,0.23888811610814545,0.01659222610025715
depolarizing_00,depolarizing,10,3,2,20,0.2352450508912569,0.2171885736885828,-0.018056477202674115
depolarizing_00,depolarizing,10,3,2,80,0.2219584684125023,0.21906707723601815,-0.0028913911764841538
depolarizing_00,depolarizing,12,3,1,20,0.1887800125016991,0.19207822359394952,0.003298211092250425
depolarizing_00,depolarizing,12,3,1,80,0.2061248177701598,0.19953734866544157,-0.0065874691047182465
depolarizing_00,depolarizing,12,3,2,20,0.20489196936527995,0.18899349336551063,-0.015898475999769318
depolarizing_00,depolarizing,12,3,2,80,0.19747251211935038,0.2042014259639248,0.0067289138445744134
depolarizing_00,depolarizing,14,3,1,20,0.2056168835393848,0.2008133235687025,-0.004803559970682297
depolarizing_00,depolarizing,14,3,1,80,0.20742244841174928,0.2168695307295748,0.009447082317825511
depolarizing_00,depolarizing,14,3,2,20,0.1796553807749897,0.18747136807375486,0.007815987298765176
depolarizing_00,depolarizing,14,3,2,80,0.19645695429215868,0.19454920386054586,-0.0019077504316128147
depolarizing_00,depolarizing,14,5,1,20,0.2000626805066826,0.19853352744070443,-0.0015291530659781727
depolarizing_00,depolarizing,14,5,1,80,0.15125080827241352,0.15995988266691277,0.00870907439449925
depolarizing_00,depolarizing,14,5,2,20,0.17842649352823858,0.18671166594382016,0.008285172415581576
depolarizing_00,depolarizing,14,5,2,80,0.1903015172681863,0.2091626420960099,0.018861124827823594
depolarizing_01,depolarizing,8,3,1,20,0.11985869501677893,0.12524395595637347,0.005385260939594544
depolarizing_01,depolarizing,8,3,1,80,0.2143724808070827,0.20866847240599729,-0.005704008401085425
depolarizing_01,depolarizing,8,3,2,20,0.1497958040987952,0.18735362745767717,0.03755782335888197
depolarizing_01,depolarizing,8,3,2,80,0.16296820962011366,0.18904811016052073,0.02607990054040707
depolarizing_01,depolarizing,10,3,1,20,0.23225732366447013,0.23225892785613592,1.6041916657827393e-06
depolarizing_01,depolarizing,10,3,1,80,0.15789202144896322,0.15455728044480105,-0.003334741004162173
depolarizing_01,depolarizing,10,3,2,20,0.1639768788234307,0.1962265059906261,0.0322496271671954
depolarizing_01,depolarizing,10,3,2,80,0.13508171451973006,0.15234664155047997,0.017264927030749916
depolarizing_01,depolarizing,12,3,1,20,0.16598255459753267,0.1642609514628359,-0.0017216031346967697
depolarizing_01,depolarizing,12,3,1,80,0.14430644015140132,0.17180167421590464,0.027495234064503327
depolarizing_01,depolarizing,12,3,2,20,0.16317699645794864,0.14929072595521403,-0.01388627050273461
depolarizing_01,depolarizing,12,3,2,80,0.22033991462109437,0.21594920100073467,-0.004390713620359699
depolarizing_01,depolarizing,14,3,1,20,0.1663255375740096,0.1666160523298281,0.00029051475581848285
depolarizing_01,depolarizing,14,3,1,80,0.16430517939430067,0.17243412332755995,0.008128943933259275
depolarizing_01,depolarizing,14,3,2,20,0.18301678724260398,0.1713289459482598,-0.011687841294344192
depolarizing_01,depolarizing,14,3,2,80,0.19975043744144552,0.14897765365625706,-0.05077278378518846
depolarizing_01,depolarizing,14,5,1,20,0.20758431711421396,0.20513955789829175,-0.0024447592159222153
depolarizing_01,depolarizing,14,5,1,80,0.17580514227659064,0.19133516971590536,0.015530027439314725
depolarizing_01,depolarizing,14,5,2,20,0.19583607147503793,0.18275624637489876,-0.013079825100139164
depolarizing_01,depolarizing,14,5,2,80,0.19620998720983693,0.22326117437423684,0.027051187164399915
depolarizing_02,depolarizing,8,3,1,20,0.18287306496094446,0.16925391830474876,-0.013619146656195708
depolarizing_02,depolarizing,8,3,1,80,0.2600243810324049,0.24716744499744245,-0.012856936034962435
depolarizing_02,depolarizing,8,3,2,20,0.20893767379648487,0.20740173130397607,-0.0015359424925087961
depolarizing_02,depolarizing,8,3,2,80,0.20033915083542472,0.17478053849869768,-0.025558612336727043
depolarizing_02,depolarizing,10,3,1,20,0.21291563052898743,0.21755629462408563,0.004640664095098196
depolarizing_02,depolarizing,10,3,1,80,0.19993116346210218,0.1901507582102027,-0.009780405251899493
depolarizing_02,depolarizing,10,3,2,20,0.24224755219782065,0.21182545420338947,-0.030422097994431185
depolarizing_02,depolarizing,10,3,2,80,0.22852689952733538,0.20346771455444546,-0.02505918497288992
depolarizing_02,depolarizing,12,3,1,20,0.21124949795389492,0.21817567550067526,0.006926177546780349
depolarizing_02,depolarizing,12,3,1,80,0.23375938375370744,0.25325541913378025,0.0194960353800728
depolarizing_02,depolarizing,12,3,2,20,0.21819578388432537,0.23544333134854686,0.017247547464221497
depolarizing_02,depolarizing,12,3,2,80,0.18569780639786349,0.23490456644883237,0.049206760050968884
depolarizing_02,depolarizing,14,3,1,20,0.2707721756189015,0.27732063634399884,0.006548460725097349
depolarizing_02,depolarizing,14,3,1,80,0.2480971800998458,0.25118591708121835,0.0030887369813725474
depolarizing_02,depolarizing,14,3,2,20,0.2005752637972178,0.2213619176672809,0.020786653870063093
depolarizing_02,depolarizing,14,3,2,80,0.23623902190032506,0.22253635405111516,-0.013702667849209899
depolarizing_02,depolarizing,14,5,1,20,0.19459958547697495,0.19358186292877047,-0.0010177225482044805
depolarizing_02,depolarizing,14,5,1,80,0.24186389498221153,0.24579929271307388,0.00393539773086235
depolarizing_02,depolarizing,14,5,2,20,0.20398240674628285,0.19785991856575738,-0.006122488180525465
depolarizing_02,depolarizing,14,5,2,80,0.20587242872249645,0.2164281352216241,0.010555706499127654
depolarizing_03,depolarizing,8,3,1,20,0.22032185092415899,0.2170515202967377,-0.0032703306274212973
depolarizing_03,depolarizing,8,3,1,80,0.12744298061777257,0.12497331008716867,-0.0024696705306039013
depolarizing_03,depolarizing,8,3,2,20,0.15460273370302371,0.174028662490213,0.019425928787189295
depolarizing_03,depolarizing,8,3,2,80,0.1681299595541272,0.14462127118902476,-0.023508688365102448
depolarizing_03,depolarizing,10,3,1,20,0.21778227079674037,0.21168730853156023,-0.006094962265180137
depolarizing_03,depolarizing,10,3,1,80,0.1564957567691755,0.15507117349149102,-0.0014245832776844658
depolarizing_03,depolarizing,10,3,2,20,0.1652051553252444,0.1776792877686214,0.012474132443377
depolarizing_03,depolarizing,10,3,2,80,0.1923048082127332,0.18290220238389263,-0.009402605828840588
depolarizing_03,depolarizing,12,3,1,20,0.22155975716281273,0.21948747573542624,-0.0020722814273864965
depolarizing_03,depolarizing,12,3,1,80,0.19428214706010125,0.2520108806372708,0.05772873357716954
depolarizing_03,depolarizing,12,3,2,20,0.2565368177152902,0.2690919786766891,0.012555160961398915
depolarizing_03,depolarizing,12,3,2,80,0.20604250981719455,0.21899378280541146,0.01295127298821691
depolarizing_03,depolarizing,14,3,1,20,0.2572758611595832,0.259663368485304,0.00238750732572085
depolarizing_03,depolarizing,14,3,1,80,0.24674581357307498,0.22480485689578197,-0.02194095667729301
depolarizing_03,depolarizing,14,3,2,20,0.2515873859674566,0.26691482047453463,0.01532743450707802
depolarizing_03,depolarizing,14,3,2,80,0.2286375483988843,0.20914718564056411,-0.019490362758320195
depolarizing_03,depolarizing,14,5,1,20,0.19209630267824818,0.1841572383132802,-0.007939064364967968
depolarizing_03,depolarizing,14,5,1,80,0.21413116353473227,0.21384921481748861,-0.00028194871724365744
depolarizing_03,depolarizing,14,5,2,20,0.1551266628671692,0.1699429716073674,0.014816308740198209
depolarizing_03,depolarizing,14,5,2,80,0.24090509316733147,0.24949118028997597,0.008586087122644498
depolarizing_04,depolarizing,8,3,1,20,0.22979041136722644,0.20801799451140604,-0.021772416855820403
depolarizing_04,depolarizing,8,3,1,80,0.18387590610876148,0.19482729600361684,0.010951389894855362
depolarizing_04,depolarizing,8,3,2,20,0.2619605923991607,0.2151427415210995,-0.0468178508780612
depolarizing_04,depolarizing,8,3,2,80,0.2073765900543164,0.22558884456931536,0.018212254514998943
depolarizing_04,depolarizing,10,3,1,20,0.19069830989840378,0.20003609481450269,0.009337784916098907
depolarizing_04,depolarizing,10,3,1,80,0.18807522296620682,0.19208135606083468,0.004006133094627856
depolarizing_04,depolarizing,10,3,2,20,0.15273311314054366,0.1599297012103163,0.007196588069772636
depolarizing_04,depolarizing,10,3,2,80,0.18837509259622878,0.17784635384883185,-0.010528738747396932
depolarizing_04,depolarizing,12,3,1,20,0.19291483273948318,0.19482157101098826,0.0019067382715050873
depolarizing_04,depolarizing,12,3,1,80,0.2204646965151386,0.21713366649295754,-0.0033310300221810474
depolarizing_04,depolarizing,12,3,2,20,0.17887796926457686,0.2160813335154825,0.037203364250905646
depolarizing_04,depolarizing,12,3,2,80,0.19786370418678492,0.21665034823411553,0.018786644047330603
depolarizing_04,depolarizing,14,3,1,20,0.16785114056607095,0.1914796050513977,0.02362846448532674
depolarizing_04,depolarizing,14,3,1,80,0.21900309780583274,0.2055278859238198,-0.01347521188201295
depolarizing_04,depolarizing,14,3,2,20,0.20174301667884273,0.1962688420638323,-0.00547417461501043
depolarizing_04,depolarizing,14,3,2,80,0.22421940784676378,0.19339011957894112,-0.030829288267822663
depolarizing_04,depolarizing,14,5,1,20,0.2040656727109892,0.19341975213833185,-0.010645920572657341
depolarizing_04,depolarizing,14,5,1,80,0.1974061416090823,0.20095159962554932,0.0035454580164670235
depolarizing_04,depolarizing,14,5,2,20,0.1924657802350667,0.20964150027220366,0.017175720037136966
depolarizing_04,depolarizing,14,5,2,80,0.201515214072624,0.21129025336863258,0.009775039296008592
driven_dissipation_00,driven_dissipation,8,3,1,20,0.15609554638440296,0.16585841502939153,0.00976286864498857
driven_dissipation_00,driven_dissipation,8,3,1,80,0.17173798549457228,0.1677117789612993,-0.004026206533272986
driven_dissipation_00,driven_dissipation,8,3,2,20,0.15605068669112263,0.1649698605149157,0.008919173823793064
driven_dissipation_00,driven_dissipation,8,3,2,80,0.14143288261217085,0.14418093095941734,0.0027480483472464845
driven_dissipation_00,driven_dissipation,10,3,1,20,0.26887679409602516,0.27762473205444627,0.008747937958421104
driven_dissipation_00,driven_dissipation,10,3,1,80,0.25292362598819956,0.23883242995593332,-0.014091196032266246
driven_dissipation_00,driven_dissipation,10,3,2,20,0.19779364749297149,0.20174251630757553,0.003948868814604045
driven_dissipation_00,driven_dissipation,10,3,2,80,0.23389663232074562,0.2249392960435098,-0.008957336277235828
driven_dissipation_00,driven_dissipation,12,3,1,20,0.23486752878003206,0.231344521219106,-0.0035230075609260503
driven_dissipation_00,driven_dissipation,12,3,1,80,0.21539831000877285,0.19979142968668628,-0.01560688032208657
driven_dissipation_00,driven_dissipation,12,3,2,20,0.2676780853454021,0.25356182548108236,-0.014116259864319747
driven_dissipation_00,driven_dissipation,12,3,2,80,0.23376325852749824,0.22951818777444413,-0.004245070753054109
driven_dissipation_00,driven_dissipation,14,3,1,20,0.21856084242597726,0.25240404716303444,0.03384320473705718
driven_dissipation_00,driven_dissipation,14,3,1,80,0.23754319869376192,0.22868774719583115,-0.008855451497930766
driven_dissipation_00,driven_dissipation,14,3,2,20,0.20192615780103573,0.20972973641305828,0.007803578612022549
driven_dissipation_00,driven_dissipation,14,3,2,80,0.2716246898967126,0.26854996741517895,-0.003074722481533676
driven_dissipation_00,driven_dissipation,14,5,1,20,0.2095126502164152,0.2078932559015704,-0.0016193943148448131
driven_dissipation_00,driven_dissipation,14,5,1,80,0.22721757234187448,0.24720872452146228,0.0199911521795878
driven_dissipation_00,driven_dissipation,14,5,2,20,0.22899666858166087,0.22614289042300506,-0.002853778158655812
driven_dissipation_00,driven_dissipation,14,5,2,80,0.19409020614497688,0.20489981131850585,0.010809605173528969
driven_dissipation_01,driven_dissipation,8,3,1,20,0.2313786729164294,0.22554690190069707,-0.0058317710157323455
driven_dissipation_01,driven_dissipation,8,3,1,80,0.19288008179143037,0.1960715058543641,0.003191424062933712
driven_dissipation_01,driven_dissipation,8,3,2,20,0.22198774887957476,0.22575680157959202,0.0037690527000172613
driven_dissipation_01,driven_dissipation,8,3,2,80,0.2008917271372601,0.2038905352880318,0.0029988081507716924
driven_dissipation_01,driven_dissipation,10,3,1,20,0.2630837407635069,0.25395784574178093,-0.00912589502172595
driven_dissipation_01,driven_dissipation,10,3,1,80,0.30154025501733267,0.2608872532932535,-0.04065300172407915
driven_dissipation_01,driven_dissipation,10,3,2,20,0.24020629484240522,0.23341577857590648,-0.006790516266498736
driven_dissipation_01,driven_dissipation,10,3,2,80,0.25870290778349997,0.2630341919589109,0.004331284175410954
driven_dissipation_01,driven_dissipation,12,3,1,20,0.2874711720173085,0.2852099782287775,-0.0022611937885309574
driven_dissipation_01,driven_dissipation,12,3,1,80,0.2642078064247341,0.2536955832330801,-0.010512223191654013
driven_dissipation_01,driven_dissipation,12,3,2,20,0.2626199607241854,0.27347734233775917,0.010857381613573747
driven_dissipation_01,driven_dissipation,12,3,2,80,0.24827248495005913,0.27373834175882084,0.025465856808761705
driven_dissipation_01,driven_dissipation,14,3,1,20,0.2696607781646397,0.25604127028653206,-0.013619507878107617
driven_dissipation_01,driven_dissipation,14,3,1,80,0.25287439537238815,0.2699835989064559,0.017109203534067752
driven_dissipation_01,driven_dissipation,14,3,2,20,0.2811313751776582,0.26334335232292044,-0.01778802285473774
driven_dissipation_01,driven_dissipation,14,3,2,80,0.24834255971274144,0.25627822765821984,0.007935667945478397
driven_dissipation_01,driven_dissipation,14,5,1,20,0.23785537630069445,0.2602326501399557,0.022377273839261275
driven_dissipation_01,driven_dissipation,14,5,1,80,0.2308868314890561,0.2352406102634166,0.004353778774360523
driven_dissipation_01,driven_dissipation,14,5,2,20,0.23700169072792085,0.2463398188151029,0.00933812808718204
driven_dissipation_01,driven_dissipation,14,5,2,80,0.23786126964368473,0.25798592420480393,0.0201246545611192
driven_dissipation_02,driven_dissipation,8,3,1,20,0.23342032053023884,0.22293491590217462,-0.010485404628064215
driven_dissipation_02,driven_dissipation,8,3,1,80,0.17198198009193058,0.20189819338810103,0.029916213296170446
driven_dissipation_02,driven_dissipation,8,3,2,20,0.21601638428314776,0.2277956787357126,0.011779294452564842
driven_dissipation_02,driven_dissipation,8,3,2,80,0.2215244774610746,0.22838058195990776,0.006856104498833171
driven_dissipation_02,driven_dissipation,10,3,1,20,0.2060660952299099,0.21572646251915104,0.009660367289241134
driven_dissipation_02,driven_dissipation,10,3,1,80,0.1865517643565332,0.19372947303191324,0.0071777086753800345
driven_dissipation_02,driven_dissipation,10,3,2,20,0.18914248458386387,0.18852773911211282,-0.0006147454717510548
driven_dissipation_02,driven_dissipation,10,3,2,80,0.22386253274387236,0.19686617383733387,-0.02699635890653848
driven_dissipation_02,driven_dissipation,12,3,1,20,0.21304755900618966,0.21887472870821326,0.005827169702023599
driven_dissipation_02,driven_dissipation,12,3,1,80,0.2246201960274569,0.24166784672184985,0.017047650694392957
driven_dissipation_02,driven_dissipation,12,3,2,20,0.18424706006697233,0.18391504254937593,-0.0003320175175964002
driven_dissipation_02,driven_dissipation,12,3,2,80,0.1918338325222828,0.21487256647357267,0.023038733951289858
driven_dissipation_02,driven_dissipation,14,3,1,20,0.19121766883065186,0.21666949997100451,0.025451831140352654
driven_dissipation_02,driven_dissipation,14,3,1,80,0.22442016102469928,0.2225250469199238,-0.0018951141047754694
driven_dissipation_02,driven_dissipation,14,3,2,20,0.21354391513006732,0.21240174391845276,-0.0011421712116145566
driven_dissipation_02,driven_dissipation,14,3,2,80,0.20843941638847605,0.20622261018203622,-0.0022168062064398253
driven_dissipation_02,driven_dissipation,14,5,1,20,0.2589728302316053,0.25579627253247306,-0.003176557699132221
driven_dissipation_02,driven_dissipation,14,5,1,80,0.2515105230861708,0.25221476259983405,0.000704239513663274
driven_dissipation_02,driven_dissipation,14,5,2,20,0.2034510435342415,0.1926903406705293,-0.010760702863712224
driven_dissipation_02,driven_dissipation,14,5,2,80,0.18114369122784615,0.18396759165586082,0.0028239004280146696
driven_dissipation_03,driven_dissipation,8,3,1,20,0.18382203151062063,0.1864392447920826,0.002617213281461972
driven_dissipation_03,driven_dissipation,8,3,1,80,0.18599116881439168,0.20661380564569912,0.02062263683130744
driven_dissipation_03,driven_dissipation,8,3,2,20,0.20653836778747425,0.18679014142211514,-0.01974822636535911
driven_dissipation_03,driven_dissipation,8,3,2,80,0.19815186842115548,0.21225051244794324,0.01409864402678776
driven_dissipation_03,driven_dissipation,10,3,1,20,0.1985252043311165,0.2187107960139835,0.020185591682866988
driven_dissipation_03,driven_dissipation,10,3,1,80,0.27078466285661484,0.23835660456472693,-0.03242805829188791
driven_dissipation_03,driven_dissipation,10,3,2,20,0.19542040326887342,0.22168550859489763,0.02626510532602422
driven_dissipation_03,driven_dissipation,10,3,2,80,0.2126282211076721,0.2247068623788814,0.012078641271209306
driven_dissipation_03,driven_dissipation,12,3,1,20,0.22455701578709739,0.23912118265420793,0.01456416686711054
driven_dissipation_03,driven_dissipation,12,3,1,80,0.2725281928942523,0.2891823475864257,0.016654154692173406
driven_dissipation_03,driven_dissipation,12,3,2,20,0.24721011298501624,0.2621148882423973,0.01490477525738107
driven_dissipation_03,driven_dissipation,12,3,2,80,0.28071349206836327,0.27468053924190033,-0.006032952826462934
driven_dissipation_03,driven_dissipation,14,3,1,20,0.24087752215155356,0.24963158223204227,0.008754060080488707
driven_dissipation_03,driven_dissipation,14,3,1,80,0.23036225802712285,0.228508347609367,-0.001853910417755844
driven_dissipation_03,driven_dissipation,14,3,2,20,0.2312965395128405,0.2534990945032991,0.022202554990458617
driven_dissipation_03,driven_dissipation,14,3,2,80,0.23651414514683947,0.20231371884634997,-0.0342004263004895
driven_dissipation_03,driven_dissipation,14,5,1,20,0.24603862138387442,0.24762459349481045,0.0015859721109360292
driven_dissipation_03,driven_dissipation,14,5,1,80,0.24539079336555436,0.2616853574021594,0.016294564036605064
driven_dissipation_03,driven_dissipation,14,5,2,20,0.23827465385421917,0.2593247763905215,0.021050122536302313
driven_dissipation_03,driven_dissipation,14,5,2,80,0.2720903165114856,0.26196555872342214,-0.010124757788063432
driven_dissipation_04,driven_dissipation,8,3,1,20,0.2320214553771166,0.2069986882443673,-0.025022767132749313
driven_dissipation_04,driven_dissipation,8,3,1,80,0.21582179187798856,0.19918037003879452,-0.016641421839194037
driven_dissipation_04,driven_dissipation,8,3,2,20,0.19777678842808835,0.20122771248555993,0.003450924057471577
driven_dissipation_04,driven_dissipation,8,3,2,80,0.22532350182503583,0.2228394887474605,-0.0024840130775753144
driven_dissipation_04,driven_dissipation,10,3,1,20,0.24292387954571418,0.25530542183665106,0.012381542290936881
driven_dissipation_04,driven_dissipation,10,3,1,80,0.1756881598586463,0.17271314408997826,-0.0029750157686680434
driven_dissipation_04,driven_dissipation,10,3,2,20,0.24246273629088835,0.23035590679203566,-0.012106829498852695
driven_dissipation_04,driven_dissipation,10,3,2,80,0.2515609226849457,0.22990072325689392,-0.021660199428051752
driven_dissipation_04,driven_dissipation,12,3,1,20,0.28488403584474953,0.26775882307199944,-0.017125212772750087
driven_dissipation_04,driven_dissipation,12,3,1,80,0.226673824360911,0.2543973181659767,0.027723493805065724
driven_dissipation_04,driven_dissipation,12,3,2,20,0.2612422101304796,0.25254134152894236,-0.008700868601537237
driven_dissipation_04,driven_dissipation,12,3,2,80,0.24241540652491345,0.261743633831904,0.019328227306990575
driven_dissipation_04,driven_dissipation,14,3,1,20,0.2275513621076738,0.25460304171639175,0.02705167960871796
driven_dissipation_04,driven_dissipation,14,3,1,80,0.26213873955661143,0.27723774173268206,0.01509900217607063
driven_dissipation_04,driven_dissipation,14,3,2,20,0.23143071953547767,0.24372383536713058,0.012293115831652907
driven_dissipation_04,driven_dissipation,14,3,2,80,0.2610668370747291,0.2573082123858262,-0.003758624688902923
driven_dissipation_04,driven_dissipation,14,5,1,20,0.24385337120758596,0.2433077974681653,-0.0005455737394206572
driven_dissipation_04,driven_dissipation,14,5,1,80,0.20852597728194275,0.20100738259440468,-0.007518594687538072
driven_dissipation_04,driven_dissipation,14,5,2,20,0.20942094699226232,0.1908210636510078,-0.018599883341254536
driven_dissipation_04,driven_dissipation,14,5,2,80,0.19762329406688617,0.21923893852716225,0.021615644460276084
thermal_relaxation_00,thermal_relaxation,8,3,1,20,0.1469453998971438,0.1504207056928781,0.003475305795734296
thermal_relaxation_00,thermal_relaxation,8,3,1,80,0.2175425940555681,0.21010820150786605,-0.007434392547702062
thermal_relaxation_00,thermal_relaxation,8,3,2,20,0.14957993965998484,0.15443308171575726,0.004853142055772419
thermal_relaxation_00,thermal_relaxation,8,3,2,80,0.19878137212768454,0.16112113809894515,-0.03766023402873939
thermal_relaxation_00,thermal_relaxation,10,3,1,20,0.2275790925910777,0.24280537298660002,0.015226280395522318
thermal_relaxation_00,thermal_relaxation,10,3,1,80,0.1826299903458611,0.18755206502986646,0.004922074684005351
thermal_relaxation_00,thermal_relaxation,10,3,2,20,0.20443693401549082,0.19929470294116683,-0.0051422310743239885
thermal_relaxation_00,thermal_relaxation,10,3,2,80,0.22122243947300158,0.2096490740737341,-0.011573365399267482
thermal_relaxation_00,thermal_relaxation,12,3,1,20,0.2546178322686193,0.26771758531191797,0.01309975304329869
thermal_relaxation_00,thermal_relaxation,12,3,1,80,0.18736218761107248,0.18568946698499544,-0.00167272062607704
thermal_relaxation_00,thermal_relaxation,12,3,2,20,0.20963943303588162,0.19705878639159366,-0.012580646644287957
thermal_relaxation_00,thermal_relaxation,12,3,2,80,0.19614995662920934,0.2035978380330038,0.00744788140379446
thermal_relaxation_00,thermal_relaxation,14,3,1,20,0.189700736233078,0.18688799075176363,-0.0028127454813143826
thermal_relaxation_00,thermal_relaxation,14,3,1,80,0.21410733070388122,0.2641813309595353,0.05007400025565406
thermal_relaxation_00,thermal_relaxation,14,3,2,20,0.2103540886778598,0.22286682275896832,0.012512734081108534
thermal_relaxation_00,thermal_relaxation,14,3,2,80,0.24896952017166105,0.2108651402820044,-0.03810437988965665
thermal_relaxation_00,thermal_relaxation,14,5,1,20,0.2462501925041347,0.2570232729565532,0.010773080452418482
thermal_relaxation_00,thermal_relaxation,14,5,1,80,0.27485267933676866,0.27112532530179745,-0.0037273540349712087
thermal_relaxation_00,thermal_relaxation,14,5,2,20,0.25160609482130736,0.2659970919880287,0.01439099716672132
thermal_relaxation_00,thermal_relaxation,14,5,2,80,0.2221168982441509,0.2084669367921295,-0.013649961452021409
thermal_relaxation_01,thermal_relaxation,8,3,1,20,0.23502215698937223,0.2326634799794806,-0.0023586770098916465
thermal_relaxation_01,thermal_relaxation,8,3,1,80,0.19143726348988613,0.1860925233793159,-0.005344740110570234
thermal_relaxation_01,thermal_relaxation,8,3,2,20,0.22813697556005363,0.22252467682497631,-0.00561229873507732
thermal_relaxation_01,thermal_relaxation,8,3,2,80,0.19378159917162263,0.21625035249717575,0.02246875332555312
thermal_relaxation_01,thermal_relaxation,10,3,1,20,0.20688657599820406,0.20149944245477247,-0.005387133543431594
thermal_relaxation_01,thermal_relaxation,10,3,1,80,0.1800037540063765,0.18910826567725858,0.009104511670882082
thermal_relaxation_01,thermal_relaxation,10,3,2,20,0.19370285844722535,0.21292395709080522,0.019221098643579876
thermal_relaxation_01,thermal_relaxation,10,3,2,80,0.225303361649261,0.21248229946051453,-0.012821062188746485
thermal_relaxation_01,thermal_relaxation,12,3,1,20,0.14048351764090175,0.14240334044341676,0.0019198228025150144
thermal_relaxation_01,thermal_relaxation,12,3,1,80,0.15012688524237064,0.15460264182314395,0.004475756580773316
thermal_relaxation_01,thermal_relaxation,12,3,2,20,0.15913912011528808,0.17743051455701234,0.018291394441724257
thermal_relaxation_01,thermal_relaxation,12,3,2,80,0.1915586219094101,0.1819432888947701,-0.009615333014639987
thermal_relaxation_01,thermal_relaxation,14,3,1,20,0.17255018592693183,0.18177228220520403,0.009222096278272196
thermal_relaxation_01,thermal_relaxation,14,3,1,80,0.1485449388383997,0.17071318252196108,0.02216824368356138
thermal_relaxation_01,thermal_relaxation,14,3,2,20,0.20544289631976362,0.19450512004237017,-0.010937776277393452
thermal_relaxation_01,thermal_relaxation,14,3,2,80,0.19992356359599395,0.19818103859242656,-0.0017425250035673912
thermal_relaxation_01,thermal_relaxation,14,5,1,20,0.15070648582555982,0.1579842435821658,0.007277757756605996
thermal_relaxation_01,thermal_relaxation,14,5,1,80,0.16757714041831603,0.16494432307463616,-0.002632817343679872
thermal_relaxation_01,thermal_relaxation,14,5,2,20,0.18552978605848017,0.19523478831307609,0.009705002254595918
thermal_relaxation_01,thermal_relaxation,14,5,2,80,0.17890834157140376,0.1830083510203273,0.004100009448923553
thermal_relaxation_02,thermal_relaxation,8,3,1,20,0.23031475151830197,0.21873057219417946,-0.011584179324122507
thermal_relaxation_02,thermal_relaxation,8,3,1,80,0.25293437945794994,0.2568328721687373,0.003898492710787349
thermal_relaxation_02,thermal_relaxation,8,3,2,20,0.21979952223762908,0.21819809430603176,-0.0016014279315973157
thermal_relaxation_02,thermal_relaxation,8,3,2,80,0.19154207405071397,0.174169683067857,-0.017372390982856978
thermal_relaxation_02,thermal_relaxation,10,3,1,20,0.25733512563571687,0.2528844334279317,-0.004450692207785156
thermal_relaxation_02,thermal_relaxation,10,3,1,80,0.1585241736241,0.1614984262674722,0.0029742526433721994
thermal_relaxation_02,thermal_relaxation,10,3,2,20,0.1904533803942794,0.1994516109572627,0.008998230562983295
thermal_relaxation_02,thermal_relaxation,10,3,2,80,0.1876549277520578,0.2526962521826814,0.06504132443062358
thermal_relaxation_02,thermal_relaxation,12,3,1,20,0.25422656932963233,0.23452453070689191,-0.01970203862274042
thermal_relaxation_02,thermal_relaxation,12,3,1,80,0.2039635695161047,0.21698916906482238,0.013025599548717681
thermal_relaxation_02,thermal_relaxation,12,3,2,20,0.18204938781318392,0.19663652362693637,0.014587135813752455
thermal_relaxation_02,thermal_relaxation,12,3,2,80,0.2150964792774722,0.20786422391500578,-0.007232255362466411
thermal_relaxation_02,thermal_relaxation,14,3,1,20,0.22170440859192875,0.21922838758580232,-0.0024760210061264276
thermal_relaxation_02,thermal_relaxation,14,3,1,80,0.2048843322278362,0.2075631923425736,0.0026788601147373914
thermal_relaxation_02,thermal_relaxation,14,3,2,20,0.20638929433347938,0.19261402099273583,-0.013775273340743549
thermal_relaxation_02,thermal_relaxation,14,3,2,80,0.20025045973042396,0.19777519883728892,-0.002475260893135045
thermal_relaxation_02,thermal_relaxation,14,5,1,20,0.2158952830904326,0.20596548293766284,-0.009929800152769758
thermal_relaxation_02,thermal_relaxation,14,5,1,80,0.2286274083270821,0.2390648464278888,0.010437438100806717
thermal_relaxation_02,thermal_relaxation,14,5,2,20,0.18674885010307943,0.206618996716148,0.019870146613068573
thermal_relaxation_02,thermal_relaxation,14,5,2,80,0.2208490266418702,0.22411972349167195,0.0032706968498017464
thermal_relaxation_03,thermal_relaxation,8,3,1,20,0.22485547216077303,0.22531102726947425,0.0004555551087012111
thermal_relaxation_03,thermal_relaxation,8,3,1,80,0.31036414356827474,0.2994549434569952,-0.010909200111279549
thermal_relaxation_03,thermal_relaxation,8,3,2,20,0.2671984467595358,0.29143477916548893,0.02423633240595313
thermal_relaxation_03,thermal_relaxation,8,3,2,80,0.2542579451647986,0.2377493493099735,-0.016508595854825114
thermal_relaxation_03,thermal_relaxation,10,3,1,20,0.22731376871163853,0.22920478198453234,0.0018910132728938156
thermal_relaxation_03,thermal_relaxation,10,3,1,80,0.24586551606257012,0.2529632291906131,0.007097713128042971
thermal_relaxation_03,thermal_relaxation,10,3,2,20,0.22653502748951374,0.2196306204684895,-0.006904407021024239
thermal_relaxation_03,thermal_relaxation,10,3,2,80,0.21750749746202735,0.25095769070354945,0.0334501932415221
thermal_relaxation_03,thermal_relaxation,12,3,1,20,0.30510712503789666,0.2803047081000928,-0.024802416937803884
thermal_relaxation_03,thermal_relaxation,12,3,1,80,0.22033215110697602,0.2167947234530374,-0.0035374276539386074
thermal_relaxation_03,thermal_relaxation,12,3,2,20,0.2282058314011294,0.2503847093136749,0.022178877912545497
thermal_relaxation_03,thermal_relaxation,12,3,2,80,0.22981107441044124,0.23815772316000214,0.008346648749560898
thermal_relaxation_03,thermal_relaxation,14,3,1,20,0.18556567662804957,0.16234560106787496,-0.023220075560174608
thermal_relaxation_03,thermal_relaxation,14,3,1,80,0.20562789705378828,0.21708186955268668,0.011453972498898402
thermal_relaxation_03,thermal_relaxation,14,3,2,20,0.220145428779397,0.19233947401595072,-0.027805954763446272
thermal_relaxation_03,thermal_relaxation,14,3,2,80,0.15212222516555107,0.16886097455470303,0.016738749389151958
thermal_relaxation_03,thermal_relaxation,14,5,1,20,0.16799868193956372,0.17118892227140955,0.0031902403318458394
thermal_relaxation_03,thermal_relaxation,14,5,1,80,0.24462867457518242,0.24578939414306453,0.001160719567882107
thermal_relaxation_03,thermal_relaxation,14,5,2,20,0.2067169433014494,0.18429529915115306,-0.02242164415029635
thermal_relaxation_03,thermal_relaxation,14,5,2,80,0.18796592184496877,0.20574184950333718,0.017775927658368412
thermal_relaxation_04,thermal_relaxation,8,3,1,20,0.21976049229065323,0.2222471351910027,0.0024866429003494728
thermal_relaxation_04,thermal_relaxation,8,3,1,80,0.25992664890701794,0.2352036176355414,-0.024723031271476542
thermal_relaxation_04,thermal_relaxation,8,3,2,20,0.18568391842782184,0.160518642463108,-0.025165275964713824
thermal_relaxation_04,thermal_relaxation,8,3,2,80,0.14375204448843007,0.19897893961772092,0.055226895129290854
thermal_relaxation_04,thermal_relaxation,10,3,1,20,0.20696510962387196,0.227646430014658,0.020681320390786045
thermal_relaxation_04,thermal_relaxation,10,3,1,80,0.190487440866235,0.19867529578300688,0.008187854916771875
thermal_relaxation_04,thermal_relaxation,10,3,2,20,0.17305847508563252,0.20517164849335193,0.03211317340771941
thermal_relaxation_04,thermal_relaxation,10,3,2,80,0.2428311777970826,0.24598725371004193,0.0031560759129593274
thermal_relaxation_04,thermal_relaxation,12,3,1,20,0.21458466150982994,0.2145946964803133,1.0034970483352446e-05
thermal_relaxation_04,thermal_relaxation,12,3,1,80,0.21432316705317525,0.21724078544010228,0.002917618386927029
thermal_relaxation_04,thermal_relaxation,12,3,2,20,0.25393263327674376,0.2609503503697829,0.007017717093039166
thermal_relaxation_04,thermal_relaxation,12,3,2,80,0.18153351081614377,0.17214952983587725,-0.00938398098026652
thermal_relaxation_04,thermal_relaxation,14,3,1,20,0.22260496884837314,0.22023697523518015,-0.0023679936131929813
thermal_relaxation_04,thermal_relaxation,14,3,1,80,0.20294882335141992,0.20867232000389904,0.005723496652479121
thermal_relaxation_04,thermal_relaxation,14,3,2,20,0.25596320096418657,0.24959596126470798,-0.006367239699478583
thermal_relaxation_04,thermal_relaxation,14,3,2,80,0.18660776946379407,0.1683064700268774,-0.018301299436916663
thermal_relaxation_04,thermal_relaxation,14,5,1,20,0.20387548983681347,0.21988218296784967,0.016006693131036198
thermal_relaxation_04,thermal_relaxation,14,5,1,80,0.22505933928076957,0.2220492821478234,-0.0030100571329461645
thermal_relaxation_04,thermal_relaxation,14,5,2,20,0.2312336552099444,0.21087627257581062,-0.02035738263413378
thermal_relaxation_04,thermal_relaxation,14,5,2,80,0.20556209949546633,0.22324623889843917,0.017684139402972837
